filename,acne,dark circle,darkspot,dry,normal skin,oily,pores,skin redness,wrinkle
dry-113-_jpg.rf.b257d6977c14457b60b8665045671a41.jpg,0,0,0,1,0,0,0,0,0
Condition-Rosacea_jpg.rf.fb5dd1961e6fe485013175ce999a3c3d.jpg,0,0,0,0,0,0,0,1,0
Berminyak211_jpg.rf.22526a47c58d6f4148b05a4928299089.jpg,0,0,0,1,0,0,0,0,0
berminyak__-12-_jpg.rf.297fb381b3163826e36927911d82a64a.jpg,0,0,0,1,0,0,0,0,0
berminyak__-34-_jpg.rf.827595ff3010dac765f18717ffbbfd9b.jpg,0,0,0,1,0,0,0,0,0
Image_11_jpg.rf.bb5630dd0b1beebf918681ed7a157c25.jpg,1,0,0,0,0,0,0,0,0
Berminyak-27-_JPG_jpg.rf.054e8be8da38292c27bfd0b8309946cd.jpg,0,0,0,0,0,1,0,0,0
dry4_jpg.rf.919b3be5200b94fdd88af5e072427e03.jpg,0,0,0,1,0,0,0,0,0
dry7_jpg.rf.caee7634375d52b30b5e9cdc6393185f.jpg,0,0,0,1,0,0,0,0,0
Berminyak28_jpg.rf.ff69b801d0427396eb0436f912dd7012.jpg,0,0,0,0,0,1,0,0,0
dry6_jpg.rf.e30f883e0091c06838508e8b0458b9a3.jpg,0,0,0,1,0,0,0,0,0
Berminyak45_jpg.rf.4be6c748f57a4a27fd275779959152bf.jpg,0,0,0,0,0,1,0,0,0
c0500787-800px-wm_jpg.rf.bcf5ba011c2ccb7c9b619f891e983026.jpg,0,0,0,0,0,0,0,1,0
Berminyak302_jpg.rf.fc454c4332f9400837e5c3379aac2c48.jpg,0,0,0,0,0,1,0,0,0
Image_17_jpg.rf.30e8959536f856d5e11cf6ced158c520.jpg,0,0,0,0,0,1,0,0,0
dry-112-_jpg.rf.acba2243ee177534d32867e5fb80bc9e.jpg,0,0,0,1,0,0,0,0,0
berminyak__-23-_jpg.rf.192348bec6951ff8cfe4b8fe8cac274e.jpg,0,0,0,1,0,0,0,0,0
Image_16_jpeg_jpg.rf.5b062a16258e2adf72feb274326cc7ec.jpg,0,0,0,0,0,1,0,0,0
dry31_jpg.rf.8b6cc130244fa13a1dd573255303ab8c.jpg,0,0,0,1,0,0,0,0,0
berminyak__-27-_jpg.rf.2c7641850b236946cbf065ec3df5e28b.jpg,0,0,0,1,0,0,0,0,0
Image_112_jpg.rf.361d1990aa0866a848e017fc0e6cebf1.jpg,0,0,1,0,0,0,0,0,0
Image_115_jpg.rf.b4b093c5ad2c5c1431da53bae7351efd.jpg,0,0,0,0,0,1,0,0,0
Image_24_jpg.rf.4ca5e334259fed140def61e640d1fdbc.jpg,0,0,1,0,0,0,0,0,0
Image_115_jpg.rf.3d3f4b3f5d21e7b57f1082f8d2a4daf5.jpg,0,1,0,0,0,0,0,0,0
berminyak__-20-_jpg.rf.d794f0da4c34a82c8b5fc380dc9790bc.jpg,0,0,0,1,0,0,0,0,0
Berminyak-12-_jpg.rf.d8095a7e4bb101a180bf4d6f3b721660.jpg,0,0,0,0,0,1,0,0,0
Image_29_jpg.rf.b14ad2caa3ce8e011b8ec796d54afd15.jpg,0,1,0,0,0,0,0,0,0
download-1-_jpg.rf.c45e2d0191f7948b6518223b758ef65a.jpg,0,1,0,0,0,0,0,0,0
berminyak__-26-_jpg.rf.230cbdec2119aa6c1903b725a2177360.jpg,0,0,0,1,0,0,0,0,0
Image_122_jpg.rf.62867ea4f1bb024fe30b3ce19baa73b2.jpg,0,0,0,1,0,0,0,0,0
berminyak__-22-_jpg.rf.f60c801b2978f22e48221fa3541997e9.jpg,0,0,0,1,0,0,0,0,0
berminyak__-19-_jpg.rf.df603da0a510d772168aaf66556c8f7e.jpg,0,0,0,1,0,0,0,0,0
Image_34_jpg.rf.ec980847353c4b117439da50b9af433b.jpg,1,0,0,0,0,0,0,0,0
dry-166-_jpg.rf.fba9b5462a7d3e283ae15ab49884550b.jpg,0,0,0,0,0,1,0,0,0
dry-108-_jpg.rf.2d533a64748c5f40de01d4544ec2d1fe.jpg,0,0,0,1,0,0,0,0,0
berminyak__-2-_jpg.rf.203deb306d4ab843ff535e5feebc3865.jpg,0,0,0,1,0,0,0,0,0
da-bi-kich-ung_9b3f3875_d7b1_4c14_b67c_5e6434550409_jpg.rf.de7d98da4e957fefd1f5b63aaab1f4a1.jpg,0,0,0,0,0,0,0,1,0
Image_121_png_jpg.rf.a03c8de1961c701db4c67f0e5aa0d63f.jpg,0,1,0,0,0,0,0,0,0
berminyak__-38-_jpg.rf.16f2865dfe9293decb4bbedec7881842.jpg,0,0,0,1,0,0,0,0,0
dry-117-_jpg.rf.3ef9d67aec714efabef1d2e1255cbe55.jpg,0,0,0,1,0,0,0,0,0
dry-skin_10_jpeg_jpg.rf.002ed684813981f9f9ec21086a3ba7c9.jpg,0,0,0,1,0,0,0,0,0
Image_14_jpg.rf.f34cae41f32c93180c0b458b26c88d1d.jpg,0,0,0,0,0,1,0,0,0
Image_112_jpg.rf.c7e26956cb14b1aad6e722f1cc558392.jpg,0,0,0,0,0,1,0,0,0
Image_65_jpg.rf.13d7810ea28c80cca7af207b4ab387d4.jpg,0,0,1,0,0,0,0,0,0
Image_14_JPG_jpg.rf.d9e7a4586ddbddd58d737daea0a336f5.jpg,1,0,0,0,0,0,0,0,0
berminyak__-41-_jpg.rf.430765f93e294af296c235590cf54bf0.jpg,0,0,0,0,0,1,0,0,0
c3bf013ac75c78c5d78fc8f7277af52f_jpg.rf.7f3da24bec36c4d18cd5fa1f6b914678.jpg,0,0,0,1,0,0,0,0,0
berminyak__-3-_jpg.rf.df8180e45897f70e7c8a9005039e43f0.jpg,0,0,0,1,0,0,0,0,0
Image_35_jpg.rf.0144f6dbca65b890f91aec19db915b5d.jpg,0,0,1,0,0,0,0,0,0
Image_27_jpg.rf.179d531d6841e581e9309b00f6974951.jpg,0,0,1,0,0,0,0,0,0
da-mong-noi-mach-mau-1-2_png_jpg.rf.1fa0be190e96d1da6781dc1f2cebf3c8.jpg,0,0,0,0,0,0,0,1,0
Image_111_jpg.rf.972f6332156dd256c64c832d74461f53.jpg,1,0,0,0,0,0,0,0,0
berminyak__-40-_jpg.rf.dc290071ffe3d65b972991bb98aa7aec.jpg,0,0,0,1,0,0,0,0,0
Berminyak295_jpg.rf.c9b2bf6e857d06485d51c423752acf33.jpg,0,0,0,0,0,1,0,0,0
berminyak__-24-_jpg.rf.a9a76fdfeeb5e575a52b0ea944f0932a.jpg,0,0,0,1,0,0,0,0,0
Image_117_jpg.rf.bdf259304af4ff96037e009b4547fb8e.jpg,0,1,0,0,0,0,0,0,0
Berminyak96_jpg.rf.3330d1c01641a7040aaf6fbdce63e46c.jpg,0,0,0,0,0,1,0,0,0
Image_158_jpg.rf.3636d31607fdf74a1e68ecdcfa94e38d.jpg,0,1,0,0,0,0,0,0,0
Image_111_jpg.rf.3596dc2f80a7e72713aafa3c63a0678a.jpg,1,0,0,0,0,0,0,0,0
Image_34_jpg.rf.88f8da5595bc301343f8582a35163095.jpg,1,0,0,0,0,0,0,0,0
chung-do-mat2_jpg.rf.6cb538cb6e16a5931609f3d2b25fa4e9.jpg,0,0,0,0,0,0,0,1,0
dry-258-_jpg.rf.934c1c05c41d6b4962311a187a9ce062.jpg,0,0,0,0,0,0,1,0,0
Image_150_jpg.rf.0e95219158b07435d586161bd65e6285.jpg,0,0,1,0,0,0,0,0,0
dry-skin_116_jpeg_jpg.rf.72ca7179fa12abfcf107d720c83d77e4.jpg,0,0,0,1,0,0,0,0,0
berminyak__-39-_jpg.rf.dcd249721e4e020914fe87e0eee1e3d0.jpg,0,0,0,0,0,1,0,0,0
berminyak__-36-_jpg.rf.c1de4569df594a768cceaae5fb9003ce.jpg,0,0,0,1,0,0,0,0,0
Image_57_jpg.rf.fc82734a0204f0c731a3eb2e41645c69.jpg,0,1,0,0,0,0,0,0,0
Image_34_jpg.rf.04fa9ecdfcf295b347d2fdd70ccf1f04.jpg,0,0,0,0,0,1,0,0,0
Image_29_jpg.rf.659303ebab70451e4a9b8f1a5c834f34.jpg,0,0,0,1,0,0,0,0,0
Berminyak9_jpg.rf.848893763dd1667ca019652787b6c7f7.jpg,0,0,0,0,0,1,0,0,0
berminyak__-10-_jpg.rf.518ec86e372ecb8083ce6188d704a0af.jpg,0,0,0,1,0,0,0,0,0
Image_20_jpg.rf.519c84bb2e5d2741ccabbee4d2fdcd2f.jpg,1,0,0,0,0,0,0,0,0
Image_119_jpg.rf.d8b515c6a05be0cfff74fb544d1be603.jpg,0,1,0,0,0,0,0,0,0
Image_102_jpg.rf.b4bc2f4d9b26e85f490731a284152eb9.jpg,0,0,1,0,0,0,0,0,0
image_jpg.rf.7059113a156c565deb8262c1466d2273.jpg,0,0,0,0,0,0,0,1,0
Image_35_jpg.rf.03d8e9edf9dc5dc3f91228678e94af5a.jpg,1,0,0,0,0,0,0,0,0
berminyak__-35-_jpg.rf.5f371155e996a497188f5799f5b24268.jpg,0,0,0,1,0,0,0,0,0
dry-231-_jpg.rf.dca51b40f51a097dd2583ef4293d988d.jpg,1,0,0,0,0,0,1,0,0
Image_1_jpg.rf.9d1cc451da35484100b71efe342f830a.jpg,0,0,1,0,0,0,0,0,0
Image_9_jpg.rf.4538f40d01e18a2bb1036490d3ef5e81.jpg,1,0,0,0,0,0,0,0,0
berminyak__-37-_jpg.rf.258c45c3b77a95d98fb9563c6a897570.jpg,0,0,0,1,0,0,0,0,0
berminyak__-4-_jpg.rf.f1928e73ec5fc43d5f433c1e04984c21.jpg,0,0,0,1,0,0,0,0,0
Image_123_jpg.rf.1627524a01e14eb8cd7e2c957146e9f2.jpg,1,0,0,0,0,0,0,0,0
Image_1_jpg.rf.9c60108cb5e01ffd2be1de4437750457.jpg,1,0,0,0,0,0,0,0,0
Image_20_jpg.rf.b585a0bec14dead909ae369e1e09a3ad.jpg,0,0,1,0,0,0,0,0,0
da-mat-bi-rat-khong-ro-nguyen-nhan-1_jpg.rf.122735453925fe7b48daea0a292a6b46.jpg,0,0,0,0,0,0,0,1,0
da-mat-bi-do-rat-va-ngua-600x400_jpg.rf.8d1d5d4639dc9b5085c14c11de1b6880.jpg,0,0,0,0,0,0,0,1,0
Image_103_jpg.rf.7cc26a6952d3f7ddac5ed966ad48261b.jpg,0,0,1,0,0,0,0,0,0
dry-243-_jpg.rf.b76f24ed6e1bb3fe8cbe1376a507b59b.jpg,0,0,0,1,0,0,0,0,0
Image_65_png_jpg.rf.a221ad3d1ca48ce1a398b808ec96a254.jpg,1,0,0,0,0,0,0,0,0
Image_14_jpg.rf.e0823d7e6b469546d01fa388bb1de28f.jpg,0,0,1,0,0,0,0,0,0
Image_13_jpg.rf.c111271b9e15154027094ff2d1d9e1a7.jpg,1,0,0,0,0,0,0,0,0
Image_58_jpeg_jpg.rf.490b8c635d196e7d234a2823cf4031cc.jpg,1,0,0,0,0,0,0,0,0
Image_111_jpg.rf.20961c4664bbfffc1cd4f8a942febf26.jpg,0,0,1,0,0,0,0,0,0
Image_10_jpg.rf.5247ee414589860b093c10aefe0882b0.jpg,1,0,0,0,0,0,0,0,0
Image_60-1-_jpg.rf.539bb102c3d7e6e9b8c6605d6d69f0be.jpg,1,0,0,0,0,0,0,0,0
Image_58_jpg.rf.81f13987ed2dc8223f4a4f052c0c842e.jpg,0,1,0,0,0,0,0,0,0
Image_57_jpg.rf.dddfcd13ce4cedf826eb8879f3c5571b.jpg,1,0,0,0,0,0,0,0,0
Image_22_jpeg_jpg.rf.564aea5b007354e13cacbfb524e85597.jpg,0,0,1,0,0,0,0,0,0
Image_21_jpg.rf.9393dfcddebc16af690b7df2e7028c32.jpg,0,0,1,0,0,0,0,0,0
Image_39_jpeg_jpg.rf.f20b3bc4b18fd07ee9ce8bb8fd6921d4.jpg,0,0,0,0,0,1,0,0,0
Image_36_jpg.rf.2beac02ec0aa8d6969a713bcd4d53afc.jpg,0,0,0,0,0,1,0,0,0
Image_146_jpg.rf.470a82a2adf2143a3d0ea60f74bd74be.jpg,0,1,0,0,0,0,0,0,0
Berminyak88_jpg.rf.20d363324481b2bf1567f5cfd3736c9f.jpg,0,0,0,1,0,0,0,0,0
Image_38_jpg.rf.f91ae7c4e6d2900495a67811e6cdacdd.jpg,1,0,0,0,0,0,0,0,0
istockphoto-1214062242-170667a_jpg.rf.73b4f6672404de5b13623f6693b6b834.jpg,0,0,0,0,0,0,0,1,0
Image_49_jpg.rf.3d513fee221d92bde93c746152110b05.jpg,0,0,0,1,0,0,0,0,0
Image_23_jpg.rf.a9e2966a2855e00a25eb2755a9cea724.jpg,1,0,0,0,0,0,0,0,0
IMG_6807_JPG_jpg.rf.961cc87b5b9a9709cff7e78d97ef3b4a.jpg,0,0,0,0,0,1,0,0,0
istockphoto-527033884-612x612_jpg.rf.cf2a54d0fbaeab9b0a18f34614c6d1c8.jpg,0,1,0,0,0,0,0,0,0
Image_38_jpg.rf.5c8493489926b0c68fbb09a9bab4ccf2.jpg,0,0,0,0,0,1,0,0,0
Image_145_png_jpg.rf.9dcbd9caa7715b6fad0e8ecdae4f541a.jpg,0,0,0,1,0,0,0,0,0
Image_148_jpg.rf.66918af87e0f68ed385722d990108873.jpg,0,0,1,0,0,0,0,0,0
Image_2_jpg.rf.7a8c1792531c71599143dcbe483a9f30.jpg,1,0,0,0,0,0,0,0,0
Img_82_jpg.rf.bc7cd2040ba141cef7c1582521219fea.jpg,0,1,0,0,0,0,0,0,0
dry-236-_jpg.rf.511f66c116acebc3cee0b29279b57342.jpg,0,0,0,1,0,0,0,0,0
Image_140_jpg.rf.d9a074a80701cd9c75f117498589286c.jpg,0,0,0,1,0,0,0,0,0
dry-skin_13_jpeg_jpg.rf.6767bcbbecd981e2ed17bd4a9172eead.jpg,0,0,0,1,0,0,0,0,0
dry-233-_jpg.rf.8b6687d03c37fc4c6c360683d5e8af9d.jpg,0,0,0,0,0,0,1,0,0
Image_40_jpg.rf.3b4e26197e63c26a8c570af784924fdf.jpg,0,1,0,0,0,0,0,0,0
Image_68_jpg.rf.99d52088788bb35f0c236d4a1f42f8a2.jpg,0,0,0,0,0,1,0,0,0
Image_99_jpg.rf.56f2005776727258e458788f8bbb1650.jpg,0,0,1,0,0,0,0,0,0
Image_46_jpg.rf.c0ecf46ccc901a8de11440dc6edabb53.jpg,1,0,0,0,0,0,0,0,0
Image_5_jpg.rf.43231e01398e8be804b4aa94d5f7d6a4.jpg,0,1,0,0,0,0,0,0,0
Image_108_jpg.rf.fd315eeaa68010f000f3c01b9747bf55.jpg,0,0,1,0,0,0,0,0,0
Image_147_jpg.rf.b5a3120acb1f709f67db82db1b90dd37.jpg,0,0,0,0,0,1,0,0,0
kering-29-_jpg.rf.63930c19ac5ae32dc36ece8457db4770.jpg,0,0,0,1,0,0,0,0,0
Image_46_jpg.rf.17485aa79b42a0ef3929ca638fc923ef.jpg,0,0,1,0,0,0,0,0,0
Image_60_jpg.rf.765dcce1a91657ed6a4e7c3b5064d584.jpg,0,0,0,1,0,0,0,0,0
Image_13_jpg.rf.f87d56d6bdb76fa597b65e277c7035d4.jpg,1,0,0,0,0,0,0,0,0
Image_58_jpg.rf.08162cf3b5fa8934e5ee0655563dad11.jpg,1,0,0,0,0,0,0,0,0
Image_61-1-_jpg.rf.14fbbafa121c0e3d5596fa5182b70922.jpg,1,0,0,0,0,0,0,0,0
Image_98_jpg.rf.04d2cfc0f843350954dda56d01cd5e94.jpg,0,0,0,0,0,1,0,0,0
Kering-3-_jpeg_jpg.rf.e3c15451bf45267e5e8abfe67c3bebe5.jpg,0,0,0,1,0,0,0,0,0
Image_145_jpg.rf.c751139eff42b0c87081550a0da6a3c5.jpg,1,0,0,0,0,0,0,0,0
Image_110_jpg.rf.4ebceaf6a44845a7b0979d23566d8b85.jpg,0,0,0,0,0,1,0,0,0
Image_125_png_jpg.rf.895a53ae35ec63151935f06a65439065.jpg,1,0,0,0,0,0,0,0,0
Image_46_jpg.rf.0886eb124813a0e37f2f17ce7fd53abd.jpg,1,0,0,0,0,0,0,0,0
Image_36_jpg.rf.b6033322c2699b7ce1949f1e39f04949.jpg,0,1,0,0,0,0,0,0,0
Image_59_jpg.rf.dcbd158a757a949f6965fd718acd0d91.jpg,0,0,1,0,0,0,0,0,0
Image_49-1-_jpg.rf.9792494e22759ec33a2305a4177efc7e.jpg,1,0,0,0,0,0,0,0,0
Image_49_jpg.rf.a0fd16cc1fef3260fa76d3197fdedd3c.jpg,0,1,0,0,0,0,0,0,0
Image_98_jpeg_jpg.rf.66a04131b52e78decb54cf0d51cc60e0.jpg,0,1,0,0,0,0,0,0,0
Image_60_jpg.rf.7ea3c37d8a9c94a6cdfb052245d46d29.jpg,1,0,0,0,0,0,0,0,0
Image_5_png_jpg.rf.06369c689285c9ce4c7765b58854bd3c.jpg,1,0,0,0,0,0,0,0,0
Kering-17-_JPG_jpg.rf.e5004823cb2493a7aa369a4b0e7f5cb2.jpg,0,0,0,1,0,0,0,0,0
Image_99_jpg.rf.744320768a5249d1cc1f50d40d3b5366.jpg,0,1,0,0,0,0,0,0,0
Image_3_jpg.rf.bb2c2df4dc5772be2449f449eeab7182.jpg,1,0,0,0,0,0,0,0,0
Image_61_jpg.rf.c88776ee1a85da0524f56a4ef0d327b5.jpg,1,0,0,0,0,0,0,0,0
kering-47-_jpg.rf.7bfd7564c8b423d3404943cdff52e75b.jpg,0,0,0,1,0,0,0,0,0
Kering-29-_jpg.rf.5898a73ca316a9332132e59c0b7a442f.jpg,0,0,0,1,0,0,0,0,0
Image_82_jpg.rf.2ac614788d3ea93ba0481375235c8502.jpg,0,0,0,0,0,1,0,0,0
Image_130_jpg.rf.d0b5b7d3272993cbfcde09be1452a517.jpg,0,1,0,0,0,0,0,0,0
Image_134_jpg.rf.47078e274b96f52c3649e0217829753c.jpg,1,0,0,0,0,0,0,0,0
Image_54_jpg.rf.84e1fcd0b9be3938bea7a7cbc2b81b56.jpg,1,0,0,0,0,0,0,0,0
Image_5_jpg.rf.cdf7d6d086bbbcb3ebfbebba7d0ae079.jpg,1,0,0,0,0,0,0,0,0
Image_33_jpg.rf.fcd948de3c48f215662b4b86f426a913.jpg,0,1,0,0,0,0,0,0,0
Image_53_jpg.rf.d4e78b9d87f4fe42005d528206e049e1.jpg,0,0,0,0,0,1,0,0,0
kering-30-_jpg.rf.54a0bd81b5d121bedc8dfce1339e031c.jpg,0,0,0,1,0,0,0,0,0
Image_81_jpg.rf.a6c4b46280b8998c3f601f4a9473d7b3.jpg,0,0,0,0,0,1,0,0,0
kering-49-_jpg.rf.fca424560942c9ce5454c4429b51926a.jpg,0,0,0,1,0,0,0,0,0
Image_148_jpg.rf.94c200b6ee058397aeab7cefd2bce5a8.jpg,0,1,0,0,0,0,0,0,0
dry-skin_118_jpeg_jpg.rf.d542c3c361f41a8f395c140d233fd2ab.jpg,0,0,0,1,0,0,0,0,0
Image_69_jpg.rf.ad7af1abe02d49a48309effe81c64da5.jpg,1,0,0,0,0,0,0,0,0
Image_50_jpg.rf.f1b570ad9ba2f5137be853514ff1320a.jpg,1,0,0,0,0,0,0,0,0
Kering-46-_jpg.rf.f0886738342d79588ddfb6c27a176792.jpg,0,0,0,1,0,0,0,0,0
Image_39_jpg.rf.36755c66915d3774db8a651dc54179ac.jpg,0,0,1,0,0,0,0,0,0
Image_128_jpg.rf.ab5cb88d39b70c12ee0f46765b3acd0d.jpg,1,0,0,0,0,0,0,0,0
Image_64_jpg.rf.8b3a3740b67edd4d498a46782d63d396.jpg,1,0,0,0,0,0,0,0,0
Image_4_jpg.rf.7a0a6a7163ef9d3261b24dd3d75fd510.jpg,1,0,0,0,0,0,0,0,0
Image_4_jpg.rf.b291d0bd16ed936f5e222482b5b2c777.jpg,0,0,0,1,0,0,0,0,0
Image_137_jpg.rf.99aed47c7656c8222a2b9980c11bcf20.jpg,1,0,0,0,0,0,0,0,0
Kering-31-_jpeg_jpg.rf.e068ff0cef19b7652ffe149bdce6c431.jpg,0,0,0,1,0,0,0,0,0
kering-6-_jpg.rf.9dd9ab5dbabbde07e336939a067715c3.jpg,0,0,0,0,0,1,0,0,0
kering-3-_jpg.rf.9b7cea32bcc80c2121c0d06a5d9bd4f0.jpg,0,0,0,0,0,1,0,0,0
kering-59-_jpg.rf.58ea95563fa119878e0ef1b9f9e3405e.jpg,0,0,0,1,0,0,0,0,0
Kering-29-_jpeg_jpg.rf.d2df738adf453e1d4326e135bbf8c590.jpg,0,0,0,1,0,0,0,0,0
Image_38_jpg.rf.775b0a51c5bed92cb3bc15fc6cf639ea.jpg,1,0,0,0,0,0,0,0,0
Image_83_jpg.rf.2f59ef41e9ec944ee83f80ea2158b519.jpg,1,0,0,0,0,0,0,0,0
kering-18-_jpg.rf.af0a52786858664e81798a3e8451d726.jpg,0,0,0,1,0,0,0,0,0
Image_40_png_jpg.rf.d0e9a28c70c85ab652b8f7b48b2c3f97.jpg,0,0,1,0,0,0,0,0,0
Kering-18-_jpeg_jpg.rf.9cca510bcf7cfde65da111005057a2fa.jpg,0,0,0,1,0,0,0,0,0
kering-18-_jpg.rf.75cb0187a4223ce1aef2307897d46f21.jpg,0,0,0,1,0,0,0,0,0
Image_131_jpeg_jpg.rf.56f5c06858d55484457b2ba8ebff525f.jpg,1,0,0,0,0,0,0,0,0
kering-19-_jpg.rf.0c464dd2d32f4681bc57b21548f4045c.jpg,0,0,0,1,0,0,0,0,0
Image_70_jpg.rf.275a7839b0b52090676767638a8bcd04.jpg,1,0,0,0,0,0,0,0,0
Image_84_jpg.rf.8c3446c3272a84afa04616a1f4be882b.jpg,1,0,0,0,0,0,0,0,0
Kering-31-_jpg.rf.37326559456f5f86d3c9fcba9d89300e.jpg,0,0,0,1,0,0,0,0,0
Image_81_jpg.rf.94e04cfa008cece07729926101e115ca.jpg,1,0,0,0,0,0,0,0,0
Image_51_jpg.rf.4f9a4530920bef8468ecbe2a40458293.jpg,1,0,0,0,0,0,0,0,0
kering-17-_jpg.rf.c6accbdc2e0dcdbeff171b44af40f75c.jpg,0,0,0,1,0,0,0,0,0
Image_4_jpg.rf.beb79a5a8ecf6008a545bea19cb67933.jpg,1,0,0,0,0,0,0,0,0
Kering-17-_jpeg_jpg.rf.e6f5f598054dfca33255fc40c5acd45e.jpg,0,0,0,1,0,0,0,0,0
Image_41_jpg.rf.c4d226d94057eb424f6c9b80b0c22d37.jpg,1,0,0,0,0,0,0,0,0
Image_131_png_jpg.rf.73eb08f8993f9deb2de93ffacf0338ca.jpg,0,0,0,1,0,0,0,0,0
Image_44_jpg.rf.7f2ad1e17c8674253e68a41d60a0fbe6.jpg,1,0,0,0,0,0,0,0,0
kering-3-_jpg.rf.8017b32c01ec24ddd59c7760feb3241c.jpg,0,0,0,1,0,0,0,0,0
Image_82_jpg.rf.520f08ea8e7ba00d5dc6d21221dc184c.jpg,1,0,0,0,0,0,0,0,0
kering-32-_jpg.rf.cdde35157aac27d69bba0b142f69aaee.jpg,0,0,0,1,0,0,0,0,0
kering-30-_jpg.rf.e133e951d9ebca150a049307a9de36b4.jpg,0,0,0,1,0,0,0,0,0
Image_131_jpg.rf.96406386ba66edf44e68020843509681.jpg,0,0,0,0,0,1,0,0,0
kering-49-_jpg.rf.92a52300eb6ea75a5fa94bb8b0a92f02.jpg,0,0,0,1,0,0,0,0,0
Kering-12-_jpeg_jpg.rf.b7620d4a7b8b48e35151e28233ad4813.jpg,0,0,0,1,0,0,0,0,0
Image_56_jpg.rf.09e5dec4d8e331fbabf0c5d35362e2b1.jpg,0,0,1,0,0,0,0,0,0
Image_137_jpg.rf.37264c1ada5d4830e5f67db8d83fe569.jpg,0,0,0,1,0,0,0,0,0
kering-45-_jpg.rf.c24055f51c3b2f7dd18e76d51cd58851.jpg,0,0,0,1,0,0,0,0,0
kering-45-_JPG_jpg.rf.33dcff3102fde0896d677795819947ce.jpg,0,0,0,0,0,1,0,0,0
kering-29-_jpg.rf.59af47f7d70d7d15b2f88fd051a7199f.jpg,0,0,0,1,0,0,0,0,0
kering-45-_jpg.rf.e8f9a9d7fe40f833698b5f90e6a1d555.jpg,0,0,0,1,0,0,0,0,0
kering-6-_jpg.rf.7af474293bf786131ad712083c629977.jpg,0,0,0,1,0,0,0,0,0
Kering-6-_jpeg_jpg.rf.9aa139df2f742bb30570aa9f2b78ac72.jpg,0,0,0,1,0,0,0,0,0
Kering-19-_jpeg_jpg.rf.bdeff758c0af2e0585633fe261237db6.jpg,0,0,0,1,0,0,0,0,0
Image_136_jpg.rf.6fd0acd024e7920735ab36fc7b6b653a.jpg,0,0,0,0,0,1,0,0,0
kering-46-_jpg.rf.d2622942b0991b0d957f66e8cfb3fd3e.jpg,0,0,0,1,0,0,0,0,0
Image_84_jpg.rf.ed72ce959f9bf254502264a8e441879b.jpg,1,0,0,0,0,0,0,0,0
Kering-6-_JPG_jpg.rf.3a8fa6d5c08e91642d6b9e808d13db78.jpg,0,0,0,1,0,0,0,0,0
Image_86_png_jpg.rf.9c589720e8fdc39b91a9734f36c513f3.jpg,0,1,0,0,0,0,0,0,0
kering-31-_jpg.rf.909bc8390c93f5bd87815d6fea1191d6.jpg,0,0,0,1,0,0,0,0,0
Kering-25-_jpeg_jpg.rf.af32afdd3336bbafac57c7ad6161e124.jpg,0,0,0,1,0,0,0,0,0
Kering-32-_jpeg_jpg.rf.c181abf7e4c0a86fb2426fae22aa38bb.jpg,0,0,0,1,0,0,0,0,0
Image_72_jpg.rf.4ec2a04943fa2548d1be9ca7eeb77bbb.jpg,1,0,0,0,0,0,0,0,0
Kering-12-_JPG_jpg.rf.81834d39026bea268294aaddf2b12677.jpg,0,0,0,1,0,0,0,0,0
Kering-53-_jpg.rf.92012b12627d0978d7b5b938ff6100ce.jpg,0,0,0,1,0,0,0,0,0
Image_51_jpg.rf.506c9fee2de9934a70f124a496950c29.jpg,0,0,0,0,0,1,0,0,0
Kering-5-_jpeg_jpg.rf.16a9be49259b234b15b22107470eb172.jpg,0,0,0,1,0,0,0,0,0
Image_71_jpg.rf.6304bfbf4f0e24b077f1747c03f0603a.jpg,0,1,0,0,0,0,0,0,0
Image_94_jpg.rf.af71d852ba2d746157478b4b3fd9ff52.jpg,0,0,1,0,0,0,0,0,0
Image_42_jpg.rf.621dc260ce4afc7b9abd15ec7750c41c.jpg,0,0,0,1,0,0,0,0,0
kering-56-_jpg.rf.df03cb83df6239d66f807c2daac554fd.jpg,0,0,0,1,0,0,0,0,0
Image_74_jpg.rf.a2e5ff679f027fd351bdbd6baf641ba1.jpg,1,0,0,0,0,0,0,0,0
kering_-101-_jpg.rf.b2c3b3739069589f42c2a537d2432514.jpg,0,0,0,1,0,0,0,0,0
Kering-22-_jpg.rf.db397c346e517ee7a56cdcf15b308b97.jpg,0,0,0,1,0,0,0,0,0
Image_52_jpg.rf.57d7af22fdd993edc4386cbcdaffbbe4.jpg,0,1,0,0,0,0,0,0,0
Image_85_jpg.rf.508c9b8eb622450519a67a942bcfd425.jpg,1,0,0,0,0,0,0,0,0
Image_132_jpg.rf.c53266eb9eab252e087a583aa8fed0cd.jpg,0,1,0,0,0,0,0,0,0
Image_45_jpg.rf.5abd5ed644bd991e3dc2cb8f828eac71.jpg,0,1,0,0,0,0,0,0,0
Kering-24-_jpg.rf.7d8e9cfa7fb7794233a812d835f82d6d.jpg,0,0,0,1,0,0,0,0,0
Kering-25-_jpg.rf.b5821228b0464df4c929ea811cd724e0.jpg,0,0,0,1,0,0,0,0,0
Image_45_jpg.rf.8e7f7329ffdcbb3332e2c4c9852864f0.jpg,1,0,0,0,0,0,0,0,0
kering-24-_jpg.rf.46ddee638760928d1e431345373b8c78.jpg,0,0,0,1,0,0,0,0,0
Image_96_jpg.rf.48af0c5ef7e3f24cf5f7e78280b28989.jpg,1,0,0,0,0,0,0,0,0
Image_87_JPG_jpg.rf.92d9a9ba3c9200169541933e357c85d0.jpg,0,0,0,0,0,1,0,0,0
kering-12-_jpg.rf.67282e6af209956845b630ad2d561397.jpg,0,0,0,1,0,0,0,0,0
Image_71_jpg.rf.f4965d7377a06105fd7cf3ea0f575ef0.jpg,0,0,0,0,0,1,0,0,0
Kering-24-_jpeg_jpg.rf.865104cd12782972e926991784523e1c.jpg,0,0,0,1,0,0,0,0,0
Kering-23-_jpeg_jpg.rf.de5923c304260e8bf1effbfc85f77acd.jpg,0,0,0,1,0,0,0,0,0
Image_95_jpg.rf.da152db218fb3f596763752a1dc6d243.jpg,1,0,0,0,0,0,0,0,0
Image_97_jpg.rf.45e6e2d946d523b33f6ffe06f819526d.jpg,0,1,0,0,0,0,0,0,0
kering-23-_jpg.rf.25eb16a3adbadc56c6fad0f4f033adb8.jpg,0,0,0,1,0,0,0,0,0
Kering-34-_jpeg_jpg.rf.1184a773406337c96faf3871b7ac5f02.jpg,0,0,0,1,0,0,0,0,0
Image_87_png_jpg.rf.b2b5130cfa2ece23724226ee3f9d54e6.jpg,1,0,0,0,0,0,0,0,0
kering-2-_jpg.rf.7c28f02672fef58e4f39b9b36b6b4fec.jpg,0,0,0,1,0,0,0,0,0
Image_132_jpg.rf.6e4d11fede9cea85bc59b425328ab413.jpg,1,0,0,0,0,0,0,0,0
kering-20-_jpg.rf.7ff773227ebdb8dd104768408a4e484f.jpg,0,0,0,1,0,0,0,0,0
kering-32-_jpg.rf.2b15d5d3c66b28824159c510f6116a5f.jpg,0,0,0,1,0,0,0,0,0
kering-16-_jpg.rf.5fc8bb01fa8f617a035a11c070a05af3.jpg,0,0,0,1,0,0,0,0,0
Kering-27-_jpeg_jpg.rf.77f972be2d71ac72232e5fd87af29086.jpg,0,0,0,1,0,0,0,0,0
Kering-26-_jpg.rf.7601ff2bc79ee8d9e011405c3a88bceb.jpg,0,0,0,1,0,0,0,0,0
Kering-49-_jpg.rf.921516acbf98c6ef7a58660b1dac4409.jpg,0,0,0,1,0,0,0,0,0
kering_-102-_jpg.rf.3df7e1c277e0cfb529e87a8f5978fe62.jpg,0,0,0,1,0,0,0,0,0
Kering-8-_JPG_jpg.rf.c316f6d99dfd86ba36620a4e10cce180.jpg,0,0,0,1,0,0,0,0,0
Kering-11-_JPG_jpg.rf.637e1eb788dae2bd6a713efedfa0ddb3.jpg,0,0,0,1,0,0,0,0,0
Image_92_jpeg_jpg.rf.bd8b2f87bf690e5aa4a4347d8d1ffa64.jpg,1,0,0,0,0,0,0,0,0
kering-27-_jpg.rf.e7520a9898da86139904b97b69734ed5.jpg,0,0,0,1,0,0,0,0,0
Kering-3-_JPG_jpg.rf.819c4afecdad69f1114c0dd5cc58a000.jpg,0,0,0,1,0,0,0,0,0
kering-11-_jpg.rf.0f1a4e99a09456aa2b8300681a2f5487.jpg,0,0,0,1,0,0,0,0,0
kering-24-_jpg.rf.96e7b1d22a0c98883b30ae8f82f68038.jpg,0,0,0,1,0,0,0,0,0
kering-46-_jpg.rf.a6d739e60390bc38272d90299a7d5f84.jpg,0,0,0,1,0,0,0,0,0
kering-10-_jpg.rf.60b809a50127e17d257fa9b8ef2325c0.jpg,0,0,0,1,0,0,0,0,0
Image_7_jpeg_jpg.rf.927e8c4e3692fda01d108a99b4f630a2.jpg,1,0,0,0,0,0,0,0,0
kering_-103-_jpg.rf.c6836ad96a7115d6cbb4f5355fb69f41.jpg,0,0,0,1,0,0,0,0,0
Image_79_jpg.rf.262ff45d27ddc2e7befc7dcdabb54966.jpg,1,0,0,0,0,0,0,0,0
kering-33-_jpg.rf.dde08367a6b90a39b66772df27169202.jpg,0,0,0,1,0,0,0,0,0
kering-53-_jpg.rf.49fdc438307788bdc6525fa9d31d3473.jpg,0,0,0,1,0,0,0,0,0
Image_90_jpg.rf.9a05bc5486606c593a9257d76ca39bef.jpg,1,0,0,0,0,0,0,0,0
Kering-26-_jpeg_jpg.rf.0f68408cdc9807eaf4ec376a514f3d92.jpg,0,0,0,1,0,0,0,0,0
Image_7_jpg.rf.854a3554f6b944024ed566fa007f4890.jpg,1,0,0,0,0,0,0,0,0
Kering-7-_JPG_jpg.rf.3a6922dbdc0e588820be8ed306e19230.jpg,0,0,0,1,0,0,0,0,0
Image_78_jpg.rf.a4aecee1aa5a26241b047353c7414bfb.jpg,1,0,0,0,0,0,0,0,0
kering-25-_jpg.rf.163593400f31ffa3d76c0ec295c07c00.jpg,0,0,0,1,0,0,0,0,0
Image_8_jpg.rf.a273dd355b23232d7f75411b111f404f.jpg,0,0,0,0,0,1,0,0,0
Image_77_jpg.rf.915d7b5b025ea56abc83c4829dc04742.jpg,1,0,0,0,0,0,0,0,0
Kering-27-_jpg.rf.ad84418b9df18946818e3620ba932fcf.jpg,0,0,0,1,0,0,0,0,0
Kering-19-_JPG_jpg.rf.d416ab1a0e39f725ba8c67cfca54841d.jpg,0,0,0,1,0,0,0,0,0
Image_8_jpg.rf.a840475fe730fa10502e03fdcadc3d16.jpg,1,0,0,0,0,0,0,0,0
Image_78_jpg.rf.8ddfffd830a78f4abe2c2b3380a290ae.jpg,1,0,0,0,0,0,0,0,0
kering-42-_jpg.rf.1e02ad96a2eb6013f087634fbadcaef1.jpg,0,0,0,1,0,0,0,0,0
kering-57-_jpg.rf.e3cd64b696bc469d9bbdee1526b655b6.jpg,0,0,0,1,0,0,0,0,0
Image_8_jpg.rf.b491bd867999ac2b6f100066a62a9865.jpg,0,0,1,0,0,0,0,0,0
kering_-60-_jpg.rf.60cd7a1481b1b0541ea4bceb0567348b.jpg,0,0,0,1,0,0,0,0,0
kering-61-_jpg.rf.07416ac59203bcfefacd57583ae850fe.jpg,0,0,0,1,0,0,0,0,0
Kering-1-_jpeg_jpg.rf.13496eb9361a4abbe5f825c0856e85ad.jpg,0,0,0,1,0,0,0,0,0
Image_78_jpg.rf.4af6faa6a30af4bc7ab2ce8eb57887b3.jpg,0,0,0,0,0,1,0,0,0
istockphoto-638452020-612x612_jpg.rf.bc845518ec668b487cb8f7cad77359f1.jpg,0,1,0,0,0,0,0,0,0
kering-50-_jpg.rf.b1b1b4d7e82c4dd3f57656c1b6c3e31c.jpg,0,0,0,1,0,0,0,0,0
Kering-11-_jpeg_jpg.rf.5897fcd43b3a5d72c4c4dfb4c4178865.jpg,0,0,0,1,0,0,0,0,0
kering_-104-_jpg.rf.ad4107c764a48828ab462a64c1f7f366.jpg,0,0,0,1,0,0,0,0,0
Kering-5-_JPG_jpg.rf.dd4b474733ddf80c2985717effb66129.jpg,0,0,0,1,0,0,0,0,0
kering_-61-_jpg.rf.62230923953a1fc8a19319e6681b132a.jpg,0,0,0,1,0,0,0,0,0
Kering-20-_jpeg_jpg.rf.bd164a5a5ef894ad013929e4e4d8b272.jpg,0,0,0,1,0,0,0,0,0
kering-11-_jpg.rf.9e593f23369713daf670ba7f1d077154.jpg,0,0,0,1,0,0,0,0,0
Kering-22-_jpeg_jpg.rf.99f017507cadc6ae9c9098c28d636ad4.jpg,0,0,0,1,0,0,0,0,0
Image_94_jpg.rf.b979d309ef888e4e392c1b7d4e3171c2.jpg,1,0,0,0,0,0,0,0,0
kering-5-_jpg.rf.ead82689ec51612d16948e8443d44f46.jpg,0,0,0,1,0,0,0,0,0
kering-55-_jpg.rf.a4d2145745ab3335fa03f5b99c237d90.jpg,0,0,0,1,0,0,0,0,0
Image_75_jpg.rf.f212b9131812fb5399a1dc7480e02a72.jpg,1,0,0,0,0,0,0,0,0
kering_-6-_jpg.rf.cb62d0cee036ff83514840c1eac7d1bc.jpg,0,0,0,1,0,0,0,0,0
kering-5-_jpg.rf.cf5c6ca422076005c101883bb4eaf905.jpg,0,0,0,0,0,1,0,0,0
Kering-8-_jpeg_jpg.rf.b5ea2cf485fcad1c12d836cacff46e15.jpg,0,0,0,1,0,0,0,0,0
kering_-147-_jpg.rf.ce6408cb588ebc395f375e6ee33eea20.jpg,0,0,0,1,0,0,0,0,0
Kering-10-_JPG_jpg.rf.ba0eaf480971027a7c6c8555c9a6f68b.jpg,0,0,0,1,0,0,0,0,0
kering-1-_jpg.rf.496cbd857d7aa8d902706ee3abd19e41.jpg,0,0,0,1,0,0,0,0,0
kering-51-_jpg.rf.063799f86392d86a3ff2110ca395bac2.jpg,0,0,0,1,0,0,0,0,0
Kering-1-_JPG_jpg.rf.cbb836cdd16c308e26c10fef6de462aa.jpg,0,0,0,1,0,0,0,0,0
kering_-116-_jpg.rf.a8f4fa0aea36f070ae8fd6265c5cda6d.jpg,0,0,0,1,0,0,0,0,0
kering_-149-_jpg.rf.1906b985280de2cc458db965610bfb2c.jpg,0,0,0,1,0,0,0,0,0
kering_-146-_jpg.rf.1b8024e55ef4bffbed3b1ff429c0ee00.jpg,0,0,0,1,0,0,0,0,0
kering-2-_jpg.rf.149d2452392b95529c2e92cd71932fc4.jpg,0,0,0,1,0,0,0,0,0
Kering-28-_jpeg_jpg.rf.def89dfed8b7c21826e92231415bfe86.jpg,0,0,0,1,0,0,0,0,0
kering_-47-_jpg.rf.f6c346edbaa316cb5b0d21c561f96101.jpg,0,0,0,1,0,0,0,0,0
Kering-43-_jpg.rf.42c4c40526fffc47ab2a6be35da8068f.jpg,0,0,0,1,0,0,0,0,0
kering_-45-_jpg.rf.084dfd04d9ae16391d2a85ab265f1ada.jpg,0,0,0,1,0,0,0,0,0
kering-8-_jpg.rf.c1e4fbd5d89f1bd26e5f2e9f58069f39.jpg,0,0,0,1,0,0,0,0,0
kering-1-_jpg.rf.211eb2808a20ec3787928d2f808c3294.jpg,0,0,0,1,0,0,0,0,0
kering-88-_jpg.rf.3a33d2a12d73e0ae554b7263b262b131.jpg,0,0,0,0,0,1,0,0,0
kering-43-_jpg.rf.79c26aa61c384da8787743af03e9cb83.jpg,0,0,0,1,0,0,0,0,0
Kering-7-_jpeg_jpg.rf.426b00c39f973616396eb7d51db2651f.jpg,0,0,0,1,0,0,0,0,0
Image_92_jpg.rf.1ce9eb8af51ed85032603cdf182adf6e.jpg,0,0,0,1,0,0,0,0,0
kering_-7-_jpg.rf.bc4139e0260911a1383482e4eb18237f.jpg,0,0,0,1,0,0,0,0,0
kering_-123-_jpg.rf.165077393a327b0180fa9bbcd0ecfa77.jpg,0,0,0,1,0,0,0,0,0
kering-21-_jpg.rf.2fc0c6316e80be03f99af0420f6f5f67.jpg,0,0,0,1,0,0,0,0,0
kering-71-_jpg.rf.b032a56b28770e904f006422d77f76fc.jpg,0,0,0,0,0,1,0,0,0
kering_-43-_jpg.rf.bb0386b5f0e107628598de675133f7e2.jpg,0,0,0,1,0,0,0,0,0
kering_-40-_jpg.rf.c6b52d43c1bb87bcbd30c49beab79941.jpg,0,0,0,1,0,0,0,0,0
kering_-122-_jpg.rf.f6aaecfd6a5fab4a7a905e67ce28a71b.jpg,0,0,0,1,0,0,0,0,0
kering_-48-_jpg.rf.15357c1009c3813b11ce5f9836e8404e.jpg,0,0,0,1,0,0,0,0,0
kering_-119-_jpg.rf.6a873205482628fa6d979245f328afcd.jpg,0,0,0,1,0,0,0,0,0
kering-44-_jpg.rf.396286d0cd7dd10e8516e141890b7ccb.jpg,0,0,0,1,0,0,0,0,0
kering_-54-_jpg.rf.761f189b75499ca1295d9108ca11d8f5.jpg,0,0,0,1,0,0,0,0,0
kering-19-_jpg.rf.6ad32d79a3a84e50a5e0f0abb3f74425.jpg,0,0,0,1,0,0,0,0,0
Kering-9-_JPG_jpg.rf.cac0cb13f86abd664dff07557bca1924.jpg,0,0,0,1,0,0,0,0,0
Kering-52-_jpg.rf.fd68f6e6061dd5ff7603edc985cf2adb.jpg,0,0,0,1,0,0,0,0,0
Kering-13-_JPG_jpg.rf.630c8ff75dc56e234d762014ead77908.jpg,0,0,0,1,0,0,0,0,0
Kering-10-_jpeg_jpg.rf.3d47d26dfc309db57087efcd1c02d145.jpg,0,0,0,1,0,0,0,0,0
kering_-136-_jpg.rf.4276ed9885ff038672035408d60e7fae.jpg,0,0,0,1,0,0,0,0,0
kering_-76-_jpg.rf.13f00f7c758e5568281c3bdd314dc35b.jpg,0,0,0,1,0,0,0,0,0
kering_-121-_jpg.rf.0d37846973a8dc60a5fe3954bf4ab401.jpg,0,0,0,1,0,0,0,0,0
kering_-137-_jpg.rf.9b433d61def754eeb3123f143df1bd01.jpg,0,0,0,1,0,0,0,0,0
Kering-13-_jpeg_jpg.rf.ffcc3fe046e797319b27bb7955093357.jpg,0,0,0,1,0,0,0,0,0
kering_-57-_jpg.rf.32cc1958bf7ecfcca81ce051eb18f439.jpg,0,0,0,1,0,0,0,0,0
kering-28-_jpg.rf.f40c495ca6ba0ca287a85bd0e8f8960d.jpg,0,0,0,1,0,0,0,0,0
kering-8-_jpg.rf.a745a2920ff636662c9aae755436cd0b.jpg,0,0,0,1,0,0,0,0,0
kering_-50-_jpg.rf.ab907ab967c81cf87b6b1db6aee614dd.jpg,0,0,0,1,0,0,0,0,0
kering_-110-_jpg.rf.684b587f9988d92fc5cfd2b8624c26aa.jpg,0,0,0,1,0,0,0,0,0
Kering-1-_png_jpg.rf.7589640ac5f9643643d45d041949c73a.jpg,0,0,0,1,0,0,0,0,0
kering_-109-_jpg.rf.2f41aa9e0c100100ffadadcc7537d5dc.jpg,0,0,0,1,0,0,0,0,0
Image_96_png_jpg.rf.b32275da25c7737a0fa5ad636b5a5b4c.jpg,1,0,0,0,0,0,0,0,0
kering_-120-_jpg.rf.e4d4e2269688b01ef120a712b6a234b1.jpg,0,0,0,1,0,0,0,0,0
kering_-133-_jpg.rf.3efd99fb111d97735589f49d5f876510.jpg,0,0,0,1,0,0,0,0,0
kering_-31-_jpg.rf.16827ed3f7ef6e39316f7ecf3d32cedf.jpg,0,0,0,1,0,0,0,0,0
kering_-35-_jpg.rf.1a539c1121e390b46f39f5fffe2cd969.jpg,0,0,0,1,0,0,0,0,0
kering_-134-_jpg.rf.a6e4d8ec76645cf788b2b188b7509095.jpg,0,0,0,1,0,0,0,0,0
kering_-2-_jpg.rf.e1b99ff0aaf88c82507693bdadef4019.jpg,0,0,0,1,0,0,0,0,0
kering_-115-_jpg.rf.f3b2cf445fae487524e47e2d39e1a456.jpg,0,0,0,1,0,0,0,0,0
kering_-114-_jpg.rf.6d805307c7d1ace1ca985b21e830dfa6.jpg,0,0,0,1,0,0,0,0,0
kering_-138-_jpg.rf.95006def72e5c667a9ecabda1e9fb938.jpg,0,0,0,1,0,0,0,0,0
kering_-70-_jpg.rf.27b0fffbfb5dbd1f4958de544614f2c8.jpg,0,0,0,1,0,0,0,0,0
kering_-77-_jpg.rf.e1d26262d6fd642de62f960415496358.jpg,0,0,0,1,0,0,0,0,0
kering_-132-_jpg.rf.972d198466f2512ca05cc89e9f7dba10.jpg,0,0,0,1,0,0,0,0,0
kering_-8-_jpg.rf.3fb358a8022104778816f9e615ab7834.jpg,0,0,0,1,0,0,0,0,0
kering_-72-_jpg.rf.71c72e419fbc88523b06c5bcdcc57c8b.jpg,0,0,0,1,0,0,0,0,0
Kering-42-_jpg.rf.ea38f98860ecdd84e9c94b2a2bab5f7a.jpg,0,0,0,1,0,0,0,0,0
kering_-26-_jpg.rf.77da4590119ada1fcbcfccb6acc4423e.jpg,0,0,0,1,0,0,0,0,0
kering-40-_jpg.rf.3c59db0878d87649b6c75cdeff76a15b.jpg,0,0,0,1,0,0,0,0,0
Kering-16-_jpeg_jpg.rf.8c0fd245f2ce40dffe1e6f1341a2e531.jpg,0,0,0,1,0,0,0,0,0
kering_-107-_jpg.rf.0dc451ec9e44e306856c838bba510ef2.jpg,0,0,0,1,0,0,0,0,0
kering_-106-_jpg.rf.fa966956054b94f4ed8969b1d0860405.jpg,0,0,0,1,0,0,0,0,0
kering-4-_jpg.rf.bc4e3c114f6b4eb427f3c172804c3857.jpg,0,0,0,1,0,0,0,0,0
kering_-14-_jpg.rf.2fa9511c726dfaee5cb46437a0b8fee8.jpg,0,0,0,1,0,0,0,0,0
kering-42-_jpg.rf.17af920072f85db0967ff781cdd32c12.jpg,0,0,0,1,0,0,0,0,0
kering_-127-_jpg.rf.22941e5542630fb1c55115783b43747c.jpg,0,0,0,1,0,0,0,0,0
kering_-38-_jpg.rf.2c38f1fd0d9dbea4b2c210f26ea57a5b.jpg,0,0,0,1,0,0,0,0,0
kering-15-_jpg.rf.ba0327a6e4b396164270bc87f7e64304.jpg,0,0,0,1,0,0,0,0,0
kering_-128-_jpg.rf.a57a2b11b9b844f82de558e75a833aaa.jpg,0,0,0,1,0,0,0,0,0
kering_-141-_jpg.rf.548dcc0c83847ce5bbda47fd63285dd1.jpg,0,0,0,1,0,0,0,0,0
kering_-118-_jpg.rf.8fb3b2f78f138c9127bc338e45a217d9.jpg,0,0,0,1,0,0,0,0,0
Kering-14-_jpeg_jpg.rf.26284d272a2e8e03f335942fb28ee859.jpg,0,0,0,1,0,0,0,0,0
kering-41-_jpg.rf.eacfaa7a04c32f399241de20fb4f5f95.jpg,0,0,0,1,0,0,0,0,0
kering_-129-_jpg.rf.49eaf413cd545248290f48fe3f810c71.jpg,0,0,0,1,0,0,0,0,0
kering-14-_jpg.rf.2f0f96261b6b0628614e2f90def7fe20.jpg,0,0,0,1,0,0,0,0,0
kering-13-_jpg.rf.9901bbea0971d9244ef44394b6fdc770.jpg,0,0,0,1,0,0,0,0,0
kering_-11-_jpg.rf.7f2b755fe1dff15b0e420b8d30885809.jpg,0,0,0,1,0,0,0,0,0
kering-9-_jpg.rf.3014433680b44d628fef07236e8c0c9f.jpg,0,0,0,1,0,0,0,0,0
kering_-34-_jpg.rf.39072214b340f56e5798e7215fe77091.jpg,0,0,0,1,0,0,0,0,0
kering_-79-_jpg.rf.8fc87609c5fe28e488bf86de16ac0d48.jpg,0,0,0,1,0,0,0,0,0
kering_-4-_jpg.rf.38fa78555594fb4dd20d52803967dd7c.jpg,0,0,0,1,0,0,0,0,0
kering_-39-_jpg.rf.72516499ce849032b0fc7f728f71ae11.jpg,0,0,0,1,0,0,0,0,0
kering_-37-_jpg.rf.5cf2450d5de43ac5bcc8489dfc7ebe77.jpg,0,0,0,1,0,0,0,0,0
Kering-40-_jpg.rf.42b8e38083eccfc3db47a5f69ba77a39.jpg,0,0,0,1,0,0,0,0,0
kering__-92-_jpg.rf.355bd97347d9ff38b7d3f0f39cd5551a.jpg,0,0,0,1,0,0,0,0,0
kering_-112-_jpg.rf.0672a29868fc3b8c0473c3bd52125441.jpg,0,0,0,1,0,0,0,0,0
kering_-80-_jpg.rf.f5ed3e79708f86b048e976d4a1c18ac0.jpg,0,0,0,1,0,0,0,0,0
kering_-3-_jpg.rf.1c42879b37f6bae6234858fff0feed55.jpg,0,0,0,1,0,0,0,0,0
kering-34-_jpg.rf.20b4eae249ceaa274025c3ea21a0d7fe.jpg,0,0,0,1,0,0,0,0,0
Kering-16-_JPG_jpg.rf.01ab3ba4d603ce5064073767c96555f4.jpg,0,0,0,1,0,0,0,0,0
kering_-28-_jpg.rf.dadfe34771095acfb532108bbe69f55c.jpg,0,0,0,1,0,0,0,0,0
kering__-75-_jpg.rf.b93dfe9b2873dac92599ed42f7408e92.jpg,0,0,0,1,0,0,0,0,0
kering_-56-_jpg.rf.92933b38b4c8c040d1693eaad9a96c7b.jpg,0,0,0,1,0,0,0,0,0
kering-13-_jpg.rf.011a5ccbed2600852212d67fddc4bfe7.jpg,0,0,0,1,0,0,0,0,0
kering__-58-_jpg.rf.f1ddf985146bfa94ab23efdba76f7030.jpg,0,0,0,1,0,0,0,0,0
kering_-25-_jpg.rf.359b5002ec87b10b321e50446c190e9c.jpg,0,0,0,1,0,0,0,0,0
kering__-76-_jpg.rf.2d65b484fb2c0ec2d31c0e60732f709e.jpg,0,0,0,1,0,0,0,0,0
kering_-30-_jpg.rf.67f48e3430e9f36c378c0e4eebf917df.jpg,0,0,0,1,0,0,0,0,0
kering_-111-_jpg.rf.b3ec436ec89149b6754565414466d97b.jpg,0,0,0,1,0,0,0,0,0
kering_-15-_jpg.rf.a0d3c30602493fb9a3464c9874ee0851.jpg,0,0,0,1,0,0,0,0,0
kering__-90-_jpg.rf.133adc8b0705b8e37d69f88985a83fe8.jpg,0,0,0,1,0,0,0,0,0
kering_-144-_jpg.rf.bc91709898d983180639477f5dfe5b34.jpg,0,0,0,1,0,0,0,0,0
kering_-130-_jpg.rf.50c449147648d8169dd081b149534d08.jpg,0,0,0,1,0,0,0,0,0
kering__-60-_jpg.rf.32af123ee5cb8480c2b6263e84dc0ae8.jpg,0,0,0,1,0,0,0,0,0
kering_-22-_jpg.rf.fd6f7a54ffe61249362f2ef25b3ee39a.jpg,0,0,0,1,0,0,0,0,0
kering_-89-_jpg.rf.9f646200c2ba4ad6ce0d13368db13b33.jpg,0,0,0,1,0,0,0,0,0
kering__-65-_jpg.rf.08ec04dda88dec2bc666a5dd0be6a6c3.jpg,0,0,0,1,0,0,0,0,0
kering-43-_jpg.rf.ac1d749e8d6faacf96197ba9a72543b1.jpg,0,0,0,1,0,0,0,0,0
kering_-75-_jpg.rf.0ce442aa179c295b74732bb36d195cb1.jpg,0,0,0,1,0,0,0,0,0
kering_-91-_jpg.rf.4adaddae9771c8b164d71d39243217da.jpg,0,0,0,1,0,0,0,0,0
kering_-95-_jpg.rf.7919ab53bc3a4f1cdf63b3ed55615a49.jpg,0,0,0,1,0,0,0,0,0
kering_-13-_jpg.rf.3dce47f83967faf902b430447de4aca4.jpg,0,0,0,1,0,0,0,0,0
kering-35-_jpg.rf.b007cea27748da6a82bf784063486ec1.jpg,0,0,0,1,0,0,0,0,0
kering_-90-_jpg.rf.98c4eafe81c59f89c0cf48fb561121ee.jpg,0,0,0,1,0,0,0,0,0
kering__-88-_jpg.rf.1fba381db7660c9b8011a5a41144e026.jpg,0,0,0,1,0,0,0,0,0
kering__-63-_jpg.rf.29f65d7db50dc6d583c294c7f60bd218.jpg,0,0,0,1,0,0,0,0,0
kering-16-_jpg.rf.86b1f5386e0a2dacfdd1e2780116bf9f.jpg,0,0,0,1,0,0,0,0,0
Kering-37-_jpg.rf.934fade6496240e70dbd28bc4d595813.jpg,0,0,0,1,0,0,0,0,0
kering__-77-_jpg.rf.61b241d05d136cae58a444b401397444.jpg,0,0,0,1,0,0,0,0,0
kering_-86-_jpg.rf.f3d3f4b08f9120546e33567b0c9162b8.jpg,0,0,0,1,0,0,0,0,0
kering_-85-_jpg.rf.48836cef4e29c20a2b733b1217af37f3.jpg,0,0,0,1,0,0,0,0,0
kering_-29-_jpg.rf.8b8b826e66c35c8757a7959b9a9a4642.jpg,0,0,0,1,0,0,0,0,0
kering_-143-_jpg.rf.994ff7fa2992741d261c311d122be0b3.jpg,0,0,0,1,0,0,0,0,0
kering-37-_jpg.rf.0793837eb2a6b282eb2755906be59dbf.jpg,0,0,0,1,0,0,0,0,0
kering__-73-_jpg.rf.d2f034d3963894c709f609e436eeaaa7.jpg,0,0,0,1,0,0,0,0,0
kering_-18-_jpg.rf.b94f17a4971df57e1b48f664a0a50b5a.jpg,0,0,0,1,0,0,0,0,0
kering_-24-_jpg.rf.4bf6d67fd0182fed3280e76bfc3dcf08.jpg,0,0,0,1,0,0,0,0,0
kering__-31-_jpg.rf.4defbf7d084f67faac163924641292ea.jpg,0,0,0,1,0,0,0,0,0
kering__-62-_jpg.rf.55d6189296d644ec36469cf317baef2f.jpg,0,0,0,1,0,0,0,0,0
kering_-83-_jpg.rf.3162ccd073ad5efce98c941bcc8b266e.jpg,0,0,0,1,0,0,0,0,0
kering__-14-_JPG_jpg.rf.b4f789e30e7b2a65ffde772173317111.jpg,0,0,0,1,0,0,0,0,0
kering__-105-_jpg.rf.98eec85ba0b7ee3737a1c1643b631082.jpg,0,0,0,1,0,0,0,0,0
kering__-107-_jpg.rf.358c47f18b74bb5fd7ea3059b107ad3b.jpg,0,0,0,1,0,0,0,0,0
kering__-13-_JPG_jpg.rf.3352e06fb519aa0910f25311b5336ac8.jpg,0,0,0,1,0,0,0,0,0
kering-36-_jpg.rf.85ee26c9ffa0220f053bc559d7babe0e.jpg,0,0,0,1,0,0,0,0,0
kering__-104-_jpg.rf.b66c408880c36dc8618e971626fc129b.jpg,1,0,0,1,0,0,0,0,0
kering__-109-_jpg.rf.6e99969ff78069d6433017938f61aeab.jpg,0,0,0,1,0,0,0,0,0
kering__-70-_jpg.rf.b97ab6948c5a06214721748835a29ef4.jpg,0,0,0,1,0,0,0,0,0
kering__-34-_jpg.rf.7fb41ca70c0a732fb90458e1db9e96b5.jpg,0,0,0,1,0,0,0,0,0
kering_-68-_jpg.rf.8e927b306c8cbf8dd1e31d967b20d164.jpg,0,0,0,1,0,0,0,0,0
kering_-94-_jpg.rf.5ae123accace23347900e9e39885fc50.jpg,0,0,0,1,0,0,0,0,0
kering-37-_jpg.rf.2d47269f6062f19f65138ba72602cb0d.jpg,0,0,0,1,0,0,0,0,0
kering_-92-_jpg.rf.fc0cce0f94d6985381e3995e3a26131f.jpg,0,0,0,1,0,0,0,0,0
kering_-67-_jpg.rf.88ac4f3c0bcb78752cd76ecc08632edf.jpg,0,0,0,1,0,0,0,0,0
kering_-87-_jpg.rf.7840c6e60a62e1dbece012a367a2071d.jpg,0,0,0,1,0,0,0,0,0
kering__-15-_JPG_jpg.rf.f44fc901328394dda5f6d0a0ad2e8ac1.jpg,0,0,0,1,0,0,0,0,0
kering_-62-_jpg.rf.f93d85174631be8867f958854fbd9557.jpg,0,0,0,1,0,0,0,0,0
kering__-33-_jpg.rf.05ae4f56f6bcbaeee2a3d5f3a684b3ac.jpg,0,0,0,1,0,0,0,0,0
kering_-88-_jpg.rf.a37c271e1302a43285b3cebe19d9328d.jpg,0,0,0,1,0,0,0,0,0
kering-39-_jpg.rf.5efd8da092acb0a828fdd926861664c8.jpg,0,0,0,1,0,0,0,0,0
kering_-93-_jpg.rf.5faeb5cb2cbfbb013757915f9fe1ef85.jpg,0,0,0,1,0,0,0,0,0
kering_-74-_jpg.rf.ca35203108b12b032e270274e2ae30a8.jpg,0,0,0,1,0,0,0,0,0
kering_-97-_jpg.rf.0e75bdc0b92a0ec35e0b8dd7efbbcdd5.jpg,0,0,0,1,0,0,0,0,0
kering_-84-_jpg.rf.6ccddd3661a464c21417ff56d0d0e420.jpg,0,0,0,1,0,0,0,0,0
kering_-17-_jpg.rf.ccd29f82cb315aaf158ca4505b529cf3.jpg,0,0,0,1,0,0,0,0,0
kering-36-_jpg.rf.ba845fb1c7835d62ec686360205f9442.jpg,0,0,0,1,0,0,0,0,0
kering__-36-_jpg.rf.ae9062120bf907301ae7745f56fe4eab.jpg,0,0,0,1,0,0,0,0,0
kering_-19-_jpg.rf.fce733db707c41aa2b794c36b9455fca.jpg,0,0,0,1,0,0,0,0,0
kering__-103-_jpg.rf.cb2fb7af93f926c4c0f99996330b0136.jpg,0,0,0,1,0,0,0,0,0
kering__-87-_jpg.rf.42cf29f141a2b8538f1098f6aa0fdda4.jpg,0,0,0,1,0,0,0,0,0
kering_-96-_jpg.rf.deb915177ca6fd68c49b3871db59c56a.jpg,0,0,0,1,0,0,0,0,0
kering__-4-_JPG_jpg.rf.a633428359e8665e400ce9f7c68d75d5.jpg,0,0,0,1,0,0,0,0,0
kering__-17-_JPG_jpg.rf.0ce03c4f84334bf581616662238a809c.jpg,0,0,0,1,0,0,0,0,0
kering_-66-_jpg.rf.751a988711d8baaeb1b9eb13f457272c.jpg,0,0,0,1,0,0,0,0,0
kering__-7-_JPG_jpg.rf.ce4ff5f7e9e891dc731959fd5c9b98b5.jpg,0,0,0,1,0,0,0,0,0
kering__-20-_JPG_jpg.rf.19090c4cf4bf688889cba5e3bf8a52a5.jpg,0,0,0,1,0,0,0,0,0
kering_-16-_jpg.rf.47ad2c8f409dd74e21540ebc67be7edd.jpg,0,0,0,1,0,0,0,0,0
kering__-43-_jpg.rf.6dc6c243ca06fec375274f92faf1677e.jpg,0,0,0,1,0,0,0,0,0
kering__-23-_jpg.rf.9a0ef79d29fa522a235bd2fb74f0f9f0.jpg,0,0,0,1,0,0,0,0,0
kering__-80-_jpg.rf.8a98a8978d1cfd8af7556f2864890bb9.jpg,0,0,0,1,0,0,0,0,0
kering__-82-_jpg.rf.788dcc3cfbcbeb19186bbd8267d559f3.jpg,0,0,0,1,0,0,0,0,0
kering__-54-_jpg.rf.48e3493abf36a8392c3404b7ee4a9cc1.jpg,0,0,0,1,0,0,0,0,0
kering-4-_jpg.rf.d3ff3f0a6f98e60c8abceb9a9a98f57b.jpg,0,0,0,0,0,1,0,0,0
kering-4-_jpg.rf.56be5aa8225f931ff6faab1da9e1b9a5.jpg,0,0,0,1,0,0,0,0,0
kering__-26-_jpg.rf.f35608414ecb15c4a86bb4f7c5fc0a41.jpg,0,0,0,1,0,0,0,0,0
kering__-32-_jpg.rf.13bb7bd58561509b58a0448f446b1259.jpg,0,0,0,1,0,0,0,0,0
kering-38-_jpg.rf.ba6ef991d85d6a99ce82cc1a71b5105f.jpg,0,0,0,1,0,0,0,0,0
kering__-16-_JPG_jpg.rf.7d75ceb31e828dc0a5dadd39efbc0dbe.jpg,0,0,0,1,0,0,0,0,0
kering__-71-_jpg.rf.6877a6bb3e3d3192cb1c09c95e03e4a5.jpg,0,0,0,1,0,0,0,0,0
kering__-24-_jpg.rf.347a0903071812d0e1044a8952c81f80.jpg,0,0,0,1,0,0,0,0,0
kering__-38-_jpg.rf.13593a8dbbb13ecaea36f881197a8a7b.jpg,0,0,0,1,0,0,0,0,0
kering__-55-_jpg.rf.101751e17aa7f1bd6a23ee18234c3237.jpg,0,0,0,1,0,0,0,0,0
kering__-47-_jpg.rf.a1460fceeb29309c3e2be0a4a43c5021.jpg,0,0,0,1,0,0,0,0,0
kering__-19-_JPG_jpg.rf.8a2e2180c5140b80781672b734b48243.jpg,0,0,0,1,0,0,0,0,0
kering__-52-_jpg.rf.505b8d33aeef3eea32d31ff529d57887.jpg,0,0,0,1,0,0,0,0,0
kering__-49-_jpg.rf.7e9438da5d4a6c69cf688d89e95cb0ab.jpg,0,0,0,1,0,0,0,0,0
kering__-27-_jpg.rf.d84cbd9eaffe405abcf9d49ffeaa85fe.jpg,0,0,0,1,0,0,0,0,0
kering__-57-_jpg.rf.7322bf327a609721845deed10c3c82d3.jpg,0,0,0,1,0,0,0,0,0
kering__-22-_jpg.rf.70734551ad7a10496f86fc24177a12d6.jpg,0,0,0,1,0,0,0,0,0
kering__-28-_jpg.rf.fb04cd925a05f7b7441757e1fd8fd806.jpg,0,0,0,1,0,0,0,0,0
kering__-21-_JPG_jpg.rf.ac2b67178566d31206e063464ffad01e.jpg,0,0,0,1,0,0,0,0,0
kering_-99-_jpg.rf.9e93fc3440a7fd1120a856e101741bc0.jpg,0,0,0,1,0,0,0,0,0
kering__-29-_jpg.rf.263043a7fefc3120798d75cb56800c52.jpg,0,0,0,1,0,0,0,0,0
28_jpeg_jpg.rf.96f291402939a70a531f1f92bfdbd7cc.jpg,0,0,0,0,0,0,0,0,1
kering__-3-_JPG_jpg.rf.42e0c9c9df492b3340a51af4148129f8.jpg,0,0,0,1,0,0,0,0,0
6b0bbb7874796fd11f8edb526cba498e_jpg.rf.81318b7ae3aaecfb3c2f1748feddea77.jpg,0,0,0,1,0,0,0,0,0
acne-42-_jpeg_jpg.rf.e11280821e1c2f91200dbae8f76cc37b.jpg,1,0,0,0,0,0,0,0,0
acne-810-_jpg.rf.b2f9e75c6525ebd7e2c2d79ef1f02a02.jpg,1,0,0,0,0,0,0,0,0
276_jpg.rf.ba4f68ad691eb9d07801dff5ef405fa5.jpg,1,0,0,0,0,0,1,0,0
kering__-50-_jpg.rf.9cd5ba25c80dc98511f08561a1903444.jpg,0,0,0,1,0,0,0,0,0
acne-419-_jpg.rf.5f0c8baa5ebabafe01f4dc561968432b.jpg,1,0,0,0,0,0,0,0,0
kering__-102-_jpg.rf.1506c1e4d8d9c8ace9dbc00679d536ae.jpg,0,0,0,1,0,0,0,0,0
281_jpg.rf.a5c07c5eb4f0071e749845a31e305312.jpg,1,0,0,0,0,0,0,0,0
283_jpg.rf.e24e194fda5734efe4133aa1eb1727b7.jpg,0,0,0,0,0,0,1,0,1
acne-772-_jpg.rf.19f95f203c3e4f4b4e616af7c73eed12.jpg,1,0,0,0,0,0,0,0,0
acne-810-_jpeg_jpg.rf.a5ab40a8112212d86beabc321aabbd8e.jpg,1,0,0,0,0,0,0,0,0
2806176632_1_jpg.rf.ed190b275b0ad690ed00230a5b539faa.jpg,0,1,0,0,0,0,0,0,0
274_jpg.rf.a7f766b4ad498ef8e6d0b5a4478c11c9.jpg,1,0,0,0,0,0,0,0,0
acne-105-_jpeg_jpg.rf.5addc94c7f92f940dfa073129dff50a8.jpg,1,0,0,0,0,0,0,0,0
286_jpg.rf.8a09cdc39397c8f8c6a9c300fc404a47.jpg,1,0,0,0,0,0,0,0,0
72_jpg.rf.717674acb189ec81dc1190ba9925ae17.jpg,1,0,0,0,0,0,0,0,0
290_jpg.rf.184ddb1e99f867468a4c7478e6d28896.jpg,1,0,0,0,0,0,0,0,0
acne-428-_jpg.rf.b2f6ff0d9ae93ac3e8d167db73e02920.jpg,1,0,0,0,0,0,0,0,0
kering__-51-_jpg.rf.afd4e6325dd0916b63d53214d5aa7d50.jpg,0,0,0,1,0,0,0,0,0
acne-438-_jpg.rf.c0e65135e4a445a2231710ef7a2c8f0f.jpg,1,0,0,0,0,0,0,0,0
288_jpg.rf.07a3235986f8d2393c56c4854e20413d.jpg,1,0,0,0,0,0,0,0,0
87_jpg.rf.933fe457f318587688d14940ecd64fe3.jpg,1,0,0,0,0,0,1,0,1
acne-815-_jpg.rf.3d6bd0adc58ce463da255de02301d9d3.jpg,1,0,0,0,0,0,0,0,0
acne-107-_jpg.rf.6cf542ce7cbf8f434dfb8d471bb74a1a.jpg,1,0,0,0,0,0,0,0,0
acne-103-_jpg.rf.4649e080bb53ead33f55ebea573150bd.jpg,1,0,0,0,0,0,0,0,0
2837076619_1_jpg.rf.4d094f7a2096ea87334c11f0af71967c.jpg,0,1,0,0,0,0,0,0,0
acne-443-_jpeg_jpg.rf.4e2ff6f3a24f230eb15e8780cb3c6890.jpg,1,0,0,0,0,0,0,0,0
acne-42-_jpg.rf.daa349c560ee669bcd6d59df93ba7eaa.jpg,1,0,0,0,0,0,0,0,0
acne-107-_jpeg_jpg.rf.3b42648ab3d530e9c9dbfc3ff49c26af.jpg,1,0,0,0,0,0,0,0,0
acne-814-_jpeg_jpg.rf.6f88fc44d5c5fa78c3ba841d817ee03a.jpg,1,0,0,0,0,0,0,0,0
acne-429-_jpeg_jpg.rf.7e2294d10641880dd2c08167dd15e442.jpg,1,0,0,0,0,0,0,0,0
2828057266_1_jpg.rf.65b725c3f19fa915cb728e3ddf0bd8d1.jpg,0,1,0,0,0,0,0,0,0
acne-104-_jpg.rf.02df3714259d9d31d58b1902dbef28c2.jpg,1,0,0,0,0,0,0,0,0
acne-772-_jpeg_jpg.rf.aecf904b0e6426a98786e1fe909df974.jpg,1,0,0,0,0,0,0,0,0
270_jpg.rf.00a8293fecafae8e3fce1bd6fd19b001.jpg,1,0,0,0,0,0,1,0,0
acne-44-_png_jpg.rf.5cf21b7c01248648b4d613a336b17fc3.jpg,1,0,0,0,0,0,0,0,0
Image_11_jpg.rf.c914a1e289a307d3f191e61bd5753a8e.jpg,0,0,0,0,0,1,0,0,0
di-ung-da-mat_jpg.rf.48002cdccaacf8bb61b758651ea2f83a.jpg,0,0,0,0,0,0,0,1,0
Berminyak87_jpg.rf.f05f1d3df018afca2c8acdd240630630.jpg,0,0,0,0,0,1,0,0,0
acne-860-_jpeg_jpg.rf.7864e9772c3dbc2e4445d69e3e0ad04f.jpg,1,0,0,0,0,0,0,0,0
330_jpg.rf.5dcac78b9d0af933233940b47c950548.jpg,1,0,0,0,0,0,0,0,0
356_jpg.rf.38c88d70e55cf8a7705451120491251c.jpg,1,0,0,0,0,0,1,0,0
acne-52-_jpeg_jpg.rf.4cfb93ad171f456dd12eb54be925672e.jpg,1,0,0,0,0,0,0,0,0
365_jpg.rf.00af5e03b94b3640fb9554e8caa998ce.jpg,1,0,0,0,0,0,1,0,0
354_jpg.rf.63e6715def1cb38939972fc54f3c7c58.jpg,0,0,0,0,0,0,0,0,1
366_jpg.rf.6a0eade7a99e234e5b1800c9607c3b2c.jpg,0,0,0,0,0,0,0,0,1
366_jpg.rf.3f9b17147c77b38bd473b0ff2733469a.jpg,0,0,0,0,0,0,1,0,0
346_jpg.rf.6c0049effd8516058c04f0a66171df55.jpg,0,0,0,0,0,0,0,0,1
365_jpg.rf.b946011919e3fe00f9b88d32a4f636a6.jpg,0,0,0,0,0,0,0,0,1
355_jpg.rf.6f6af06f7080550aab2ee063b7a26f34.jpg,0,0,0,0,0,0,0,0,1
37_jpeg_jpg.rf.537b181b0b20d569df90a043237cfadc.jpg,0,0,0,0,0,0,0,0,1
347_jpg.rf.aa7073c3a8baeb831fd5c8ef4648c472.jpg,1,0,0,0,0,0,1,0,0
354_jpg.rf.426347a5b8a49979c507d9ae5e232ef6.jpg,1,0,0,0,0,0,1,0,0
369_jpg.rf.7d0e08916892a71c8a41314890b25d3b.jpg,1,0,0,0,0,0,1,0,0
352_jpg.rf.7ff7d3f7c6817b6fafa2137aa27faa2f.jpg,1,0,0,0,0,0,1,0,1
acne-572-_jpeg_jpg.rf.9bfef7bdb789fe46254f0fb7efcf7ccc.jpg,1,0,0,0,0,0,0,0,0
acne-861-_jpeg_jpg.rf.e1d3fc36fdaecbde465e24a7d6943401.jpg,1,0,0,0,0,0,0,0,0
acne-541-_jpeg_jpg.rf.076c118c29815ca0a78bf608aa2be8ea.jpg,1,0,0,0,0,0,0,0,0
acne-571-_jpg.rf.afbafd15ab5fcccc28df478eac03c033.jpg,0,0,0,1,0,0,0,0,0
acne-531-_jpeg_jpg.rf.6eea73fd1b887b9c9d66877f52812553.jpg,1,0,0,0,0,0,0,0,0
acne-542-_jpg.rf.6af2752310089d5e2b384bc0419199dd.jpg,1,0,0,0,0,0,0,0,0
acne-529-_jpg.rf.7cd97c2fa9ec506b9eec607cb18089ef.jpg,1,0,0,0,0,0,0,0,0
acne-54-_jpeg_jpg.rf.93a826949b4d52333603614906f87bfd.jpg,1,0,0,0,0,0,0,0,0
acne-525-_jpg.rf.58ee2c48a2f32f55a0e57a8f273f4b89.jpg,1,0,0,0,0,0,0,0,0
acne-524-_jpeg_jpg.rf.0dbe6fcb4d1ec5de4d9d3061e7bb50f2.jpg,1,0,0,0,0,0,0,0,0
acne-542-_jpeg_jpg.rf.98719b1bccd915a03055ff63bdf96512.jpg,1,0,0,0,0,0,0,0,0
acne-53-_jpg.rf.d2c502aa9a0c893df726f5fab458faaf.jpg,1,0,0,0,0,0,0,0,0
acne-526-_jpg.rf.dc056162564e2c546888e1767c3346ea.jpg,1,0,0,0,0,0,0,0,0
375_jpg.rf.0f31f75a2bbfab0b2c97959bfa2477b9.jpg,1,0,0,0,0,0,1,0,0
acne-525-_jpeg_jpg.rf.8ec5852d37f1890cbf7961e5d64b7a99.jpg,1,0,0,0,0,0,0,0,0
386_jpg.rf.35f249bdb634073376b243673658b50b.jpg,1,0,0,0,0,0,1,0,0
36_jpg.rf.97a93f2bd174903fcee4c5aa9cc10982.jpg,1,0,0,0,0,0,1,0,0
385_jpg.rf.cc8efeae985abe38d3bda18b7555c583.jpg,1,0,0,0,0,0,1,0,0
381_jpg.rf.35c16a73670eb5db544c148410309492.jpg,1,1,0,0,0,0,1,0,0
380_jpg.rf.2b586fc019e83985db6888af95a02a6d.jpg,1,0,0,0,0,0,1,0,0
acne-557-_jpg.rf.4184bf31b7dd571845e390a157a434dc.jpg,1,0,0,0,0,0,0,0,0
acne-555-_jpeg_jpg.rf.70d5afd20e835640ab486b06c8176d8c.jpg,1,0,0,0,0,0,0,0,0
acne-557-_jpeg_jpg.rf.c87890a8cea1d6d477c61e09c847cd95.jpg,1,0,0,0,0,0,0,0,0
acne-582-_jpeg_jpg.rf.a73d3062cfc3f74b75557bfa108ab4fb.jpg,1,0,0,0,0,0,0,0,0
acne-558-_jpg.rf.e8dde88228095738fd9bc9e29e07f981.jpg,1,0,0,0,0,0,0,0,0
368_jpg.rf.7f422ccc05ee5c6114a7ad4f38a2fd0b.jpg,1,0,0,0,0,0,1,0,0
367_jpg.rf.be8f668cbf840a0fa2eff60958398089.jpg,0,0,0,0,0,0,0,0,1
36_jpg.rf.c412be00db3c23553862bbe66fde7e59.jpg,0,1,0,0,0,0,0,0,0
acne-62-_jpg.rf.8f237b8ff28e0bf91e3ae8909ba8e558.jpg,1,0,0,0,0,0,0,0,0
347_jpg.rf.5d08415c6a6286d8fd4d72666a501879.jpg,0,0,0,0,0,0,0,0,1
356_jpg.rf.ba14848d46eff0a71072a051643923eb.jpg,0,0,0,0,0,0,0,0,1
acne-574-_jpeg_jpg.rf.1a426b08db3d5a9de232dd49a36519f9.jpg,1,0,0,0,0,0,0,0,0
36_jpeg_jpg.rf.fa52a8749c0d461f48af4f4c6082b683.jpg,0,0,0,0,0,0,0,0,1
33_jpg.rf.b588bf4e0c2e1ff0a4e60bb218a1f2d4.jpg,1,0,0,0,0,0,1,0,1
acne-575-_jpeg_jpg.rf.131e19126b1f4379163f3b4795f3566a.jpg,1,0,0,0,0,0,0,0,0
acne-572-_jpg.rf.941cb7720e8fcadd1bf167e6a9083f05.jpg,1,0,0,0,0,0,0,0,0
acne-530-_jpeg_jpg.rf.06161d9ebdd69f584a1f81f72c518ff7.jpg,1,0,0,0,0,0,0,0,0
387_jpg.rf.43328737f40877d31d93b0b3609ae85c.jpg,1,0,0,0,0,0,1,0,0
acne-527-_jpeg_jpg.rf.723046b5cda28d17c79961bc56c79a05.jpg,1,0,0,0,0,0,0,0,0
acne-56-_jpeg_jpg.rf.2bad8b3b6720e423eac37768fa6f823d.jpg,1,0,0,0,0,0,0,0,0
acne-526-_jpeg_jpg.rf.78b691f07798e00ef1c514ea067413a1.jpg,1,0,0,0,0,0,0,0,0
acne-524-_jpg.rf.c4855f1e282b1b18eccbb9c683226afe.jpg,1,0,0,0,0,0,0,0,0
360_jpg.rf.9d2be8db9d30d67db9b183816f498928.jpg,1,1,0,0,0,0,1,0,0
362_jpg.rf.23f553ef2058f7572b913dc2f9bb7c3e.jpg,1,0,0,0,0,0,0,0,1
acne-619-_jpg.rf.fbd0be2fe7093f4f040cb96d20c0735a.jpg,1,0,0,0,0,0,0,0,0
34_jpeg_jpg.rf.a9de07573346cdf13a4f5f0543964ae4.jpg,0,0,0,0,0,0,0,0,1
34_jpeg_jpg.rf.1191cc4e5960bf7f0b835a1173fc26bc.jpg,1,0,0,0,0,0,0,0,0
acne-533-_jpg.rf.2d9588c1d5815ea4a89feff19dcf9081.jpg,1,0,0,0,0,0,0,0,0
acne-531-_jpg.rf.7c057a47d883a95319e50854881fa0c2.jpg,1,0,0,0,0,0,0,0,0
acne-543-_jpeg_jpg.rf.a027dd257b2c707e6fd9c0785477e753.jpg,1,0,0,0,0,0,0,0,0
acne-573-_jpg.rf.27ca4ceab5dae7d89da4d781cfc06b7a.jpg,1,0,0,0,0,0,0,0,0
362_jpg.rf.e3b200bf6d9af8b0806945d83ac0745c.jpg,0,0,0,0,0,0,0,0,1
acne-534-_jpeg_jpg.rf.c3f4cfb8df9e9109bdf131499497faa8.jpg,1,0,0,0,0,0,0,0,0
acne-573-_jpeg_jpg.rf.3d16abc0fde3682be762f3fd1ca05be3.jpg,1,0,0,0,0,0,0,0,0
acne-558-_jpeg_jpg.rf.b485c742981512a32691500eea9173c9.jpg,1,0,0,0,0,0,0,0,0
acne-544-_jpeg_jpg.rf.e726d97fdd140aeb7a5df6eccd395a6d.jpg,1,0,0,0,0,0,0,0,0
406_jpg.rf.8950702c205359cd97285ef148ea01ac.jpg,1,0,0,0,0,0,1,0,0
41_jpg.rf.1612d718d9a4eb4fc5696cd5e8fe50db.jpg,1,0,0,0,0,0,1,0,0
acne-547-_jpg.rf.f3e80a9e82129aaf991a4a4737c841d9.jpg,1,0,0,0,0,0,0,0,0
388_jpg.rf.8f7fb8407f459e6643f2925b22aba91f.jpg,1,0,0,0,0,0,0,0,0
393_jpg.rf.e66ab395f714acb3a02b032f0a082375.jpg,1,0,0,0,0,0,0,0,0
acne-527-_jpg.rf.8736dde74f73c689f3d1ae63a8855499.jpg,1,0,0,0,0,0,0,0,0
acne-582-_jpg.rf.33e8a3db8cdc67868cdb3dd18ab0dc77.jpg,1,0,0,0,0,0,0,0,0
acne-599-_jpg.rf.50fa029cf03e4a786fea53b952e47d82.jpg,1,0,0,0,0,0,0,0,0
350_jpg.rf.ed84a14499d124012baf12f439af2e13.jpg,0,0,0,0,0,0,0,0,1
348_jpg.rf.edd1530c428521fc6e55b1886e9630e5.jpg,1,0,0,0,0,0,1,0,0
acne-536-_jpg.rf.23ee166c0ef18ee794511d4175edaa75.jpg,1,0,0,0,0,0,0,0,0
acne-563-_jpg.rf.24c4d6bdacb65417874c50068a7a4113.jpg,1,0,0,0,0,0,0,0,0
acne-537-_jpg.rf.1eab0d143004cb4c19642a0b62bdbe89.jpg,1,0,0,0,0,0,0,0,0
acne-537-_jpeg_jpg.rf.708faca3f12d9ac4df169b5300f7f2c1.jpg,1,0,0,0,0,0,0,0,0
342_jpg.rf.76ed70164d2ff6dffd9b9878daf23106.jpg,0,0,0,0,0,0,1,0,0
367_jpg.rf.d9522a21adcd745445e9f437c020cb7d.jpg,1,1,0,0,0,0,1,0,0
341_jpg.rf.e822b216de3dd3a4a6216af34daccb4d.jpg,0,0,0,0,0,0,0,0,1
acne-548-_jpeg_jpg.rf.2c56e8d5af7ff3182884c05ae1cfcf14.jpg,1,0,0,0,0,0,0,0,0
acne-547-_jpeg_jpg.rf.f25966c19eded460e3bcc0ef625c125a.jpg,1,0,0,0,0,0,0,0,0
acne-562-_jpeg_jpg.rf.93ecd2fc89948f2c348ac33c9eb08b32.jpg,1,0,0,0,0,0,0,0,0
acne-559-_jpeg_jpg.rf.f7deb58fb6d9dba5e4e1dbd6accc0910.jpg,1,0,0,0,0,0,0,0,0
acne-549-_jpg.rf.cb92347b2edcacaa4f121acdadc8ae0c.jpg,1,0,0,0,0,0,0,0,0
402_jpg.rf.501e16b0f0045755e8324291deedcb9e.jpg,1,0,0,0,0,0,1,0,0
391_jpg.rf.f77f61dfa9f9f54ef238f5b6409590c1.jpg,1,0,0,0,0,0,0,0,0
40_jpg.rf.0b467ddfdc57c7114cb272e6ca10b5c5.jpg,1,0,0,0,0,0,0,0,0
404_jpg.rf.fd2e8c75ac4a71497c562a6719fbbb88.jpg,1,0,0,0,0,0,0,0,1
398_jpg.rf.60cceec31bc3ce03474ec7579a3ed6e4.jpg,1,0,0,0,0,0,1,0,0
411_jpg.rf.8c122bac43d7cc6c958a738ced17cf61.jpg,1,0,0,0,0,0,0,0,0
428_jpg.rf.1c6fd3925b8e5462286d8f1ecf60b434.jpg,0,0,0,0,0,0,1,0,0
acne-580-_jpeg_jpg.rf.ac1514e013fda0bacb3e6ef98b3a0e5a.jpg,1,0,0,0,0,0,0,0,0
34_jpg.rf.265cfc43aa323f9687a1b689d2b0af65.jpg,1,0,0,0,0,0,1,0,0
422_jpg.rf.32754bf7a8fa5669a76cfd1969a2bb74.jpg,1,0,0,0,0,0,1,0,0
acne-62-_jpeg_jpg.rf.2388f164db54c29392be3d1b1f13dd1c.jpg,1,0,0,0,0,0,0,0,0
430_jpg.rf.55d2148b1993ecf95c21f4d9f54d784f.jpg,0,1,0,0,0,0,1,0,0
429_jpg.rf.db3e325c083be676e6eef013e8736d09.jpg,0,0,0,0,0,0,1,0,0
acne-579-_jpeg_jpg.rf.1842596ee20a8845672fb372a4399dcc.jpg,1,0,0,0,0,0,0,0,0
acne-532-_jpg.rf.70a34fda798a71933f93130e252e8a6d.jpg,1,0,0,0,0,0,0,0,0
acne-532-_jpeg_jpg.rf.750d9c83c01177d5a8ea05943469e70d.jpg,1,0,0,0,0,0,0,0,0
acne-553-_jpeg_jpg.rf.4379daba658abd5f0d7d613826d8f218.jpg,1,0,0,0,0,0,0,0,0
acne-561-_jpeg_jpg.rf.0fdaeb8561351bb2d41bcd08f7fb5b86.jpg,1,0,0,0,0,0,0,0,0
acne-551-_jpg.rf.98cbfe30f286fe374499609bd8382d07.jpg,1,0,0,0,0,0,0,0,0
409_jpg.rf.15da21bbbf80274e43c932857d035e5c.jpg,1,0,0,0,0,0,0,0,0
acne-550-_jpg.rf.3661c9499553cb7854079c300dba7e64.jpg,1,0,0,0,0,0,0,0,0
399_jpg.rf.3d29236e17b072c789d130958e46fdbe.jpg,1,0,0,1,0,0,1,0,0
412_jpg.rf.5cc422381748e2ca7e9fc5e8ea64daa0.jpg,1,0,0,0,0,0,1,0,0
acne-6-_jpeg_jpg.rf.0fe84f8f2fcea7f930e9ffd9f07c42df.jpg,1,0,0,0,0,0,0,0,0
acne-594-_jpg.rf.101ad72d50584d5d820886f9734ac33a.jpg,1,0,0,0,0,0,0,0,0
acne-596-_jpeg_jpg.rf.f7d9a085760ede8243380c9ad9ee8d40.jpg,1,0,0,0,0,0,0,0,0
42_jpeg_jpg.rf.eee2ad40979438f5c6a59031ec33d390.jpg,0,0,0,0,0,0,0,0,1
acne-593-_jpg.rf.c3c3677a0ac39ee120321b81a6aec0c8.jpg,1,0,0,0,0,0,0,0,0
acne-566-_jpeg_jpg.rf.22d3d230ee2d3b993ea87a70a02d1cf7.jpg,1,0,0,0,0,0,0,0,0
acne-564-_jpeg_jpg.rf.7573494d3e09dde4b5ccf545c846e4e3.jpg,1,0,0,0,0,0,0,0,0
acne-566-_jpg.rf.9671af7ee00cde38dda352f25c7d35b4.jpg,1,0,0,0,0,0,0,0,0
427_jpg.rf.8b52d5162f3edaa3efe060be76fae5cd.jpg,1,0,0,0,0,0,0,0,0
415_jpg.rf.c419330792fb48b1c54457735ad0eed9.jpg,1,0,0,0,0,0,0,0,0
421_jpg.rf.585beb27100dec74dcb160c8830071e8.jpg,1,0,0,0,0,0,0,0,0
acne-583-_jpg.rf.15c89dc72cad9b87d74a880a44ca2136.jpg,1,0,0,0,0,0,0,0,0
acne-579-_jpg.rf.247b347ffef8852e1a6b726bcbfdc0e2.jpg,1,0,0,0,0,0,0,0,0
acne-552-_jpeg_jpg.rf.6705df7e040c2c1a3609d38b8dd33f33.jpg,1,0,0,0,0,0,0,0,0
acne-585-_jpeg_jpg.rf.ce789115365427affee34ffd319161e3.jpg,1,0,0,0,0,0,0,0,0
392_jpg.rf.9bccc93c95c9f7e10fc68ffa223f25e5.jpg,1,0,0,0,0,0,0,0,0
439_jpg.rf.fe716edb0887343355036aa43d194d0b.jpg,1,0,0,0,0,0,0,0,1
396_jpg.rf.366ffb7efd1222778e33c8be32638216.jpg,1,1,0,0,0,0,1,0,0
403_jpg.rf.f0325349e03174c732561cde0a759896.jpg,1,0,0,0,0,0,0,0,1
440_jpg.rf.37dfe701f96048f336c20052e47ddef8.jpg,1,0,0,0,0,0,0,0,1
acne-597-_jpeg_jpg.rf.8756e1fee34ec61c2ba8626dd3e116c2.jpg,1,0,0,0,0,0,0,0,0
acne-595-_jpeg_jpg.rf.eca87b54f59ccd7326684f8270ca19df.jpg,1,0,0,0,0,0,0,0,0
acne-578-_jpg.rf.68ea31c33482543588e6affc2115b9e3.jpg,1,0,0,0,0,0,0,0,0
acne-538-_jpg.rf.feae157da5ece14ccad2cc39b3249746.jpg,1,0,0,0,0,0,0,0,0
419_jpg.rf.ec81d33e7ed85064062582b2de891b63.jpg,1,0,0,0,0,0,0,0,0
acne-61-_jpg.rf.a1bc617fb9de49455a891735840ea2cb.jpg,1,0,0,0,0,0,0,0,0
acne-593-_jpeg_jpg.rf.9e8fdfd94ec7fce19533e4662f31504c.jpg,1,0,0,0,0,0,0,0,0
acne-609-_jpg.rf.53bdbc4102c0a7ce10e69609f296ca73.jpg,1,0,0,0,0,0,0,0,0
416_jpg.rf.83eb47a1656d8d4505c60ca16edcc437.jpg,1,0,0,0,0,0,1,0,0
acne-607-_jpeg_jpg.rf.f401363fa5bdb62873f8d28eed1e62cd.jpg,1,0,0,0,0,0,0,0,0
acne-608-_jpeg_jpg.rf.df1b8e96af2c09ac14bc8f9a59955cf1.jpg,1,0,0,0,0,0,0,0,0
acne-592-_jpg.rf.b1dae51e65074e1a9661f7ac2949343c.jpg,1,0,0,0,0,0,0,0,0
39_jpg.rf.f4f42a647f6c31f190f2f061e46f330d.jpg,1,0,0,0,0,0,0,0,0
425_jpg.rf.29c8ddda2bb2e6bff8816c329fd9081b.jpg,1,0,0,0,0,0,0,0,0
394_jpg.rf.aec8754b06f0a649667e60dacdcdf4ab.jpg,1,1,0,0,0,0,0,0,0
340_jpg.rf.e71a58040f249630fe67de7067715ac9.jpg,0,0,0,0,0,0,0,0,1
acne-565-_jpeg_jpg.rf.7d3d2eebc5dfb6059e55cbb0ffca5090.jpg,1,0,0,0,0,0,0,0,0
424_jpg.rf.b2110194dd0bf80fa58103838ce780f1.jpg,1,1,0,0,0,0,0,0,0
acne-614-_jpeg_jpg.rf.5fb4687e70fecb328223023570f9843d.jpg,1,0,0,0,0,0,0,0,0
acne-565-_jpg.rf.db01063a5f6eb401f108483fd7553bb0.jpg,1,0,0,0,0,0,0,0,0
acne-61-_jpeg_jpg.rf.1d6064e2b7f6059d2521f2eb8604f8d3.jpg,1,0,0,0,0,0,0,0,0
acne-611-_jpg.rf.6393c2f53e3d5de3e1070827511127ed.jpg,1,0,0,0,0,0,0,0,0
acne-596-_jpg.rf.b4acaaf79ea557c0b1d1be2d235f79cf.jpg,1,0,0,0,0,0,0,0,0
acne-613-_jpeg_jpg.rf.700590ca8ac18224476cd9d0e4b47e37.jpg,1,0,0,0,0,0,0,0,0
441_jpg.rf.9bedcae2f42d3d49cf07489f0561d492.jpg,1,0,0,0,0,0,0,0,1
acne-634-_jpeg_jpg.rf.fc52303bf259f19f488f9537ec5bdb9f.jpg,1,0,0,0,0,0,0,0,0
442_jpg.rf.9ed87e1b89bd8b98e2e83ce433a0e076.jpg,1,0,0,0,0,0,1,0,0
418_jpg.rf.fb592ad602497fd9547b77b44effe6a3.jpg,1,0,0,0,0,0,0,0,0
acne-615-_jpg.rf.53540dbf3b68ab8fa75bf23f98324145.jpg,1,0,0,0,0,0,0,0,0
acne-586-_jpeg_jpg.rf.16f305a5d20dd3a983de01e0c8dbd909.jpg,1,0,0,0,0,0,0,0,0
acne-583-_jpeg_jpg.rf.1ac6fde4df6d797d3f23fefc8ad8bd42.jpg,1,0,0,0,0,0,0,0,0
acne-585-_jpg.rf.05706dc102e4559b4aec1af11b0bce36.jpg,1,0,0,0,0,0,0,0,0
acne-586-_jpg.rf.2bcd6b14c7a1599f237ec140e1f029e0.jpg,1,0,0,0,0,0,0,0,0
acne-587-_jpeg_jpg.rf.4b015a8ad40f1f40fb08419c9891e106.jpg,1,0,0,0,0,0,0,0,0
3_jpg.rf.58020e857114fd684d8547523f876bf7.jpg,0,0,0,0,0,0,0,0,1
3_jpg.rf.4d87abdcd1790a0d8455f1a001441612.jpg,1,0,0,0,0,0,1,0,0
397_jpg.rf.3ed9b37ea5abb845f3d65bbdbb25c898.jpg,0,0,0,0,0,0,1,0,0
423_jpg.rf.f208a7f27f6220b664484848b4040eb7.jpg,1,0,0,0,0,0,1,0,0
acne-562-_jpg.rf.f19793a122d682920e4f8cb633f6238d.jpg,1,0,0,0,0,0,0,0,0
39_jpg.rf.8be31739029791637822f0e3129d4779.jpg,0,0,0,0,0,0,0,0,1
acne-597-_jpg.rf.003d70f4a7399c687d8b2027d8903fe8.jpg,1,0,0,0,0,0,0,0,0
acne-598-_jpg.rf.283d1cc267c3d7ae0f8801ea26c34929.jpg,1,0,0,0,0,0,0,0,0
acne-599-_jpeg_jpg.rf.656155e7f399ebd228aea0e5b90fdfcf.jpg,1,0,0,0,0,0,0,0,0
acne-612-_jpg.rf.aa292e7a7fdba30e9bb1936d3506a1ae.jpg,1,0,0,0,0,0,0,0,0
acne-612-_jpeg_jpg.rf.d54042fea0116c72c5f2cd2e734b93d1.jpg,1,0,0,0,0,0,0,0,0
acne-634-_jpg.rf.3e2762b99624a6732c9e345716683f31.jpg,1,0,0,0,0,0,0,0,0
acne-610-_jpg.rf.9395bb336285bd2ced6a0c34fde7c3a3.jpg,1,0,0,0,0,0,0,0,0
acne-6-_png_jpg.rf.ebb502c086780ab67abee2b801f5bf95.jpg,1,0,0,0,0,0,0,0,0
acne-601-_jpg.rf.9c3ba1da88a27a83074b95cff81b7c3c.jpg,1,0,0,0,0,0,0,0,0
acne-605-_jpeg_jpg.rf.a679907642b7477d3956d926df42cced.jpg,1,0,0,0,0,0,0,0,0
acne-625-_jpeg_jpg.rf.8aff0bd5d39682c79f80ca6217e8ee74.jpg,1,0,0,0,0,0,0,0,0
acne-637-_jpeg_jpg.rf.55debcc2a4f7196b45132d26f5ea1ba9.jpg,1,0,0,0,0,0,0,0,0
acne-639-_jpeg_jpg.rf.3ed9281bcdf096d26c8472fe1ea2cf94.jpg,1,0,0,0,0,0,0,0,0
acne-620-_jpeg_jpg.rf.fcc0735bdb325c8bff0bcf57716eb74d.jpg,1,0,0,0,0,0,0,0,0
acne-621-_jpeg_jpg.rf.9c21ff681e6af04b84c1ca0ebb4556e7.jpg,1,0,0,0,0,0,0,0,0
acne-626-_jpg.rf.ac252750b2af311e43e7da2e3901662e.jpg,1,0,0,0,0,0,0,0,0
acne-584-_jpg.rf.4826c8012467087e232360dd74f25f93.jpg,1,0,0,0,0,0,0,0,0
acne-618-_jpeg_jpg.rf.5dfb9c5917ee9d285a2aab723c638c82.jpg,1,0,0,0,0,0,0,0,0
acne-614-_jpg.rf.acf9a35f49db38ce65bae8883ba95b6c.jpg,1,0,0,0,0,0,0,0,0
acne-617-_jpeg_jpg.rf.da79c3cb9eb6f5b1d1dc531506fc43d0.jpg,1,0,0,0,0,0,0,0,0
acne-59-_jpeg_jpg.rf.0da5f9b2876b5952933cae8b180954c8.jpg,1,0,0,0,0,0,0,0,0
acne-587-_jpg.rf.880f06428aa21f6f029c058776733ef1.jpg,1,0,0,0,0,0,0,0,0
acne-59-_jpg.rf.028f78cbee8b0d2116c8a4420d862fd0.jpg,1,0,0,0,0,0,0,0,0
acne-588-_jpeg_jpg.rf.14db178be66751cc9825163ff2c5fc20.jpg,1,0,0,0,0,0,0,0,0
401_jpg.rf.657ef8e4d14a1754bd5d600e7130c57e.jpg,1,0,0,0,0,0,1,0,0
acne-576-_jpg.rf.3d0c4869c9e3a7722302618898f1943a.jpg,1,0,0,0,0,0,0,0,0
acne-577-_jpeg_jpg.rf.a3a0b97d6918b656febed89b30de6878.jpg,1,0,0,0,0,0,0,0,0
acne-577-_jpg.rf.f84da8c5218b98c299e4d26e37c90330.jpg,1,0,0,0,0,0,0,0,0
509_jpg.rf.112d79f067f8a22fc8f3477808e8a6a7.jpg,1,1,0,0,0,0,0,0,0
472_jpg.rf.ef0551073ebdf3a3101200bdbcebb434.jpg,1,0,0,0,0,0,1,0,0
acne-602-_jpeg_jpg.rf.137bfd1a9a3baebb74d196c1f51066a4.jpg,1,0,0,0,0,0,0,0,0
acne-600-_jpeg_jpg.rf.4c64d8ab05179b9678adc141c4535ec1.jpg,1,0,0,0,0,0,0,0,0
acne-635-_jpeg_jpg.rf.4e7d8fdf51bb50e7aa48ca1a31cdf239.jpg,1,0,0,0,0,0,0,0,0
acne-637-_jpg.rf.a9879edc0f5f82be6d338d2f528842dd.jpg,1,0,0,0,0,0,0,0,0
acne-636-_jpeg_jpg.rf.4f59f5c851311316a84b7a4edc6bd920.jpg,1,0,0,0,0,0,0,0,0
acne-598-_jpeg_jpg.rf.96a6019f5b82c4110bb652b7422970d0.jpg,1,0,0,0,0,0,0,0,0
acne-60-_jpeg_jpg.rf.f03d46c7d354e50f183f97ebdf1d468f.jpg,1,0,0,0,0,0,0,0,0
acne-613-_jpg.rf.c5b171b72784b6e75460a4bf197f509b.jpg,1,0,0,0,0,0,0,0,0
acne-64-_jpeg_jpg.rf.c4ff8f65902d51ae29c28b6b767a06d2.jpg,1,0,0,0,0,0,0,0,0
acne-623-_jpg.rf.5bfb0741edddbfeddb014807d791a837.jpg,1,0,0,0,0,0,0,0,0
449_jpg.rf.ac8e848ec7281ac9bb14eeecc84e6c4e.jpg,1,0,0,0,0,0,0,0,0
acne-620-_jpg.rf.476468ea1ec9da5f60e70524eec332e7.jpg,1,0,0,0,0,0,0,0,0
44_jpeg_jpg.rf.d1281377846ee099f4d7d7d78864f54b.jpg,0,0,0,0,0,0,0,0,1
acne-611-_jpeg_jpg.rf.0738d612bb14cbc25bea4a27c26e401a.jpg,1,0,0,0,0,0,0,0,0
471_jpg.rf.7665b0222a85df9bd1ed5dbbbf46930f.jpg,1,0,0,0,0,0,0,0,0
acne-624-_jpg.rf.e624097b37c4c4d1875bcba0b68fa094.jpg,1,0,0,0,0,0,0,0,0
50_jpg.rf.c1967978f6134bb3ca12fe4a4ce8f8f9.jpg,0,0,0,0,0,0,0,0,1
acne-589-_jpg.rf.a4025298e2265c96549236ae01438315.jpg,1,0,0,0,0,0,0,0,0
acne-606-_jpg.rf.983cba4713c7468e025a2bf2d8f22770.jpg,1,0,0,0,0,0,0,0,0
acne-618-_jpg.rf.4c5868e6b72a25726ed3854b02425b57.jpg,1,0,0,0,0,0,0,0,0
acne-628-_jpg.rf.62d4ce9178be8909466433a65316f5ff.jpg,1,0,0,0,0,0,0,0,0
447_jpg.rf.0ecec0b0f11b14274e3c6b486c632e43.jpg,1,0,0,0,0,0,0,0,0
acne-65-_jpg.rf.3d1bb7ff3c90be0420b63cba6b8c7107.jpg,1,0,0,0,0,0,0,0,0
acne-624-_jpeg_jpg.rf.b0519dbd9b749119cae1ea6d7c695e05.jpg,1,0,0,0,0,0,0,0,0
acne-622-_jpg.rf.c63f6f6d7f20a7f91d4fd4660d47d03c.jpg,1,0,0,0,0,0,0,0,0
acne-625-_jpg.rf.cec3f25e57bfe97c57e47a28dea0416b.jpg,1,0,0,0,0,0,0,0,0
acne-626-_jpeg_jpg.rf.cf4fbd030b7a22fba5b9bbe626af99cf.jpg,1,0,0,0,0,0,0,0,0
431_jpg.rf.366d1f7214b6d023e395ec53f8a12854.jpg,0,1,0,0,0,0,0,0,0
acne-589-_jpeg_jpg.rf.7383d9ee1ed9b3cf9da145b3edd4f993.jpg,1,0,0,0,0,0,0,0,0
44_jpg.rf.4f98ff48f3dbbe6dc3b18b815f6fa240.jpg,1,0,0,0,0,0,0,0,0
acne-638-_jpeg_jpg.rf.cc5cd74b62a01c41c948ca4b51544fba.jpg,1,0,0,0,0,0,0,0,0
453_jpg.rf.ee26189e0d1dc19702bddb2bae987dba.jpg,1,0,0,0,0,0,1,0,0
468_jpg.rf.f06e586f3fdfa614b3d461e972e3119b.jpg,1,1,0,0,0,0,1,0,0
464_jpg.rf.3bc2237014e00caa4b3cf335e9f2e8dd.jpg,1,0,0,0,0,0,1,0,0
470_jpg.rf.54dfad2bdc218af7376c57edc9d9384e.jpg,1,0,0,0,0,0,1,0,0
acne-600-_jpg.rf.f657ec3897b569f0e229c03d5afdffb4.jpg,1,0,0,0,0,0,0,0,0
532_jpg.rf.f6e08ca60388d717ac15eddac5d2b62b.jpg,1,1,0,0,0,0,0,0,0
455_jpg.rf.755c0ec8cdf4bfe83d87ac1da8397971.jpg,1,1,0,0,0,0,1,0,0
452_jpg.rf.9c9ff153cba8f5968884495c67fb0da8.jpg,1,0,0,0,0,0,1,0,0
460_jpg.rf.22df3bc8f8bbb76ead1cdbbea25e7124.jpg,1,0,0,0,0,0,1,0,0
48_jpg.rf.f60c2af42d7642dcd4cba3182f4f25f8.jpg,1,0,0,0,0,0,0,0,1
432_jpg.rf.38e03020ab1c9c3918741d258bb0b7f0.jpg,0,1,0,0,0,0,0,0,0
434_jpg.rf.7289376c67849d558c9700c9d8889c29.jpg,1,1,0,0,0,0,0,0,0
435_jpg.rf.8ebf25d8ccae342d35c7d90abccb4105.jpg,1,1,0,0,0,0,0,0,0
458_jpg.rf.c88a0f768f4a61cd6180d988b30c4d34.jpg,1,0,0,0,0,0,0,0,0
426_jpg.rf.10f3d673657cf142a74770bb533d5fa5.jpg,1,0,0,0,0,0,1,0,0
473_jpg.rf.e9a8241a47aa87382d38a36529b80c67.jpg,1,0,0,0,0,0,0,0,0
448_jpg.rf.4148e545790ca70235b20d275231d6b4.jpg,1,0,0,0,0,0,0,0,1
438_jpg.rf.eb5bb9e9c9761fb194b9d7f2dba1d483.jpg,1,1,0,0,0,0,1,0,0
acne-630-_jpg.rf.3164406ac2922e31fc33fdd002baf786.jpg,1,0,0,0,0,0,0,0,0
acne-629-_jpg.rf.69ffd5b3e0661386db2e243dd3faae1e.jpg,1,0,0,0,0,0,0,0,0
acne-631-_jpeg_jpg.rf.8a1da9bb640a8f0101f3a6262611d6f5.jpg,1,0,0,0,0,0,0,0,0
acne-663-_jpg.rf.cbb037d774233e477a98786334adaaea.jpg,1,0,0,0,0,0,0,0,0
acne-591-_jpg.rf.aa4fe871b1a97827224b0e0f4a7b6372.jpg,1,0,0,0,0,0,0,0,0
acne-664-_jpeg_jpg.rf.79242990077fe5ec0a8edcba3a922d92.jpg,1,0,0,0,0,0,0,0,0
531_jpg.rf.ba0665cf5d84acc1015111ad812b39ed.jpg,1,0,0,0,0,0,1,0,0
533_jpg.rf.b24af37a6a44a237fe54468143673f9a.jpg,1,1,0,0,0,0,0,0,0
511_jpg.rf.2dd3a168a48eef99015bf2504f764821.jpg,1,0,0,0,0,0,1,0,0
501_jpg.rf.d571dbb8c15f7fb79050a5c7eec416c6.jpg,0,0,0,0,0,0,1,0,0
514_jpg.rf.926dad10745640c8c99098121a36ac12.jpg,1,0,0,0,0,0,1,0,1
50_jpg.rf.f29e80e093d99751708fb3c43c040bec.jpg,1,0,0,0,0,0,0,0,0
451_jpg.rf.4d814c2ffdc057722b0c9c3b2ab81e00.jpg,0,0,0,0,0,0,1,0,0
acne-606-_jpeg_jpg.rf.4100da8c111f5491d71508f50464e03a.jpg,1,0,0,0,0,0,0,0,0
355_jpg.rf.0b29c7e0960923b6be8259a5710307b9.jpg,1,0,0,0,0,0,1,0,1
515_jpg.rf.ffd76c055cf7f1ad58f21ed894972fce.jpg,1,0,0,0,0,0,1,0,1
45_jpg.rf.34f5ecdbdeb0ed835dcabbf843c01d0a.jpg,1,0,0,0,0,0,0,0,0
acne-529-_jpeg_jpg.rf.24b4ad9353fdfb0079be40ad72f2d8fa.jpg,1,0,0,0,0,0,0,0,0
acne-644-_jpeg_jpg.rf.80125acdff9f1b7101a74bd437c1de33.jpg,1,0,0,0,0,0,0,0,0
acne-592-_jpeg_jpg.rf.4394e5b125da722cc6fb366d894d85c6.jpg,1,0,0,0,0,0,0,0,0
acne-645-_jpeg_jpg.rf.b3a8c4070ad06ae474facd5bf3d934a5.jpg,1,0,0,0,0,0,0,0,0
518_jpg.rf.c8b8cef8e868c6ab557cd4f4b5f0fc28.jpg,1,0,0,0,0,0,1,0,0
acne-633-_jpeg_jpg.rf.efa2d2e613822a3c1cef78d4eef25c6c.jpg,1,0,0,0,0,0,0,0,0
acne-590-_jpg.rf.e045563de17194b99ee0b6b132299ab9.jpg,1,0,0,0,0,0,0,0,0
acne-638-_jpg.rf.8e102816b297a933fb566323fcdbf874.jpg,1,0,0,0,0,0,0,0,0
503_jpg.rf.69febb3e5184850c5c89f61a6de9bda6.jpg,1,0,0,0,0,0,0,0,0
466_jpg.rf.33f899920597341518ae41ea91495b63.jpg,1,1,0,0,0,0,1,0,0
acne-648-_jpeg_jpg.rf.181ad7b6317a18162cc60ae4fd619690.jpg,1,0,0,0,0,0,0,0,0
467_jpg.rf.13b9a8dc92fb4ec83060879d1a1c66a3.jpg,0,1,0,0,0,0,1,0,0
505_jpg.rf.efd7ac3de2bbc563e42754c40dc01999.jpg,1,0,0,0,0,0,1,0,0
445_jpg.rf.10a141c11a0076fe6818000b2fef525f.jpg,1,0,0,0,0,0,1,0,0
acne-63-_jpg.rf.f3464bf7c0f5c3cc6546b9631c4dd6aa.jpg,1,0,0,0,0,0,0,0,0
acne-645-_jpg.rf.a9bec3f6157bd09cff85eda2d1ef69c9.jpg,1,0,0,0,0,0,0,0,0
acne-646-_jpg.rf.c54e51f55a638f15653170c9b90c16b8.jpg,1,0,0,0,0,0,0,0,0
acne-657-_jpeg_jpg.rf.abb7c698f895eec4e00349e7043fe8d7.jpg,1,0,0,0,0,0,0,0,0
475_jpg.rf.c19b3f56f1e4566137dea4aa21771a95.jpg,0,0,0,1,0,0,1,0,0
481_jpg.rf.bb5cf4b003674abae22395371cbccad1.jpg,1,0,0,0,0,0,1,0,0
436_jpg.rf.c36ef9321aad7e9728e4f0e6a6a8c1d3.jpg,1,1,0,0,0,0,1,0,0
478_jpg.rf.dc27739cf78f8c370485ab04004622b1.jpg,0,1,0,0,0,0,1,0,0
457_jpg.rf.1ebd79fbef9ad79e9285f919fa3102e3.jpg,1,0,0,0,0,0,0,0,0
437_jpg.rf.35ada770757a02256c790577d62c3199.jpg,0,1,0,0,0,0,1,0,0
474_jpg.rf.1f3719bc826549b1fce529df861a5fb5.jpg,1,0,0,0,0,0,1,0,0
539_jpg.rf.54579f571586380773d1d99a02753488.jpg,1,0,0,0,0,0,0,0,0
acne-633-_jpg.rf.44b856add89fbab346387b634fe25b75.jpg,1,0,0,0,0,0,0,0,0
acne-664-_jpg.rf.330692c9ff6a5b868acad3217075e956.jpg,1,0,0,0,0,0,0,0,0
46_jpg.rf.92dbd19365abe2e8c78deb922159fcc7.jpg,1,0,0,0,0,0,0,0,0
536_jpg.rf.ff05e4af2a35aeeaaf06872f3130e7a3.jpg,1,1,0,0,0,0,0,0,0
acne-590-_jpeg_jpg.rf.59b05b73e6097992a57878a87f7d8451.jpg,1,0,0,0,0,0,0,0,0
acne-665-_jpg.rf.849a8603d3fac96464075fcc2825b3e0.jpg,1,0,0,0,0,0,0,0,0
500_jpg.rf.ae47e6e864474dc13b5a8f9083c16479.jpg,0,0,0,0,0,0,1,0,0
acne-649-_jpg.rf.5a1f0d8efd2b0c809c04d040d84b89d9.jpg,1,0,0,0,0,0,0,0,0
4_jpg.rf.bf7271dcfae6c83894e4877ea9d5c898.jpg,1,0,0,0,0,0,0,0,0
446_jpg.rf.14e0aa5d1f32fa80a93d8bab88b1a21d.jpg,1,0,0,0,0,0,1,0,0
acne-665-_jpeg_jpg.rf.b7703c91a39498cc8780bf9520df8e69.jpg,1,0,0,0,0,0,0,0,0
519_jpg.rf.ef41f68dc2960ba601fb2432503ac980.jpg,1,0,0,0,0,0,1,0,0
490_jpg.rf.ca7cd1963e050d939e29b16386901492.jpg,0,0,0,1,0,0,0,0,0
537_jpg.rf.9bc8c90b7631c3bb1c3efad56c9c2aeb.jpg,1,1,0,0,0,0,0,0,0
487_jpg.rf.711b9d8cf9e0847561b3a9956a5be194.jpg,1,0,0,0,0,0,1,0,0
acne-643-_jpg.rf.ed2942c52b61f5005d3c561fa06dca5b.jpg,1,0,0,0,0,0,0,0,0
acne-684-_jpg.rf.7742adced8b43a658576e500d72b7ae8.jpg,1,0,0,0,0,0,0,0,0
acne-683-_jpeg_jpg.rf.c7f62a56b33b38c46bd41b7ca42d707c.jpg,1,0,0,0,0,0,0,0,0
482_jpg.rf.455d5dc270618f4214bee19ed1d34c1e.jpg,1,0,0,0,0,0,0,0,0
459_jpg.rf.825995c62372c641b8818e9d860aa98c.jpg,1,0,0,0,0,0,0,0,0
acne-643-_jpeg_jpg.rf.d06150a688b046e2d32448ce845c5ae2.jpg,1,0,0,0,0,0,0,0,0
534_jpg.rf.e093563e2aac63d4746d8418f3f2f026.jpg,1,0,0,0,0,0,0,0,0
49_jpg.rf.8b943ebda42f48dd6a3a86a77265ac9b.jpg,1,0,0,0,0,0,0,0,0
506_jpg.rf.0fdfeb50ac0d131f827eb00a9fb9be53.jpg,0,0,0,0,0,0,1,0,0
530_jpg.rf.033172fbf3e44b33d8ada67e51d90dae.jpg,1,0,0,0,0,0,0,0,0
acne-666-_jpg.rf.25a5963d710559e62a6bc6291713035e.jpg,1,0,0,0,0,0,0,0,0
502_jpg.rf.b2cdc0756a66e2f5274206f3c5b3ade7.jpg,1,0,0,0,0,0,1,0,0
522_jpg.rf.f0be14d38c642d9a3760cb6f3cca9870.jpg,1,0,0,0,0,0,0,0,0
acne-652-_jpeg_jpg.rf.0470715256a0d114a04e1612d41bfa2d.jpg,1,0,0,0,0,0,0,0,0
acne-654-_jpeg_jpg.rf.1fffd0a115e5ab2121dfb8358fee5164.jpg,1,0,0,0,0,0,0,0,0
acne-666-_jpeg_jpg.rf.c8a9f77d0693d8f61f3df8c61630f31d.jpg,1,0,0,0,0,0,0,0,0
acne-650-_jpeg_jpg.rf.37e8e9da54d08ffc53c60de6df343967.jpg,1,0,0,0,0,0,0,0,0
acne-609-_jpeg_jpg.rf.06f72a1aabaa2e0df23110bf32df7cf0.jpg,1,0,0,0,0,0,0,0,0
484_jpg.rf.3430c2d070a97cf7714ea3f2635f9e3b.jpg,1,0,0,0,0,0,0,0,0
491_jpg.rf.bda3837481ac127c61e83b7d8b7bfebe.jpg,1,0,0,0,0,0,0,0,0
492_jpg.rf.f1273d6706e11fd8f05b860b1375a798.jpg,1,0,0,0,0,0,0,0,0
488_jpg.rf.a8bfae60b840b9dfaed6923682a60a64.jpg,1,0,0,0,0,0,1,0,0
acne-648-_jpg.rf.cff9bd5d918857d7abb7365ed9ad806b.jpg,1,0,0,0,0,0,0,0,0
497_jpg.rf.1c25b1bb87ae75b8a0fa89475a0a1992.jpg,1,0,0,0,0,0,0,0,0
acne-682-_jpeg_jpg.rf.64c83bdd20c865feb985649a9a37a9fc.jpg,1,0,0,0,0,0,0,0,0
acne-640-_jpeg_jpg.rf.3f4f25f811ebde0ba20e6bac9dc86e8d.jpg,1,0,0,0,0,0,0,0,0
493_jpg.rf.60152b1155f584d65fe02d318bf28520.jpg,1,1,0,0,0,0,0,0,1
499_jpg.rf.bb5448bc8cdaad1945fa251ab0cd72e0.jpg,0,0,0,0,0,0,1,0,0
520_jpg.rf.b7c82d49120e285131895ea261c3c6f7.jpg,1,1,0,0,0,0,1,0,0
acne-683-_jpg.rf.3caa2a1b1758949a71f97409551d07fd.jpg,1,0,0,0,0,0,0,0,0
4_jpeg_jpg.rf.2ee155a40efc4f7f3d95adf2bbe99a8a.jpg,0,0,0,0,0,0,0,0,1
52_jpg.rf.09fa85e84da6032f0e67752798cb673e.jpg,1,1,0,0,0,0,0,0,0
acne-641-_jpg.rf.a45850b44a6fe6202284cc1d76427e9f.jpg,1,0,0,0,0,0,0,0,0
538_jpg.rf.8e77235a7621e8472d336bab70be112b.jpg,1,0,0,0,0,0,0,0,0
52_jpg.rf.0ef2b99eb45a3ffb7690bda799b72913.jpg,0,0,0,0,0,0,0,0,1
acne-693-_jpeg_jpg.rf.c6a1c8fdd20b742386808b2f749545bd.jpg,1,0,0,0,0,0,0,0,0
acne-681-_jpg.rf.6d0d4535183cead704067f8f48e974e0.jpg,1,0,0,0,0,0,0,0,0
acne-68-_jpeg_jpg.rf.8c8d923ae12106ef897b9903b6a3b45e.jpg,1,0,0,0,0,0,0,0,0
acne-694-_jpeg_jpg.rf.e50318d6cd6cfbecbe81fc4fbc55ff7f.jpg,1,0,0,0,0,0,0,0,0
acne-668-_jpeg_jpg.rf.4fd84d5028c215596df3b4aa93d60bbd.jpg,1,0,0,0,0,0,0,0,0
acne-67-_jpeg_jpg.rf.6616da3b265794eb18ac17ac17cfb6dd.jpg,1,0,0,0,0,0,0,0,0
acne-685-_jpg.rf.9b0ef247b6000b626e045e795e3f7183.jpg,1,0,0,0,0,0,0,0,0
627_jpg.rf.8954062ac122982a624ee202f6adb602.jpg,1,0,0,0,0,0,1,0,0
acne-668-_jpg.rf.96122f8c41f80b46d3ee946d4293ce14.jpg,1,0,0,0,0,0,0,0,0
acne-651-_jpg.rf.4a69d04288be2d50df2dc62a930958de.jpg,1,0,0,0,0,0,0,0,0
acne-671-_jpg.rf.b873101a7d33d29ac2e32df757987e7d.jpg,1,0,0,0,0,0,0,0,0
acne-653-_jpg.rf.732169fa23ca752ef5bba4dad2f346d1.jpg,1,0,0,0,0,0,0,0,0
acne-669-_jpeg_jpg.rf.80b2ffcec73756cdac346a826fd57d70.jpg,1,0,0,0,0,0,0,0,0
51_jpg.rf.d9158d47ba6af10b92540fa117cedf95.jpg,1,0,0,0,0,0,0,0,0
486_jpg.rf.6346745924434b72a3e0bc0da077df6d.jpg,1,0,0,0,0,0,1,0,0
acne-650-_jpg.rf.d3c9bf92ea92012af7e20c80d823af30.jpg,1,0,0,0,0,0,0,0,0
acne-7-_jpg.rf.870e5bb12937e2efd98b9a6a8f3f78c5.jpg,1,0,0,0,0,0,0,0,0
acne-649-_jpeg_jpg.rf.b3214cd3951c3a0b933d1af77f1af61b.jpg,1,0,0,0,0,0,0,0,0
acne-7-_png_jpg.rf.39c0d28c1e9350deb3b480fb272542c2.jpg,1,0,0,0,0,0,0,0,0
acne-684-_jpeg_jpg.rf.cc72dcb463e5248b53d6e93381e3c823.jpg,1,0,0,0,0,0,0,0,0
acne-685-_jpeg_jpg.rf.aced3a7da9feb55847061212b33d86bd.jpg,1,0,0,0,0,0,0,0,0
acne-64-_jpg.rf.79b15512af6754863f9a0bbc3a919db6.jpg,1,0,0,0,0,0,0,0,0
528_jpg.rf.245038e0d17ddafd9a3f7c391c20328a.jpg,1,0,0,0,0,0,1,0,0
acne-680-_jpeg_jpg.rf.fe222c2da00b7a5b99f3282aa8e1f240.jpg,1,0,0,0,0,0,0,0,0
acne-670-_jpeg_jpg.rf.e118554f2932a1a031f43a31fdb4009b.jpg,1,0,0,0,0,0,0,0,0
acne-692-_jpeg_jpg.rf.0d7ec1307f8af47bebbd0090300bf332.jpg,1,0,0,0,0,0,0,0,0
acne-670-_jpg.rf.1c0624c98717a8fabb24148620e8cef4.jpg,1,0,0,0,0,0,0,0,0
acne-695-_jpeg_jpg.rf.df804653a27f3cc9bd87af29ab778c26.jpg,1,0,0,0,0,0,0,0,0
acne-695-_jpg.rf.b52ecab9365b279ceb98484548aaf3d5.jpg,1,0,0,0,0,0,0,0,0
acne-67-_jpg.rf.a48c737e198b564fa0ff89a88cf2ef75.jpg,1,0,0,0,0,0,0,0,0
acne-692-_jpg.rf.d6819f0707b7a47942ab6fbeabc281e5.jpg,1,0,0,0,0,0,0,0,0
acne-653-_jpeg_jpg.rf.ee4745a6c3f8edbfd08e3cd04e18cec8.jpg,1,0,0,0,0,0,0,0,0
acne-656-_jpg.rf.299a7bc0efa5c1956453fa5731bcea7a.jpg,1,0,0,0,0,0,0,0,0
527_jpg.rf.d5673ba657a962b8872d0fc565b69ebb.jpg,1,0,0,0,0,0,0,0,0
acne-698-_jpg.rf.051e4c6714e8cf3e6e3aa499a0b5b47e.jpg,1,0,0,0,0,0,0,0,0
acne-7-_jpeg_jpg.rf.dcf041c23e43db80c5948890212bbe3d.jpg,1,0,0,0,0,0,0,0,0
602_jpg.rf.722a61b350b712d0a62c61366948a175.jpg,1,0,0,0,0,0,1,0,0
489_jpg.rf.fea4204736fc8909c232cef598a2000a.jpg,0,0,0,0,0,0,1,0,0
523_jpg.rf.373dcd337165032732df25f5fd16c099.jpg,1,0,0,0,0,0,1,0,0
525_jpg.rf.405055f78ce96d7425c3adac8ebfaf06.jpg,0,0,0,0,0,0,1,0,0
495_jpg.rf.be26ae7c0471aca0ad6853ef6fff1ebb.jpg,1,1,0,0,0,0,0,0,1
521_jpg.rf.b7e0ad158f5c3271452c7dd2a1a4c6df.jpg,1,1,0,0,0,0,1,0,0
acne-68-_jpg.rf.8133e54a3d0f56b1bc592d1196707c17.jpg,1,0,0,0,0,0,0,0,0
acne-680-_jpg.rf.4c6a19721dc5324ab6c0552c8d4429f1.jpg,1,0,0,0,0,0,0,0,0
acne-674-_jpeg_jpg.rf.1c24641fefb9776dac01bac084447bfb.jpg,1,0,0,0,0,0,0,0,0
acne-696-_jpeg_jpg.rf.0b7bec502a247cb4d02c5741372bc622.jpg,1,0,0,0,0,0,0,0,0
51_jpg.rf.9cc5f875e51d223b85af6c53fe2148ae.jpg,0,0,0,0,0,0,0,0,1
540_jpg.rf.8ce6e128ff6cdd7c6f17a216ba4d86ea.jpg,1,0,0,0,0,0,0,0,0
53_jpg.rf.5bfd72b822c5cd02d811be7849e784c9.jpg,0,0,0,0,0,0,0,0,1
53_jpg.rf.475320992f262de2def3d21a3eaa10cb.jpg,1,0,0,0,0,0,0,0,0
acne-70-_jpeg_jpg.rf.8f58cd49dcab630a2d65f53dbb787cc4.jpg,1,0,0,0,0,0,0,0,0
acne-646-_jpeg_jpg.rf.c59505abcda2439e15d13939684966e8.jpg,1,0,0,0,0,0,0,0,0
630_jpg.rf.d1cc5ce835757079d7ede6a29c0283d9.jpg,1,0,0,0,0,0,1,0,0
47_jpg.rf.9e4a9b39165a35d7965671d1ae566d22.jpg,1,0,0,0,0,0,0,0,0
62_jpg.rf.2fa051bef110981f2594a348bce24c5c.jpg,1,0,0,0,0,0,0,0,0
604_jpg.rf.43c97b76d2688fa6de302e1f90ab4449.jpg,1,0,0,0,0,0,1,0,0
601_jpg.rf.e589309a0bce586d011995a7fd1d6528.jpg,1,0,0,0,0,0,1,0,0
628_jpg.rf.7ee6d7eb5f781d3c98fdc2d32c3b260b.jpg,1,1,0,0,0,0,1,0,1
acne-70-_jpg.rf.caf3fb6b29219e210268d154b30b957c.jpg,1,0,0,0,0,0,0,0,0
606_jpg.rf.7704df5d5b6fa921c040fd9c5df62277.jpg,1,0,0,0,0,0,1,0,0
acne-696-_jpg.rf.92dfef087265b57498a30a677494f99d.jpg,1,0,0,0,0,0,0,0,0
609_jpg.rf.f5cc42006cf11c5016791e8d03ccb7fb.jpg,1,0,0,0,0,0,1,0,1
507_jpg.rf.a6a76bc0c2c5f3de05d6d3b9d3a48b8e.jpg,0,0,0,0,0,0,1,0,0
acne-686-_jpg.rf.fbbd3fc671573fd24ecc0fd24c95fa35.jpg,1,0,0,0,0,0,0,0,0
acne-687-_jpg.rf.c36bb521ffe0c8ed731d9a2ad37dc076.jpg,1,0,0,0,0,0,0,0,0
603_jpg.rf.e9031fec59e54d6c97b2364539317a8a.jpg,1,0,0,0,0,0,0,0,0
acne-657-_jpg.rf.2d283feb68515f36941abeff1f70f18c.jpg,1,0,0,0,0,0,0,0,0
526_jpg.rf.6dd14ddc2625500a58e4500459be28d9.jpg,1,1,0,0,0,0,1,0,0
acne-659-_jpg.rf.3cf5bbe61f22fcf34c67deb36c7fab87.jpg,1,0,0,0,0,0,0,0,0
544_jpg.rf.2178e681b4c979d81734822ccacb4967.jpg,1,0,0,0,0,0,0,0,0
620_jpg.rf.1b4c5413eaf89c874ee7d36b09c58059.jpg,1,0,0,0,0,0,1,0,0
acne-700-_jpg.rf.043dc09a320d52ef1d2d7747cfa19d1b.jpg,1,0,0,0,0,0,0,0,0
637_jpg.rf.6ec76232b65cfee3ff4293eeca4d8e06.jpg,1,1,0,0,0,0,0,0,0
61_jpg.rf.29b9bfb37a2ff8e903e4b59e40cdb4f3.jpg,1,0,0,0,0,0,0,0,0
618_jpg.rf.3a9866dcc8251e366e0dcc9709543980.jpg,1,0,0,0,0,0,1,0,1
acne-701-_jpeg_jpg.rf.6d364e5eb4d6ceada92c21d0e34b3d8d.jpg,1,0,0,0,0,0,0,0,0
623_jpg.rf.cd0299ef34fc195a2b1b66bec3238301.jpg,1,0,0,0,0,0,0,0,1
633_jpg.rf.54cc359192dfb1822322f6ff90ff8ba6.jpg,1,0,0,0,0,0,1,0,1
acne-681-_jpeg_jpg.rf.2e03f567f1fb090f36f35139856e9f88.jpg,1,0,0,0,0,0,0,0,0
635_jpg.rf.b71c03e2cf9c73624ebe3a16ce447d7f.jpg,1,0,0,0,0,0,0,0,1
acne-677-_jpg.rf.6b67c588af553f9f7efd7a6d95ac3e4c.jpg,1,0,0,0,0,0,0,0,0
acne-673-_jpeg_jpg.rf.2554a8b0539375a1f2823cc9fb18e18f.jpg,1,0,0,0,0,0,0,0,0
acne-678-_jpeg_jpg.rf.0f72991f734444c47a2f3bc81e2c825a.jpg,1,0,0,0,0,0,0,0,0
629_jpg.rf.dbfc1b36f5972e0f736ebba144fbfa5c.jpg,1,0,0,0,0,0,1,0,0
609d08fd2e319c0afbe44f3657988a64_jpg.rf.eb0e6c06e2c46301b0ecf3be5460eb69.jpg,0,0,0,1,0,0,0,0,0
acne-678-_jpg.rf.a5db653283ecf90e895d5344c5569d60.jpg,1,0,0,0,0,0,0,0,0
acne-66-_jpg.rf.2ace46127d4f7b7aac8030d40c710828.jpg,1,0,0,0,0,0,0,0,0
acne-66-_jpeg_jpg.rf.5a7a020a3ce7d60d4bf2ee8663acf674.jpg,1,0,0,0,0,0,0,0,0
543_jpg.rf.ce75cfe71854dfd79f45520af907c643.jpg,1,0,0,0,0,0,0,0,0
541_jpg.rf.f2015f6c779b83014534f89049fa1045.jpg,1,0,0,0,0,0,0,0,0
acne-698-_jpeg_jpg.rf.a79d83e7e332f57c80b8a76d0163041c.jpg,1,0,0,0,0,0,0,0,0
acne-658-_jpeg_jpg.rf.b0361234ba5ef2024fec45a0e41da944.jpg,1,0,0,0,0,0,0,0,0
acne-700-_jpeg_jpg.rf.a4bdf110694c98ea4bd5fb4abe935e98.jpg,1,0,0,0,0,0,0,0,0
acne-658-_jpg.rf.ef183a80e272929e7b73e6a22e198545.jpg,1,0,0,0,0,0,0,0,0
acne-660-_jpeg_jpg.rf.811f481e2595d1fa455ba39b4e9a0ed5.jpg,1,0,0,0,0,0,0,0,0
619_jpg.rf.c24f289348c26ad1802a8cb95a162f54.jpg,1,0,0,0,0,0,1,0,1
acne-705-_jpg.rf.3e0714564caa48a2a51f130d71f881d5.jpg,0,0,0,1,0,0,0,0,0
636_jpg.rf.23a02a10bc02c92e04931f33122f632d.jpg,0,0,0,1,0,0,0,0,1
60_jpg.rf.36c7bbf08b915298cf51f457fae3c182.jpg,1,0,0,0,0,0,0,0,0
acne-671-_jpeg_jpg.rf.8c33aa6d379d540a077c5f09c31e92b0.jpg,1,0,0,0,0,0,0,0,0
631_jpg.rf.8430c3b07fe9942d518af8aedc352aca.jpg,1,0,0,0,0,0,1,0,0
632_jpg.rf.aefab1d7b08e6f5ed736783892cc303e.jpg,1,0,0,0,0,0,1,0,0
611_jpg.rf.9303e251abba7a4995bba76c57d40f7b.jpg,1,0,0,0,0,0,1,0,1
acne-72-_jpeg_jpg.rf.2b1c05d5706b3afd32114fb360748926.jpg,1,0,0,0,0,0,0,0,0
634_jpg.rf.6378ce83767126ad97b7f239ab8a3b97.jpg,0,1,0,1,0,0,0,0,1
acne-676-_jpg.rf.6d8a7b98e86063f6f4295dd72e3ef63d.jpg,1,0,0,0,0,0,0,0,0
585_jpg.rf.af311c6f4c3c79d7cc9b9fd577e2dcfd.jpg,1,0,0,0,0,0,0,0,0
acne-689-_jpeg_jpg.rf.9ce86c2660f5960455fe55d6bffd2dda.jpg,1,0,0,0,0,0,0,0,0
acne-687-_jpeg_jpg.rf.bea0c99a7d82140a5bef672f45b50e08.jpg,1,0,0,0,0,0,0,0,0
acne-691-_jpeg_jpg.rf.b9a11e9ef25947a96c5a9e79df4ed93a.jpg,1,0,0,0,0,0,0,0,0
556_jpg.rf.8d492c17754202a1f771844d89e95751.jpg,0,1,0,0,0,0,0,0,0
54_jpg.rf.071952d4340847c4e8e093dfdd5527af.jpg,1,0,0,0,0,0,0,0,0
547_jpg.rf.57a10f0afc0383b77dc44a0b43aa1277.jpg,1,0,0,0,0,0,1,0,0
acne-688-_jpg.rf.151ba6f5380f462d465ef04fd9fc193a.jpg,0,0,0,0,0,1,0,0,0
546_jpg.rf.1260ec64303f7ce9f1ece16497f3e5e3.jpg,1,1,0,0,0,0,0,0,0
acne-704-_jpg.rf.0e93b7e058dc80895b292fc5583a62b0.jpg,0,0,0,1,0,0,0,0,0
60_jpg.rf.babcba46c190a1f3a9f27d839d58ad85.jpg,0,0,0,0,0,0,0,0,1
550_jpg.rf.72ff5e83a92c120f0af6b28f69b6397d.jpg,1,0,0,0,0,0,0,0,0
acne-706-_jpeg_jpg.rf.bdf3344b254ac7024eced1e1a5790246.jpg,1,0,0,0,0,0,0,0,0
acne-703-_jpg.rf.421bd76410a1a4f34de2e64e314358a3.jpg,1,0,0,0,0,0,0,0,0
acne-723-_jpeg_jpg.rf.2d3d0ccd08188aca8e0834d5a0142abe.jpg,1,0,0,0,0,0,0,0,0
acne-661-_jpeg_jpg.rf.5c47fe050389faef7dd4d5a87336f2fb.jpg,1,0,0,0,0,0,0,0,0
63_jpg.rf.24a365f82b56a9f944d61e971d261b29.jpg,0,0,0,0,0,0,0,0,1
acne-689-_jpg.rf.17409bcdaa61ea4cba7ebffb671c4e68.jpg,0,0,0,1,0,0,0,0,0
acne-723-_jpg.rf.f1b089a2f487afe5e943816e6a164fb4.jpg,1,0,0,0,0,0,0,0,0
acne-722-_jpeg_jpg.rf.d8da148dc58df2c63d284c25360f64c1.jpg,1,0,0,0,0,0,0,0,0
57_jpg.rf.2c3c671c2aff13a59a5dd74a2f224ab1.jpg,1,1,0,0,0,0,0,0,0
acne-697-_jpg.rf.7846b41627d86bc583ba3cc34fb4b5e6.jpg,1,0,0,0,0,0,0,0,0
610_jpg.rf.98b794216f8714120dc6d1ff9d9681fa.jpg,1,0,0,0,0,0,1,0,1
582_jpg.rf.b26dff607644d7eca01706333d8824fa.jpg,1,0,0,0,0,0,0,0,0
acne-679-_jpg.rf.98c91e48829f76c5acda4ef48c846361.jpg,1,0,0,0,0,0,0,0,0
622_jpg.rf.280b590b6498a1d755a043f4335e2333.jpg,1,0,0,0,0,0,0,0,0
acne-675-_jpeg_jpg.rf.ea43acbad7f20af263a04a459db10f93.jpg,1,0,0,0,0,0,0,0,0
571_jpg.rf.025fed0590449a50d42fee9dae453e97.jpg,1,0,0,0,0,0,0,0,1
578_jpg.rf.f7a8f280dbe4e9ec7b2356200251e710.jpg,1,0,0,0,0,0,1,0,0
acne-704-_jpeg_jpg.rf.e64e4cc5c3417cd070826897d8347dce.jpg,1,0,0,0,0,0,0,0,0
acne-722-_jpg.rf.4e802e284edf85489052635d1553563d.jpg,0,0,0,1,0,0,0,0,0
559_jpg.rf.8bf3929fce2b3e61b9eeac6fa3a9cb9d.jpg,1,0,0,0,0,0,1,0,0
acne-708-_jpeg_jpg.rf.56ea88ade9ee74c1ca645e0d43da3920.jpg,1,0,0,0,0,0,0,0,0
acne-707-_jpg.rf.f654158c941c41752b5f296f39124170.jpg,1,0,0,0,0,0,0,0,0
acne-720-_jpeg_jpg.rf.7b3e04a1a002f1c4069ad8f06fc685b7.jpg,1,0,0,0,0,0,0,0,0
acne-707-_jpeg_jpg.rf.5e262f2ebeaffbf09a74f2cfc16a56fc.jpg,1,0,0,0,0,0,0,0,0
acne-661-_jpg.rf.8769d369e4c4d6b1c0fbd607b00268e7.jpg,1,0,0,0,0,0,0,0,0
acne-712-_jpeg_jpg.rf.0a70b671a8ba7a729047c7601236bdce.jpg,1,0,0,0,0,0,0,0,0
acne-745-_jpg.rf.8f7ccfc141fd49b4394bbbb85b830a91.jpg,1,0,0,0,0,0,0,0,0
583_jpg.rf.06ce37ef417480a1f01c19790b66f412.jpg,1,0,0,0,0,0,0,0,0
acne-686-_jpeg_jpg.rf.3052a66da94684d8a75ac587aa2be3fa.jpg,1,0,0,0,0,0,0,0,0
5_jpeg_jpg.rf.641f72e786fbb0f8533572fd2d932590.jpg,0,0,0,0,0,0,0,0,1
586_jpg.rf.059ed8cde17879b3df1074b0d8141d1f.jpg,1,0,0,0,0,0,0,0,0
651_jpg.rf.3cc097b8bf4152a57e04ea386b8a563d.jpg,1,0,0,0,0,0,0,0,0
acne-716-_jpg.rf.a5bee2a000d7a8561db83c8cd969790f.jpg,1,0,0,0,0,0,0,0,0
624_jpg.rf.aa9b19c1084bfe6c21e4014eb11ac679.jpg,1,0,0,0,0,0,1,0,1
626_jpg.rf.db5c4c3ca9a80407da23f791780b55c7.jpg,1,0,0,0,0,0,1,0,0
acne-711-_jpeg_jpg.rf.45df6cf9934b92b9fc9524b23f35dd05.jpg,1,0,0,0,0,0,0,0,0
acne-662-_jpg.rf.d27be8fd49f090be878334dc221145c7.jpg,1,0,0,0,0,0,0,0,0
56_jpg.rf.413db55b9ec685f51a5b92333e83c535.jpg,0,0,0,0,0,0,0,0,1
557_jpg.rf.8b5bcbf126a9103e85220fcef498e575.jpg,1,1,0,0,0,0,0,0,0
561_jpg.rf.1ca9590d7ef00f177bd8cb743470801e.jpg,1,0,0,0,0,0,1,0,0
573_jpg.rf.1535bb90d931beae5ad3d1c2585aec12.jpg,1,0,0,0,0,0,0,0,1
acne-663-_jpeg_jpg.rf.a0a8c7003b6102a7c38694d1592e98c1.jpg,1,0,0,0,0,0,0,0,0
acne-662-_jpeg_jpg.rf.fad4673628dea4eaf368ba340ccf76e5.jpg,1,0,0,0,0,0,0,0,0
65_jpg.rf.bc32bc4b7c5aee11b5ebcebc3738c03a.jpg,1,0,0,0,0,0,0,0,1
587_jpg.rf.848f95ec42b7043f45571a5141cefdb9.jpg,1,0,0,0,0,0,0,0,0
588_jpg.rf.3b5bd398cbc435f58b002684939b00ff.jpg,1,0,0,0,0,0,0,0,0
555_jpg.rf.fe6f9b66d73c704492d430bd3e896539.jpg,1,0,0,0,0,0,1,0,0
600_jpg.rf.33be0cab0c6f13bbbe1e6b1077b77b45.jpg,1,0,0,0,0,0,0,0,0
acne-74-_jpg.rf.5916ad8c11a50fa320565d44f9d9edaf.jpg,1,0,0,0,0,0,0,0,0
590_jpg.rf.03ad4006aa1b5ea7179a0919afc43d48.jpg,0,1,0,0,0,0,1,0,1
5_jpg.rf.98c639a2b9ebb2d0875040232fd18d12.jpg,1,0,0,0,0,0,0,0,0
acne-709-_jpeg_jpg.rf.57347b80d0eea0cfa91ddb4d3d56ce5e.jpg,1,0,0,0,0,0,0,0,0
acne-71-_jpeg_jpg.rf.87ca2122e6d34ea1d6a1d30bbe3ea437.jpg,1,0,0,0,0,0,0,0,0
acne-751-_jpg.rf.4cb47153a13fac639641508cbbb99944.jpg,1,0,0,0,0,0,0,0,0
579_jpg.rf.8d8853661762ab05403428b4725ec106.jpg,1,0,0,0,0,0,0,0,0
acne-702-_jpg.rf.c0a50e242f18f3bb588ae6fe49523c1a.jpg,1,0,0,0,0,0,0,0,0
acne-701-_jpg.rf.91b692a7200522bde5619f4a6962ddd9.jpg,1,0,0,0,0,0,0,0,0
580_jpg.rf.7d0c46a220499dde71af6687f8bf3f03.jpg,1,0,0,0,0,0,0,0,1
acne-713-_jpeg_jpg.rf.2f5938441e7b3fe55aaf9e4f62d46729.jpg,1,0,0,0,0,0,0,0,0
acne-724-_jpeg_jpg.rf.e1d2d344b12a57bad2f0f1605ce324e4.jpg,1,0,0,0,0,0,0,0,0
acne-716-_jpeg_jpg.rf.b1909f1687d0315f7dfc780206348f5d.jpg,1,0,0,0,0,0,0,0,0
613_jpg.rf.bbd6a5a10d513d91ec6e453f58d94fc8.jpg,1,0,0,0,0,0,0,0,0
575_jpg.rf.7223e4c7e0d9fb13766f7dc46cd86625.jpg,1,0,0,0,0,0,1,0,0
614_jpg.rf.77a8b28eac0057ae4e0a122d215edd26.jpg,1,0,0,0,0,0,0,0,1
acne-718-_jpg.rf.dc32eea02b109dc7075c8d9e6b9f11f2.jpg,1,0,0,0,0,0,0,0,0
acne-567-_jpg.rf.533e989a6d5dfc58d897042c373dd83d.jpg,1,0,0,0,0,0,0,0,0
acne-540-_jpg.rf.aabe2880300a3e22b15753dd05233199.jpg,1,0,0,0,0,0,0,0,0
acne-528-_jpeg_jpg.rf.df332d1066e5669f0eac575ff801dd8f.jpg,1,0,0,0,0,0,0,0,0
359_jpg.rf.811cd2f4eec829eea3cf56bcb947ebf7.jpg,0,0,0,0,0,0,0,0,1
acne-522-_jpeg_jpg.rf.2b8ac6eafcaf48d4053ed94323843de2.jpg,1,0,0,0,0,0,0,0,0
acne-541-_jpg.rf.35f9fd3ac7ce8b4df86a7c21a09d01aa.jpg,1,0,0,0,0,0,0,0,0
acne-539-_jpg.rf.67d45d22261828f700a7208bfebe8bde.jpg,1,0,0,0,0,0,0,0,0
acne-523-_jpeg_jpg.rf.dd96a563df8c19fcec8de9b832f9a90c.jpg,1,0,0,0,0,0,0,0,0
382_jpg.rf.d9e9959601b9daa30ac7235c9dcc1fcd.jpg,1,0,0,0,0,0,1,0,0
acne-560-_jpeg_jpg.rf.c489a51b178fac6dc8419cda02c8bca6.jpg,1,0,0,0,0,0,0,0,0
acne-554-_jpeg_jpg.rf.98345ae77045c230746e4b6a110eb725.jpg,1,0,0,0,0,0,0,0,0
acne-570-_jpg.rf.4033144ed8bb1f0a667c9d6eb8b2598a.jpg,0,0,0,1,0,0,0,0,0
383_jpg.rf.ad273ef920bb25599fd37ef48360dfce.jpg,1,0,0,0,0,0,1,0,0
377_jpg.rf.feba5e9b6266bfa1940d85a0aa8a3b2a.jpg,1,0,0,0,0,0,0,0,0
373_jpg.rf.425064f6ccd5c208c5d54fe79f0a14db.jpg,1,0,0,0,0,0,1,0,0
acne-560-_jpg.rf.615e0e4272debfd5b16c2be8c670f71b.jpg,1,0,0,0,0,0,0,0,0
acne-519-_jpg.rf.326740028d838754ec81f87904cf7906.jpg,1,0,0,0,0,0,0,0,0
acne-384-_jpeg_jpg.rf.e640dad79957972a57d951c89c26bb09.jpg,1,0,0,0,0,0,0,0,0
acne-41-_jpeg_jpg.rf.288726fcc3b251e80b2d4590bb2b121d.jpg,1,0,0,0,0,0,0,0,0
acne-384-_jpg.rf.1bab4dcf643f74186e8fea8b8707ad46.jpg,1,0,0,0,0,0,0,0,0
2688545621_1_jpg.rf.16b1c1c4a71de478701ccb6f5ebdbbbc.jpg,0,1,0,0,0,0,0,0,0
levle2_125_jpg.rf.393fc1c5f8779773dd7930abf5eb53be.jpg,1,0,0,0,0,0,0,0,0
acne-409-_jpg.rf.68f7e42786caffb9920a86a0a5b3dec0.jpg,1,0,0,0,0,0,0,0,0
acne-39-_jpeg_jpg.rf.a71752955e6aaea43d44c5e911537408.jpg,1,0,0,0,0,0,0,0,0
acne-385-_jpeg_jpg.rf.c73104fad06d8eac279397db4f2537b7.jpg,1,0,0,0,0,0,0,0,0
acne-410-_jpg.rf.526dcb6f5123941f5a7f3856411cd418.jpg,1,0,0,0,0,0,0,0,0
acne-390-_jpeg_jpg.rf.c7ee24a41a2aeb8107c16713f90fb1ee.jpg,1,0,0,0,0,0,0,0,0
levle1_593_png_jpg.rf.3bdbb33b22bce47f89aa236f53aaaf31.jpg,1,0,0,0,0,0,0,0,0
acne-383-_jpeg_jpg.rf.360c4ceba522dc533db669982aa0a3b0.jpg,1,0,0,0,0,0,0,0,0
acne-398-_jpeg_jpg.rf.3c1b1677ea793228a9bee0bde2a17171.jpg,1,0,0,0,0,0,0,0,0
levle1_577_jpg.rf.e3718e9bf90be05b8c6041ab7c08af67.jpg,1,0,0,0,0,0,0,0,0
levle2_72_png_jpg.rf.87530f72a7439355b869ee8e4d3e447f.jpg,1,0,0,0,0,0,0,0,0
levle2_74_png_jpg.rf.4181b5e4704823ab68ebfb3372f44428.jpg,1,0,0,0,0,0,0,0,0
acne-382-_jpeg_jpg.rf.600747b759b84417db66910fb46c3c66.jpg,1,0,0,0,0,0,0,0,0
levle2_67_jpg.rf.7fc7fff6d96a10375fd45e2687b5f63d.jpg,1,0,0,0,0,0,0,0,0
levle2_8_jpg.rf.f2d0cd94c6cc095a972b783517861238.jpg,1,0,0,0,0,0,0,0,0
acne-404-_jpeg_jpg.rf.3fea7ab5b1ff33ed96bcff46eacd37ee.jpg,1,0,0,0,0,0,0,0,0
levle2_189_png_jpg.rf.7e0d300296614814c3cb514993a2b732.jpg,1,0,0,0,0,0,0,0,0
acne-407-_jpg.rf.0eb18d3ec705a06ff8588bd9a1bda768.jpg,1,0,0,0,0,0,0,0,0
acne-40-_jpeg_jpg.rf.3e8a2d66141521d6410d4eb220690f26.jpg,1,0,0,0,0,0,0,0,0
acne-4-_jpg.rf.d689de9416efb79a4bfdb650555b9308.jpg,1,0,0,0,0,0,0,0,0
acne-408-_jpeg_jpg.rf.b30d72cca227689abd2b4248efdbda5e.jpg,1,0,0,0,0,0,0,0,0
acne-4-_png_jpg.rf.a85e1531f138ada825873fe48ef00d96.jpg,1,0,0,0,0,0,0,0,0
oily-243-_jpg.rf.b9b9784e636b665d3f9fabc3d1a22099.jpg,1,0,0,1,0,0,0,0,0
acne-397-_jpg.rf.84d94fa61dbdebd36d4a09a985cd4aea.jpg,1,0,0,0,0,0,0,0,0
acne-387-_jpeg_jpg.rf.887729b4a257d93113039b83428be254.jpg,1,0,0,0,0,0,0,0,0
levle1_589_jpg.rf.03e29cca6d8521715397db68b73a42bc.jpg,1,0,0,0,0,0,0,0,0
levle2_79_jpg.rf.6fd9a288adb69e67777b372bcfc54924.jpg,1,0,0,0,0,0,0,0,0
acne-406-_jpeg_jpg.rf.529b0fcface727c8130f3d598eafc652.jpg,1,0,0,0,0,0,0,0,0
acne-403-_jpeg_jpg.rf.3a44a9892609f0cfbabca09b513f1781.jpg,1,0,0,0,0,0,0,0,0
oily-215-_jpg.rf.261819eb23d3a266bb9da123b8ab2d82.jpg,0,0,0,0,0,1,1,0,0
oily-199-_jpg.rf.0065b4ddf3305b7e9db199a66da99687.jpg,0,0,0,0,0,1,0,0,0
oily-205-_jpg.rf.eb19850ee95e423172af00a10e87d203.jpg,0,0,0,0,0,1,0,0,0
oily-233-_JPG_jpg.rf.718f09228e75b7cb2384fc39c2cc6c24.jpg,1,0,0,0,0,0,0,0,0
acne-38-_png_jpg.rf.26bd64d1c6de07d52bf995362748486f.jpg,1,0,0,0,0,0,0,0,0
acne-398-_jpg.rf.2ae6869a33c0e65cbf7c96051152c05a.jpg,1,0,0,0,0,0,0,0,0
acne-392-_jpg.rf.665afa020de6442ecdae7fd482cf8240.jpg,1,0,0,0,0,0,0,0,0
normal-162-_jpg.rf.91cb42fd7024ffd3fe569fb0879a6908.jpg,0,0,0,0,1,0,0,0,0
acne-402-_jpeg_jpg.rf.6644fdf00a0f939c4de56f36e721230f.jpg,1,0,0,0,0,0,0,0,0
levle3_102_jpg.rf.cfbc5c66a0fed18bce0a8c74edf30473.jpg,1,0,0,0,0,0,0,0,0
acne-385-_jpg.rf.ae6dadb19e2359f9f186dfea57baec26.jpg,1,0,0,0,0,0,0,0,0
levle2_44_jpg.rf.c25cd75331fe81885dd60afd6a1f0663.jpg,1,0,0,0,0,0,0,0,0
acne-386-_jpg.rf.d294ea946676ff63fb919b51c7add0d7.jpg,1,0,0,0,0,0,0,0,0
levle2_46_png_jpg.rf.96e7a0b1c9d36c6eb9e89b03d3b7d984.jpg,1,0,0,0,0,0,0,0,0
oily-216-_jpg.rf.7409fc92dd3f7487d1425b978c3e12e5.jpg,1,0,0,1,0,0,0,0,0
oily-194-_jpg.rf.7401c99a59d294433bd928c9f08843e2.jpg,0,0,0,0,0,1,0,0,0
acne-399-_jpg.rf.70a615ee14902fed5f3aa59943cc7d60.jpg,1,0,0,0,0,0,0,0,0
acne-393-_jpeg_jpg.rf.34bc3f089c7c4e5accdb341bbe4177e2.jpg,1,0,0,0,0,0,0,0,0
oily-219-_JPG_jpg.rf.d0ff5ae4eeba5c81b9092302b960fb4a.jpg,1,0,0,0,0,1,0,0,0
acne-391-_jpg.rf.e84ec1555b2ba9a62c56e335b570ab36.jpg,1,0,0,0,0,0,0,0,0
acne-391-_jpeg_jpg.rf.8958f376b5dc0864b5b4ffbc5ae6cb69.jpg,1,0,0,0,0,0,0,0,0
oily-125-_jpg.rf.24267d709bb59ad73acf2533fab28854.jpg,0,0,0,0,0,0,1,0,0
acne-388-_jpg.rf.e6f7b4f8e75bd29ccb236f58ef4e7b23.jpg,1,0,0,0,0,0,0,0,0
acne-389-_jpeg_jpg.rf.43d313efb098f9b16c9b99e7bb82be12.jpg,1,0,0,0,0,0,0,0,0
acne-402-_jpg.rf.121ebd3155ff37f3df0700576a74106e.jpg,1,0,0,0,0,0,0,0,0
levle3_129_jpg.rf.aa273aca88414a2d88d950fd22c0f5dd.jpg,1,0,0,0,0,0,0,0,0
acne-405-_jpeg_jpg.rf.8f4f51fe1e3241d75a801ba9e226cc39.jpg,1,0,0,0,0,0,0,0,0
acne-412-_jpg.rf.e57598bd1d54fd4508efefd894fdc6fc.jpg,0,0,0,1,0,0,0,0,0
oily-214-_jpg.rf.eba7a0a95441932d05e54b2c6fa48a85.jpg,1,0,0,0,0,0,0,0,0
acne-411-_jpeg_jpg.rf.94f4ccb0b3723ce223cfd8898641adab.jpg,1,0,0,0,0,0,0,0,0
levle2_25_jpg.rf.b03047c8b0cd3aa0fd463224a9520263.jpg,1,0,0,0,0,0,0,0,0
normal-181-_jpg.rf.82efb08dbfcab138ed2cec9c8721ac9c.jpg,0,0,0,0,1,0,0,0,0
oily-128-_jpg.rf.8af94eee17189772583b0a4dcc35107d.jpg,0,0,0,0,1,0,0,0,0
acne-403-_jpg.rf.b6a80e5dfe64c8f68ab884698b35d06e.jpg,1,0,0,0,0,0,0,0,0
acne-393-_jpg.rf.dcc2ea95967647e83f60c3acc4f0eac2.jpg,1,0,0,0,0,0,0,0,0
levle2_56_png_jpg.rf.96f97329fc7afde778a456618b9fcc85.jpg,1,0,0,0,0,0,0,0,0
acne-395-_jpg.rf.07056104c2ff087e2d2d82e568e32e53.jpg,1,0,0,0,0,0,0,0,0
oily-221-_jpg.rf.cfc64052e5e290d96085c5738b04c22d.jpg,1,0,0,0,0,0,0,0,0
levle3_24_jpg.rf.1c58136fae97f045c6ce8be919428095.jpg,1,0,0,0,0,0,0,0,0
acne-412-_jpeg_jpg.rf.adfcc6dfd94ef91ec3b06cce96d3e5b9.jpg,1,0,0,0,0,0,0,0,0
acne-395-_jpeg_jpg.rf.5ec5db9a36b7aec31cd5e2b023f56fc2.jpg,1,0,0,0,0,0,0,0,0
levle2_84_jpg.rf.7b595e896cf30b51daab0b0949857b30.jpg,1,0,0,0,0,0,0,0,0
levle2_74_jpg.rf.484b567192591d6464891a841a38c187.jpg,1,0,0,0,0,0,0,0,0
normal-187-_jpg.rf.4d180338a640f5dc8e8beee8622329a9.jpg,0,0,0,0,1,0,0,0,0
normal-164-_jpg.rf.8caf7b63f7943825b97b738a5e9ff048.jpg,0,0,0,0,1,0,0,0,0
Normal280_jpg.rf.72f518d7d9257f0d1284962833dbc54b.jpg,0,0,0,1,0,0,0,0,0
normal-20-_jpg.rf.bf8378215fa8e7050fc43b327f15183e.jpg,0,0,0,0,0,0,1,0,0
noi-mao-mach_jpg.rf.4a5e3c2d9a33b3c40d866adcba32fc5e.jpg,0,0,0,0,0,0,0,1,0
noi-man-do-ngua-toan-than-4_jpg.rf.4ffb627bd568cda4aec5917b418d109e.jpg,0,0,0,0,0,0,0,1,0
acne-413-_jpg.rf.8b122cc3d99de7b522c454ea7a60d6b9.jpg,1,0,0,0,0,0,0,0,0
levle2_50_jpg.rf.0cb0704f51fd4c582a69d20c58b3c3d6.jpg,1,0,0,0,0,0,0,0,0
acne-394-_jpeg_jpg.rf.4d7ccc7a244b2c4ec5140446def389c2.jpg,1,0,0,0,0,0,0,0,0
levle2_84_jpg.rf.5ab112147c3bb78a0340d2b5a74d22c5.jpg,1,0,0,0,0,0,0,0,0
acne-400-_jpeg_jpg.rf.1adbe4a2399aefc3e8a621ea4c0b3670.jpg,1,0,0,0,0,0,0,0,0
oily-129-_jpg.rf.c05b6c6449f52050beb19a49379c32d1.jpg,0,0,0,0,0,1,0,0,0
acne-414-_jpg.rf.b9d54f8dcac0b7e9b7c00492c43bd77e.jpg,1,0,0,0,0,0,0,0,0
acne-411-_jpg.rf.eabc08c6042528ff834f1ea3768c0984.jpg,0,0,0,1,0,0,0,0,0
levle3_89_jpg.rf.91aeb558965c06349a6186e6d66a7953.jpg,1,0,0,0,0,0,0,0,0
acne-413-_jpeg_jpg.rf.d29afb624a29dd8e4ab222179aea7977.jpg,1,0,0,0,0,0,0,0,0
Normal227_jpg.rf.94f086d15ef0120cb44b020bfe0c24cd.jpg,0,0,0,1,0,0,0,0,0
levle3_91_jpg.rf.d8523cebac99713a475c3c23faf628f8.jpg,1,0,0,0,0,0,0,0,0
oily-167-_jpg.rf.a0e176c97dba16edcfa84ebacc7c1464.jpg,0,0,0,0,0,0,1,0,0
acne-397-_jpeg_jpg.rf.7b97c4f1b442762ed9e17dfb7257785f.jpg,1,0,0,0,0,0,0,0,0
oily-145-_jpg.rf.95f482b244121a1a6e376d27f8132315.jpg,1,0,0,0,0,1,0,0,0
levle3_47_jpg.rf.ddfde081f4050de470961959b4f08262.jpg,1,0,0,0,0,0,0,0,0
oily-skin_58_jpeg_jpg.rf.c4e9055d8e61414ae6fa5035c9d72785.jpg,0,0,0,0,0,1,0,0,0
oily-102-_jpg.rf.b77c56529afe3fb295ddb29cca583f20.jpg,1,0,0,0,0,1,0,0,0
Normal108_jpg.rf.a100de5713d655ff7ffe57001019d0d8.jpg,0,0,0,1,0,0,0,0,0
oily-101-_jpg.rf.1ac00e131f38426178c4a91a2210a698.jpg,1,0,0,1,0,0,0,0,0
levle2_58_jpg.rf.5870783155eed53862362f294729f330.jpg,1,0,0,0,0,0,0,0,0
levle2_59_jpg.rf.b6cb665fe96c2347a4ecee3980cacbd7.jpg,1,0,0,0,0,0,0,0,0
oily-154-_jpg.rf.7fd6cb62541776b6b800d9608fb7ae3a.jpg,1,0,0,0,0,1,1,0,0
normal-140-_jpg.rf.137253d4b4ec241fcc99f15f3bb9918d.jpg,0,0,0,1,0,0,0,0,0
acne-394-_jpg.rf.c2cd0cd7aab036646f2882ca8c7fa11d.jpg,1,0,0,0,0,0,0,0,0
oily-123-_jpg.rf.af65146059eabc7e40f3289bcb421421.jpg,0,0,0,0,0,1,0,0,0
oily-113-_jpg.rf.e8d92a72cd9bae8428906986572cdf44.jpg,0,0,0,0,0,1,0,0,0
oily-skin_125_jpeg_jpg.rf.001a7063f0cf34e83891e0131c6f1205.jpg,0,0,0,0,0,1,0,0,0
oily-118-_jpg.rf.fe388f7e2a7f09ce56ea736e041eb6f4.jpg,0,0,0,0,0,1,0,0,0
oily-skin_110_jpeg_jpg.rf.3396a96fb5efdcb2d7f3fece61771c51.jpg,0,0,0,0,0,1,0,0,0
oily-98-_jpg.rf.3352449d20b28f783b27f54ffeb3d72b.jpg,1,0,0,0,0,0,0,0,0
normal-161-_jpg.rf.46e45516021cba9fe0d6f54303a80b5d.jpg,0,0,0,0,1,0,0,0,0
Normal81_jpg.rf.8f5baa4f34a7792e1cdf693814370ba1.jpg,0,0,0,0,0,1,0,0,0
normal-160-_jpg.rf.2b208222658f04f0b2f66078cb62f5d7.jpg,0,0,0,0,1,0,0,0,0
oily-147-_jpg.rf.3fd66e52700e507933f6b9095220254d.jpg,0,0,0,0,0,0,1,0,0
oily-146-_jpg.rf.ee59925fe1fe091571175f0031b341e0.jpg,0,0,0,0,1,0,0,0,0
oily24_jpg.rf.67c3b96764ae5e35dbc89604a5692283.jpg,0,0,0,0,0,1,0,0,0
oily-120-_jpg.rf.0554065e0716ef2542b36b26439f5bb6.jpg,0,0,0,0,0,1,0,0,0
oily-skin_10_jpeg_jpg.rf.da3c1d052901a6e1a5019811dd81e32d.jpg,0,0,0,0,0,1,0,0,0
oily25_jpg.rf.75fdf1bc6d1b0da664e35ada75512c0f.jpg,0,0,0,0,0,1,0,0,0
oily-107-_jpg.rf.00fa09951b34c22d8c417135b3a4eadf.jpg,0,0,0,0,1,0,0,0,0
levle2_61_jpg.rf.8f3aa9ecf45c0d6ffe3f6a82f05df258.jpg,1,0,0,0,0,0,0,0,0
oily-119-_jpg.rf.6c9948621dd5af8372e0af3dbfab21a2.jpg,0,0,0,0,0,1,0,0,0
oily-144-_jpg.rf.74ede8320cc1cd129d81f859ebcb65c1.jpg,0,0,0,0,0,1,0,0,0
oily-103-_jpg.rf.e5e9bf2d8b040c4d6b5cffd5232287b0.jpg,1,0,0,0,0,1,0,0,0
oily-156-_jpg.rf.76dfb4cc0b4ee603e5e618570ccbe5c4.jpg,1,0,0,0,0,1,0,0,0
oily2_jpg.rf.c4804122c97d70d851737f7c10e41f07.jpg,0,0,0,0,0,1,0,0,0
levle3_64_jpg.rf.fdfd6081951b020b24f00e4f6183c2b3.jpg,1,0,0,0,0,0,0,0,0
levle2_85_png_jpg.rf.a8f67f615de661abf24d285fb024e539.jpg,1,0,0,0,0,0,0,0,0
oily28_jpg.rf.7ef3d88f26f54f1e5849f6fba11224cc.jpg,0,0,0,0,0,1,0,0,0
oily-140-_jpg.rf.478b536d2f64b59b44ab6af92fcd72c9.jpg,1,0,0,0,0,1,0,0,0
oily-skin_197_jpeg_jpg.rf.3d8d622485d36dd3e47c3d75b95fb8b6.jpg,1,0,0,0,0,1,0,0,0
oily-skin_148_png_jpg.rf.7dc0eb636e2ebb3a9fa7c1d309bcdaee.jpg,0,0,0,0,0,1,0,0,0
oily-135-_jpg.rf.7079c7edce4965810e7572b1a8f61a71.jpg,1,0,0,0,0,0,0,0,0
oily-143-_jpg.rf.50a9998b22a68c8886d8d8c0af2c0609.jpg,0,0,0,0,1,0,0,0,0
oily-131-_jpg.rf.995ffd875bac0c224cc926d1ca72f91d.jpg,0,0,0,0,1,0,0,0,0
oily-137-_jpg.rf.708c46776da7b39444ab6200ad7c5079.jpg,0,0,0,0,1,0,0,0,0
oily23_jpg.rf.a460281a88d41c465d016bc0f3be1377.jpg,0,0,0,0,0,1,0,0,0
persistent-erythema_3249_jpg.rf.eb537d40847ed2a1a9c63d881e8bc914.jpg,0,0,0,0,0,0,0,1,0
oily35_jpg.rf.8a17f64ac3021bfdd5ff6e33d81de6e2.jpg,0,0,0,0,0,1,0,0,0
oily-122-_jpg.rf.ffa8fbb16bf0944d30163969bcf0c3ad.jpg,0,0,0,0,0,1,0,0,0
oily31_jpg.rf.fdc57e8782a96539987ff55ecf312324.jpg,0,0,0,0,0,1,0,0,0
oily-142-_jpg.rf.7d0efa1cf3039a6e7f9494f72fa01e86.jpg,0,0,0,0,1,0,0,0,0
oily-skin_22_jpeg_jpg.rf.3ce2f637f22385dd6129c6667f60b5f9.jpg,1,0,0,0,0,1,0,0,0
oily-94-_jpg.rf.e6a8e8043f880490c0e035e6343182d6.jpg,0,0,0,0,0,1,1,0,0
oily-165-_jpg.rf.a74fdb6c9837bd469abac956fcde6260.jpg,0,0,0,0,0,1,0,0,0
oily33_jpg.rf.39a0037e90e11212f897d5c1dd883146.jpg,0,0,0,0,0,1,0,0,0
oily-271-_jpg.rf.a8c7fcf0b43d8eb73019e6f0ae7a6ed1.jpg,1,0,0,0,0,1,0,0,0
oily-124-_jpg.rf.46de918ac0dc0b053f00e97ffb4b603d.jpg,0,0,0,0,0,1,0,0,0
oily36_jpg.rf.c712e5ed326231528bcbb00c0a76a13d.jpg,0,0,0,0,0,1,0,0,0
oily3_jpg.rf.73a364d65f15c68876748bb0f792cbe5.jpg,0,0,0,0,0,1,0,0,0
normal-158-_jpg.rf.a3b5ea286c43ec029a11d6fa80da5a33.jpg,0,0,0,0,1,0,0,0,0
right_before_jpg.rf.d955b723c4a2412ce1ea4612f32cf0fb.jpg,0,0,0,0,0,0,0,1,0
oily42_jpg.rf.c08349fb42d3e8576933e02e61f96905.jpg,0,0,0,0,0,1,0,0,0
oily-159-_jpg.rf.515d721833359b27e5ecf8ff52754287.jpg,0,0,0,0,0,1,0,0,0
oily-172-_jpg.rf.b67cafc9f6f3b7e2f575e60f8f24c8bd.jpg,0,0,0,0,0,1,1,0,0
oily-168-_jpg.rf.e4088e1c19571e391c42a56965c57976.jpg,0,0,0,0,0,1,0,0,0
oily-117-_jpg.rf.660e23c146da38f798266f50a2b22b61.jpg,0,0,0,0,1,0,0,0,0
oily-116-_jpg.rf.a865f4c816c957e597ed9ebba7f73903.jpg,0,0,0,0,0,1,0,0,0
oily34_jpg.rf.2e8f070e251536863317a639deccc31a.jpg,0,0,0,0,0,1,0,0,0
oily-264-_jpg.rf.90d2cc980a55db8d6f7ba5e20824e439.jpg,0,0,0,0,0,1,0,0,0
oily-95-_jpg.rf.51a555fb2a079b9661f8a6bce81b7ecc.jpg,1,0,0,0,0,0,1,0,0
oily-115-_jpg.rf.1bcd6ae20d7dae5999ddca7088390a04.jpg,0,0,0,0,0,1,0,0,0
oily21_jpg.rf.561d75a1e2baf63939e3e2e2bd6d7e6b.jpg,0,0,0,0,0,1,0,0,0
oily-48-_jpg.rf.2587158f69e1eaca35805ef053e47578.jpg,1,0,0,0,0,1,0,0,0
oily-skin_187_jpeg_jpg.rf.5ecd4c1f926e58a76355678ec80b46fc.jpg,0,0,0,0,0,1,0,0,0
oily-259-_jpg.rf.5adc93ab32b88c073cbadb527134330a.jpg,0,0,0,0,0,1,0,0,0
oily-151-_jpg.rf.989ced699b341ec74c4d3003c00c2bd6.jpg,0,0,0,0,1,0,0,0,0
oily6_jpg.rf.6cdd26aee95e9807c34082a17315eff2.jpg,0,0,0,0,0,1,0,0,0
oily5_jpg.rf.c8278e22504385b385f58f8aadee93dc.jpg,0,0,0,0,0,1,0,0,0
Rosacea-eritematosa-iniziale_jpg.rf.7fa827b8fbf8265878c4c2758fcb7e1d.jpg,0,0,0,0,0,0,0,1,0
oily-171-_jpg.rf.407c45d1c01b602d71d889bcae8051b1.jpg,0,0,0,0,0,1,1,0,0
Rosacea-Skin-Concerns-Vitality-Laser-Geelong_jpg.rf.50e0d7af4942350c84de919c47c42a52.jpg,0,0,0,0,0,0,0,1,0
oily-176-_jpg.rf.c0e7f4369c6307eec54cd10bb140ac3f.jpg,0,0,0,0,0,1,0,0,0
oily-263-_jpg.rf.0b500e02e4deb1e2536a11aa5de4c33e.jpg,0,0,0,0,0,1,0,0,0
oily-273-_jpg.rf.82bb1dfba93eb370e014a5a1034c8cfb.jpg,0,0,0,0,0,1,0,0,0
oily-272-_jpg.rf.1a94738e3048b224181596345f5d0ec5.jpg,1,0,0,0,0,0,0,0,0
oily9_jpg.rf.e4f0b5db6d7fb6014b676bcf5ab4ceb1.jpg,0,0,0,0,0,1,0,0,0
oily8_jpg.rf.fb90f4048ac57dcb77dd81ad3c120f1f.jpg,0,0,0,0,0,1,0,0,0
pro04_sec03_png_jpg.rf.f6543de73b70891ce1adb638a4cf315e.jpg,0,0,0,0,0,0,0,1,0
oily-175-_jpg.rf.d896d9e9b757958b7bb7e19146105087.jpg,0,0,0,0,0,1,1,0,0
oily-35-_jpg.rf.cf8ff8c53b082ce8db682ce393b67087.jpg,1,0,0,0,0,1,1,0,0
oily-192-_jpg.rf.1e5214d08ff62b8f7662c048d917fc54.jpg,0,0,0,0,0,1,1,0,0
oily-193-_jpg.rf.9717a7a960c69c2671362f3050b16274.jpg,0,0,0,0,0,0,1,0,0
oily-177-_jpg.rf.f5525ebb6a17ecb34ddb5ffa28e015e8.jpg,1,0,0,0,0,0,1,0,0
oily37_jpg.rf.981ec3c7079d17abcb5641adec444a72.jpg,0,0,0,0,0,1,0,0,0
oily-278-_jpg.rf.0b0436ee72654046147b0671c3a991f3.jpg,0,0,0,0,0,1,0,0,0
oily59_jpg.rf.3153b05483585f4f4139793f929ea9f9.jpg,0,0,0,0,0,1,0,0,0
oily-skin_5_jpeg_jpg.rf.cc395e32a511d2f22fcbfcda7e1738b9.jpg,1,0,0,0,0,1,0,0,0
oily-62-_jpg.rf.b32055079056c0618bbe318b5d4daf05.jpg,1,0,0,0,0,0,0,0,0
oily-33-_jpg.rf.2bda5c5be59398d8aa02a1d516bd5e7b.jpg,1,0,0,0,0,0,0,0,0
oily-39-_jpg.rf.6fd400cc4486ca150fdc032be279a85d.jpg,1,0,0,0,0,0,0,0,0
oily-47-_jpg.rf.a94039ac5ded789fe2497dc42cef433a.jpg,0,0,0,0,0,1,1,0,0
oily-186-_jpg.rf.4c3ab51fdb78cb034dab8ad0e739fcd9.jpg,0,0,0,0,0,1,1,0,0
oily-61-_jpg.rf.cda5f5c5e4c979293c6061abb6085ee4.jpg,0,0,0,0,0,1,1,0,0
oily-skin_91_jpeg_jpg.rf.b11803014126b6f38332853f6a8f24cf.jpg,0,0,0,0,0,1,0,0,0
oily-276-_jpg.rf.8fe6c8ace101d016e21f639d3f59d182.jpg,1,0,0,0,0,0,0,0,0
oily7_jpg.rf.ca67f46768d06aaf92a27455bcd71d82.jpg,0,0,0,0,0,1,0,0,0
oily58_jpg.rf.4520a955d45564312ba692f555423484.jpg,0,0,0,0,0,1,0,0,0
oily-181-_jpg.rf.4f1199e6d035d04094c81ddb0ec2215d.jpg,0,0,0,0,1,0,0,0,0
oily57_jpg.rf.feb57c652cbefe00acc2db2751773853.jpg,0,0,0,0,0,1,0,0,0
oily-277-_jpg.rf.21b632738ec16ff9f94f5d08b137b1a6.jpg,1,0,0,0,0,0,0,0,0
oily-80-_jpg.rf.e56d970e799c61e2dcd929c9032573da.jpg,0,0,0,0,0,0,1,0,0
oily11_jpg.rf.4d08a39ac5ad717b3ed568dcbb10b2e3.jpg,0,0,0,0,0,1,0,0,0
oily15_jpg.rf.4840e03374aaf893b6d9b72ae611812a.jpg,0,0,0,0,0,1,0,0,0
oily17_jpg.rf.1d8d9d69399694c9ea2ec0a88bcad4fc.jpg,0,0,0,0,0,1,0,0,0
oily49_jpg.rf.08d7edf4bb2cef25e9ce66394d36e7d7.jpg,0,0,0,0,0,1,0,0,0
oily54_jpg.rf.3c59a0158f57a41c37b7b3ecc649972e.jpg,0,0,0,0,0,1,0,0,0
oily-skin_6_jpeg_jpg.rf.f3e92e9a3db66e7deb9c2076a3256a21.jpg,0,0,0,0,0,1,0,0,0
oily55-4-_jpg.rf.b4e7823ae7c7ba86e5d49d2a315b8f10.jpg,0,0,0,0,0,1,0,0,0
oily48_jpg.rf.12819b5a9c80357e07c6fbb575a694d6.jpg,0,0,0,0,0,1,0,0,0
oily-252-_jpg.rf.311f8cd0a2cd117ff8ca6505e968ecb7.jpg,1,0,0,0,0,1,1,0,0
rosacea_f1_png_jpg.rf.85e5b46442c080a4818c652b3e34c536.jpg,0,0,0,0,0,0,0,1,0
oily-256-_jpg.rf.b4ba73fe5167ce1164a97cf666d5ce12.jpg,0,0,0,0,0,1,1,0,0
oily18_jpg.rf.50bc823cd625b56c985905fc76b61f5a.jpg,0,0,0,0,0,1,0,0,0
oily13_jpg.rf.20cd896f0541f8def3aab3e146f565e8.jpg,0,0,0,0,0,1,0,0,0
oily-52-_jpg.rf.4dbbb81a74b713ff8f908b83409e80a8.jpg,0,0,0,0,0,0,1,0,0
oily43_jpg.rf.4fac537036e75d120c0e24f894954b04.jpg,0,0,0,0,0,1,0,0,0
oily47_jpg.rf.ab3705281d53d57c76f51aa1f36cd81a.jpg,0,0,0,0,0,1,0,0,0
oily52_jpg.rf.bc6ecf0a38707bb526163886c20cb8fd.jpg,0,0,0,0,0,1,0,0,0
sc-broken_png_jpg.rf.12e4075f86f7ae24131932bb49fcbc6e.jpg,0,0,0,0,0,0,0,1,0
oily-282-_jpg.rf.95c36b2d171650a45cbe6b416eaecdfd.jpg,1,0,0,0,0,0,0,0,0
oily-84-_jpg.rf.8552b36b936b86b84521352ec425405d.jpg,0,0,0,0,0,0,1,0,0
oily51_jpg.rf.5d70a0a4af3485e2a39409c03438066e.jpg,0,0,0,0,0,1,0,0,0
oily20_jpg.rf.4c12770925fbd3dd7cf9fb47fa29abd7.jpg,0,0,0,0,0,1,0,0,0
oily22_jpg.rf.d00f28df05741f5081f95c72ab6cab6a.jpg,0,0,0,0,0,1,0,0,0
Screenshot-2023-03-29-144433_png_jpg.rf.2b2b5def7a6aa338077aa6a61878ef15.jpg,0,0,0,0,0,0,0,1,0
oily-63-_jpg.rf.d1837beaffd75b0f74df956d7595cb6a.jpg,1,0,0,0,0,0,0,0,0
Rosacea-treatment-removal-redness-acne-veins-spider_jpg.rf.0e88cec10edb992759577244ea343eaf.jpg,0,0,0,0,0,0,0,1,0
oily56_jpg.rf.d103f708a31b61c0785d83529db4868b.jpg,0,0,0,0,0,1,0,0,0
rosacea-telangiectasia_jpg.rf.990ea37b532ac10cbad20c1c68267985.jpg,0,0,0,0,0,0,0,1,0
Screenshot_2_png_jpg.rf.c6d8f39fb8cd629e327c3690899e450e.jpg,0,0,0,0,0,0,0,1,0
oily53_jpg.rf.8453a16511b8aee4d2d52cd5caf05e43.jpg,0,0,0,0,0,1,0,0,0
_1877565250_jpg.rf.ca5bf3da6e8db19e9d0cc96ed1552257.jpg,0,0,0,0,0,0,0,1,0
Screenshot-2023-03-29-144401_png_jpg.rf.0b4b7a4f5112fab623d137d3fb12d046.jpg,0,0,0,0,0,0,0,1,0
Screenshot_3_png_jpg.rf.2ad804f8eb849b0bec83f3ab4769603b.jpg,0,0,0,0,0,0,0,1,0
Screenshot-2023-03-29-145645_png_jpg.rf.2acda0ff1c7248608828e9ad3a285e94.jpg,0,0,0,0,0,0,0,1,0
oily-251-_jpg.rf.2241c2e9acc10c80f01cc206f4b83e38.jpg,0,0,0,0,0,1,1,0,0
_1869624823_jpg.rf.02ed7c8fcdfb7777fd4feaa3143920e7.jpg,0,0,0,0,0,0,0,1,0
Screenshot-2023-03-29-145623_png_jpg.rf.8c94fd2e2a4d5ac68aa179e7c044e8b1.jpg,0,0,0,0,0,0,0,1,0
shutterstock_1545102416_jpg.rf.d023906c1b4aef96ece2559e24607429.jpg,0,0,0,0,0,0,0,1,0
_696339637_jpg.rf.1cbb325c917e44396c08a75a3ad76697.jpg,0,0,0,0,0,0,0,1,0
_2265062407_jpg.rf.51be143a2d0394b84a5687db6f61bd43.jpg,0,0,0,0,0,0,0,1,0
_1892688412_jpg.rf.72d3428817bfcb530ce4a5a078743cb5.jpg,0,0,0,0,0,0,0,1,0
_1679374360_jpg.rf.2ae14b723fb1a42069d902d2102f7227.jpg,0,0,0,0,0,0,0,1,0
_1444434770_jpg.rf.32a072eda6b3f6e6a7a2a42ddd5aef6d.jpg,0,0,0,0,0,0,0,1,0
z4220863771590_9cf7e2bd92036ca75abebde81e8720ce_jpg.rf.4eb3c3c646a7b75bbb3931bd70ba7b61.jpg,0,0,0,0,0,0,0,1,0
serum-phuc-hoi-da-mong-noi-mach-mau-min_jpg.rf.db0f29d62dbbac91dce259512e27a46b.jpg,0,0,0,0,0,0,0,1,0
Skin-Redness_jpg.rf.c47f9f9bb521fbb5811a5b28074c8f22.jpg,0,0,0,0,0,0,0,1,0
Screenshot_34_png_jpg.rf.e4d0bfaea86b3b62472620d76f393245.jpg,0,0,0,0,0,0,0,1,0
_2094077383_jpg.rf.4c32a342b960a5b18bcfb9bc0499d10a.jpg,0,0,0,0,0,0,0,1,0
oily-250-_jpg.rf.2b04f1c526b9b2470b486d70010ff458.jpg,1,0,0,0,0,0,0,0,0
_1495410572_jpg.rf.a0b0f38d105b8161c3061d497ed3162e.jpg,0,0,0,0,0,0,0,1,0
_2250439467_jpg.rf.d0382a6fce7e0e340b097f18b26e4488.jpg,0,0,0,0,0,0,0,1,0
oily-246-_jpg.rf.cae1733005ff67f88a66aab1f0d768b0.jpg,1,0,0,0,0,1,0,0,0
01F3MMVXXRHA3S1EBPKVXEFEZZ_jpeg_jpg.rf.4fda94ea3a29d499176fa011a24fe52e.jpg,1,0,0,0,0,0,0,0,0
01F3MMWHQX27K1VQ2DNNKGJZRV_jpeg_jpg.rf.fc327bf8a2ff5d355b661f8b3ad329cf.jpg,1,0,0,0,0,0,0,0,0
01F3MMWBFBDHKT6S57BCFQXYBJ_jpeg_jpg.rf.e672e4f3046953f8ee2b5f7dad3418be.jpg,1,0,0,0,0,0,0,0,0
01F3MMY8VFRQGHYA3KE2P27HJT_jpeg_jpg.rf.11ee1b1d46c9dd808a7cb0490e42c11f.jpg,1,0,0,0,0,0,0,0,0
01F3MMWFKMEV4ZTBMDTVCRNY93_jpeg_jpg.rf.495ca14097b50503a9600245830abcb0.jpg,1,0,0,0,0,0,0,0,0
01F3MMWDF4M4P269K7GH56PHZT_jpeg_jpg.rf.bea0b79a9666db575c257452df182bfd.jpg,1,0,0,0,0,0,0,0,0
01F3MMVH87B4G7M1NH7963VX3M_jpeg_jpg.rf.33e1b133e334abf1cdefb4dde3f91933.jpg,1,0,0,0,0,0,0,0,0
acne-912-_jpeg_jpg.rf.39c475bd3fdc3c87aa8df139d0c87853.jpg,1,0,0,0,0,0,0,0,0
01F3MMVNR3XB2A86H1Y87XW2SE_jpeg_jpg.rf.cdcad282c8ee242bedbe79fba0a4df42.jpg,1,0,0,0,0,0,0,0,0
01F3MMWPHM7QWX87HTV8QSWJ7S_jpeg_jpg.rf.c65145dbcf1be23e5e5ec8a7812f0ff0.jpg,1,0,0,0,0,0,0,0,0
acne-915-_jpeg_jpg.rf.274f5379c975970ec10a9bf94b321e88.jpg,1,0,0,0,0,0,0,0,0
01F3MMW9B3FDZVQ1FDZKK5XY7Y_jpeg_jpg.rf.62fc41b099c5e53cf017c172c49f9662.jpg,1,0,0,0,0,0,0,0,0
acne-94-_jpeg_jpg.rf.00e0c0bcebca8b258b33d229bd63ac46.jpg,1,0,0,0,0,0,0,0,0
acne-918-_jpeg_jpg.rf.88f9b3ce3334bcfcfed9b17c7530160e.jpg,1,0,0,0,0,0,0,0,0
acne-919-_jpeg_jpg.rf.22b76786dcf3e6fa0103c047762e3774.jpg,1,0,0,0,0,0,0,0,0
Berminyak-3-_jpg.rf.8f7ecebc48dca1ded457a6c0a5a25f90.jpg,0,0,0,0,0,1,0,0,0
acne-916-_jpeg_jpg.rf.01a5c01f1a27c82e62c3f5b2bc7214ff.jpg,1,0,0,0,0,0,0,0,0
01F3MMXPCMJG0YNSRQB08N2W6Y_jpeg_jpg.rf.70a2397726774fb54db63c129512ac5b.jpg,1,0,0,0,0,0,0,0,0
acne-917-_jpeg_jpg.rf.af450ab461e1cf9e6c2cb6f2bad41060.jpg,1,0,0,0,0,0,0,0,0
117_jpg.rf.119265f2b681a21fa899417c0829a265.jpg,1,0,0,0,0,0,1,0,0
104074861_1_jpg.rf.720cdf02fc26f6cc3b7d6da63d6361eb.jpg,0,1,0,0,0,0,0,0,0
118_jpg.rf.7d3dd13194829fc922d749fbc1f82639.jpg,1,0,0,0,0,0,1,0,0
105_jpg.rf.5b8c06a6e958cf262707dd2cf20db4d3.jpg,1,0,0,0,0,0,0,0,1
acne-95-_jpeg_jpg.rf.4257decd3abddda7fd2e48d44bcfa902.jpg,1,0,0,0,0,0,0,0,0
107473045_1_jpg.rf.30c4b6b74ba59e4015121aefa1851df2.jpg,0,1,0,0,0,0,0,0,0
01F3MMY1W7BKARQ7SMST6FA3WF_jpeg_jpg.rf.e10c37eca75bd3da852b2481c31a693d.jpg,1,0,0,0,0,0,0,0,0
105_jpg.rf.477f68e95f29806bf674b8011d447532.jpg,0,1,0,0,0,0,0,0,0
Berminyak-30-_JPG_jpg.rf.e819cbb6efb325d48c4b60eede2b6b14.jpg,0,0,0,0,0,1,0,0,0
11_jpeg_jpg.rf.bddfd4d06dc5e10cec40689c69320577.jpg,0,0,0,0,0,0,0,0,1
acne-prone-skin_180_jpeg_jpg.rf.3f49f85f3807f5eb2c78f71dc75dcc2f.jpg,1,0,0,0,0,0,0,0,0
Berminyak-37-_jpg.rf.de371e0604fac0dae13a7ccab261d488.jpg,0,0,0,0,0,1,0,0,0
118_jpg.rf.7303666250c6405f93ce1d2d10adad61.jpg,0,1,0,0,0,0,0,0,0
Berminyak-33-_jpg.rf.09cc9fe3fd2572af02ddb7c3b99e96b9.jpg,0,0,0,0,0,1,0,0,0
107_jpg.rf.2caf7cccc792d784376c4b5508565a0f.jpg,1,0,0,0,0,0,0,0,0
01F3MMXQ085C2RDJEHNDX2FMKE_jpeg_jpg.rf.3e05077b30a228c9a8c00b0a99fe3aa9.jpg,1,0,0,0,0,0,0,0,0
101_jpg.rf.aa1480012a41fb21d6285120067bd70e.jpg,1,0,0,0,0,0,0,0,0
Berminyak-34-_jpg.rf.8c00d3bfd991171fdd32bec0563a5c4c.jpg,0,0,0,0,0,1,0,0,0
Berminyak-36-_jpg.rf.502cec90ffb0b59d5275fb049afcbacd.jpg,0,0,0,0,0,1,0,0,0
acne-prone-skin_184_jpeg_jpg.rf.e454d99b738be5bc4ca07b9bd80e9cbf.jpg,1,0,0,0,0,1,0,0,0
Berminyak-35-_jpg.rf.e1c143965cc76d53b8bcad624d1f4bc3.jpg,0,0,0,0,0,1,0,0,0
acne-prone-skin_189_jpeg_jpg.rf.3a112a5268fb8e7372d574ad81c0ff31.jpg,1,0,0,0,0,0,0,0,0
01F3MMWRMC4TXQKFQWF8PSB3WS_jpeg_jpg.rf.c3058dac8ac88777d46ac4fd155d845c.jpg,1,0,0,0,0,0,0,0,0
100_jpg.rf.631e77650e01d976658d56cf1ced8d56.jpg,1,0,0,0,0,0,0,0,0
120801881_1_jpg.rf.cd30268e4f4b64c04da28730d0f28ea9.jpg,0,1,0,0,0,0,0,0,0
103887554_1_jpg.rf.ac9a137b1d57f411d090e5f8cbf25361.jpg,0,1,0,0,0,0,0,0,0
10_jpeg_jpg.rf.936a19a921a70a7a309f98fc8a75d312.jpg,0,0,0,0,0,0,0,0,1
berminyak-37_jpg.rf.1107072778538a1c05d852eadac251ef.jpg,0,0,0,0,0,1,0,0,0
acne-97-_jpg.rf.e734bff32dc1c9e9be8245ca335a5992.jpg,1,0,0,0,0,0,0,0,0
acne-96-_jpg.rf.93dd368d38c78798116c594bc4af217c.jpg,1,0,0,0,0,0,0,0,0
Berminyak-4-_jpeg_jpg.rf.0b321c7552997382f9ce44e1f1d4744b.jpg,0,0,0,0,0,1,0,0,0
01F3MMX85MKKVDR2PMR3S2F4B6_jpeg_jpg.rf.1979b4a3a7f0682dcf50778232565fe9.jpg,1,0,0,0,0,0,0,0,0
01F3MMXHDK6SC93PVPSB2MFG62_jpeg_jpg.rf.25300bc92c263d7b8a1cc09065944b39.jpg,1,0,0,0,0,0,0,0,0
01F3MMX3DB7W0CEV30K2NZZR8Q_jpeg_jpg.rf.7b7ca71fcef71cdc24c22f80bcc17ed5.jpg,1,0,0,0,0,0,0,0,0
01F3MMX6SD07BKJYXNPC9DHQTD_jpeg_jpg.rf.d7fc2750b435cd331f257eb9757bc1fc.jpg,1,0,0,0,0,0,0,0,0
120_jpg.rf.6a758e1b009dd96d93881d8145bf4835.jpg,1,0,0,0,0,0,0,0,0
125_jpg.rf.f6836eb4b8b275f3b182991e24850c2e.jpg,1,1,0,0,0,0,0,0,0
01F3MMWXCRJZGN9E33KZPXT82D_jpeg_jpg.rf.f36cf02eb4b5a00ea78bec4a0dab3c9c.jpg,1,0,0,0,0,0,0,0,0
acne-prone-skin_135_jpeg_jpg.rf.17009423d3fea0883b554cfc4879588f.jpg,1,0,0,0,0,0,0,0,0
121_jpg.rf.b135971c664f01ed47d791656bf13352.jpg,1,1,0,0,0,0,0,0,1
acne-prone-skin_12_jpeg_jpg.rf.aa4a9cdf0b73f62fdf9e766f617ef045.jpg,1,0,0,0,0,0,0,0,0
acne-95-_jpg.rf.abcfe4a44996828d22424d0338f43981.jpg,1,0,0,0,0,0,0,0,0
acne-prone-skin_148_jpeg_jpg.rf.eef309b387975eb5423e76ee8905d317.jpg,1,0,0,0,0,0,0,0,0
acne-prone-skin_134_jpeg_jpg.rf.32c43a08b68b0b942d46a54b7886a93a.jpg,1,0,0,0,0,0,0,0,0
Berminyak-39-_jpg.rf.08649fc3dbdd80d8373213d724afa4e4.jpg,0,0,0,0,0,1,0,0,0
acne-96-_jpeg_jpg.rf.f22f92808b9529d8d90367083b249b61.jpg,1,0,0,0,0,0,0,0,0
111_jpg.rf.f4431b8a01b4508ad04581b06e79db08.jpg,1,0,0,0,0,0,0,0,0
126_jpg.rf.c24ce68ab3f79864f7c37402d8aad348.jpg,1,1,0,0,0,0,0,0,0
110_jpg.rf.fac83eb27fcd378ec94eb8ee86518950.jpg,1,0,0,0,0,0,0,0,0
01F3MMWQ8CPEGRTX4RR44TCJH8_jpeg_jpg.rf.8e4b01b9874fe154dc6cb866bcd2024b.jpg,1,0,0,0,0,0,0,0,0
01F3MMXM63VN6G9WMZPBRX3K7H_jpeg_jpg.rf.1e2baff312af288606ef9773d9bf8601.jpg,1,0,0,0,0,0,0,0,0
10_jpg.rf.791a5f9b141cb27dc18cc3cc018b6179.jpg,1,0,0,0,0,0,0,0,0
113_jpg.rf.217aa9aa74097aa29a6819b9ef3751e6.jpg,1,0,0,0,0,0,0,0,1
116_jpg.rf.3d1e48edb14a8942b61ff70c18abeb18.jpg,0,1,0,0,0,0,0,0,0
acne-prone-skin_165_jpeg_jpg.rf.0dd7e15b54f22ffb5f84dc5c3f42742c.jpg,1,0,0,0,0,0,0,0,0
acne-prone-skin_155_jpeg_jpg.rf.811ff22a5f23f96a41e00ca2450c6249.jpg,0,0,0,0,0,1,0,0,0
acne-prone-skin_170_jpeg_jpg.rf.c911eddf8ba78e8e69691e5037d17aa3.jpg,1,0,0,0,0,0,0,0,0
acne-prone-skin_137_jpeg_jpg.rf.1ce0a512a171d74e4ca47be641649d25.jpg,1,0,0,1,0,0,0,0,0
acne-prone-skin_123_png_jpg.rf.e7ef8ed291aec18a67bd21be5668a451.jpg,1,0,0,0,0,0,0,0,0
acne-prone-skin_120_jpeg_jpg.rf.f1e91b8fd27f11331ea0dcf1af3bbee0.jpg,1,0,0,0,0,0,0,0,0
Berminyak-14-_jpg.rf.83133dbd9444da106a93676b94a26d47.jpg,0,0,0,0,0,1,0,0,0
acne-prone-skin_160_jpeg_jpg.rf.5b87bf1846e1fa00b0462191ad4e3026.jpg,1,0,0,0,0,0,0,0,0
114_jpg.rf.db9af29e9e86383238cf3b43302b8ff9.jpg,1,0,0,0,0,0,0,0,1
115_jpg.rf.ff51ec0d906101c29a14349562dade6a.jpg,1,0,0,0,0,0,1,0,0
01F3MMYCDR14CJP0GTSEQTMHVN_jpeg_jpg.rf.788c65df33e35e68bdfe2df744e5fe1d.jpg,1,0,0,0,0,0,0,0,0
acne-905-_jpeg_jpg.rf.7226d08bba0a8610683ede8af92fd75e.jpg,1,0,0,0,0,0,0,0,0
acne-99-_jpg.rf.285a406f4a8c810e3d99c37e58b7eedd.jpg,1,0,0,0,0,0,0,0,0
acne-882-_jpeg_jpg.rf.6047fdfc2248e21c771b8b2eab5114e1.jpg,1,0,0,0,0,0,0,0,0
acne-934-_jpeg_jpg.rf.757ae962acaefd0756dfcc20b1fa5525.jpg,1,0,0,0,0,0,0,0,0
Berminyak-16-_jpeg_jpg.rf.9b28cea1677e13a9e2bfc722149207ea.jpg,0,0,0,0,0,1,0,0,0
acne-prone-skin_169_jpeg_jpg.rf.7b62d4c5796555c4d498ba6109514ab3.jpg,1,0,0,0,0,0,0,0,0
01F3MMXJ24BWB58NHE1QVGMZJ3_jpeg_jpg.rf.11c4bd720e6f2e747b4c0936d0c13718.jpg,1,0,0,0,0,0,0,0,0
acne-93-_jpeg_jpg.rf.832aa799a66a74dbfab91e9f169717c1.jpg,1,0,0,0,0,0,0,0,0
109_jpg.rf.73ea15db6ee8ef6d43d83cb4267d1a77.jpg,1,0,0,0,0,0,0,0,0
100_jpg.rf.0bfc4b91749218668d6092d6e8d2c3bd.jpg,0,0,0,0,0,0,0,0,1
acne-933-_jpeg_jpg.rf.c0fe3e3ea43b346c8975f99cdb76cc5c.jpg,1,0,0,0,0,0,0,0,0
116_jpg.rf.884f54e44391345f8243f65bfaf2110f.jpg,1,0,0,0,0,0,1,0,0
01F3MMYBPQHZ5K2Q3NJR5DWQ3H_jpeg_jpg.rf.0dc5e6e80dd2df48370b13ef3f07607d.jpg,1,0,0,0,0,0,0,0,0
01F3MMWT0B1CGT5C650VZ0YSPN_jpeg_jpg.rf.47fedfee466c7050d0dd2eb4eab93844.jpg,1,0,0,0,0,0,0,0,0
acne-911-_jpeg_jpg.rf.1c4b478b658199e663423d6e7260b05b.jpg,1,0,0,0,0,0,0,0,0
01F3MMYV5NBAMXWHPA6EKMF3SP_jpeg_jpg.rf.97809e75dacc6ed1e73ad8bca18f3733.jpg,1,0,0,0,0,0,0,0,0
102_jpg.rf.c66ed82bdf27cc8a9ede35f48963f80a.jpg,1,0,0,0,0,0,0,0,0
acne-88-_jpeg_jpg.rf.88f92bdb46cf621573c76c1faf893796.jpg,1,0,0,0,0,0,0,0,0
acne-879-_jpeg_jpg.rf.825ff29520d10d544207cee37cd74de0.jpg,1,0,0,0,0,0,0,0,0
Berminyak-17-_jpeg_jpg.rf.4bb0c700edfa024cdc3305e320327938.jpg,0,0,0,0,0,1,0,0,0
Berminyak-15-_jpeg_jpg.rf.1802b0e355f9793c6c0e5baa0a367f8b.jpg,0,0,0,0,0,1,0,0,0
berminyak__-31-_jpg.rf.0011a836522875a51aad478782823bd1.jpg,0,0,0,1,0,0,0,0,0
acne-98-_jpg.rf.370057a3f408931f4adf1636cdefbdaf.jpg,1,0,0,0,0,0,0,0,0
acne-prone-skin_10_jpeg_jpg.rf.3c1eb7787d87955cadcef66c6afde7d1.jpg,1,0,0,0,0,1,0,0,0
Berminyak-16-_jpg.rf.3317507e85b5292c9a6370c61b3d437f.jpg,0,0,0,0,0,1,0,0,0
acne-prone-skin_116_jpeg_jpg.rf.963bc06825c4ce67b6b2d51778e27501.jpg,1,0,0,0,0,0,0,0,0
acne-91-_jpeg_jpg.rf.0c282d4f1d5134ce7e6ac052167ffa72.jpg,1,0,0,0,0,0,0,0,0
acne-prone-skin_115_jpeg_jpg.rf.bc297a72f029422bd299099e5db6f29e.jpg,1,0,0,0,0,0,0,0,0
berminyak-47_jpg.rf.7dc3d6635eb19917c29ab55008209f1c.jpg,0,0,0,0,0,1,0,0,0
acne-9-_png_jpg.rf.3d3fe50af0748f7b6f524296b83995c7.jpg,1,0,0,0,0,0,0,0,0
Berminyak-6-_jpg.rf.d55137228fdaf2ca333fdd1f3f4191f9.jpg,0,0,0,0,0,1,0,0,0
acne-930-_jpeg_jpg.rf.ae45c1196749ccb8892bb3591da2f1ac.jpg,1,0,0,0,0,0,0,0,0
berminyak__-17-_jpg.rf.13b96518a7b923f754ac03f5400ce426.jpg,0,0,0,1,0,0,0,0,0
Berminyak-15-_jpg.rf.28370c58c49377859ad1c4dcf07275de.jpg,0,0,0,0,0,1,0,0,0
acne-prone-skin_11_jpeg_jpg.rf.504942cc0326ba58279d8ccbac481c54.jpg,1,0,0,0,0,0,0,0,0
Berminyak258_jpg.rf.8e212473872e291a3542ef15ff794b37.jpg,0,0,0,0,0,1,0,0,0
acne-9-_jpg.rf.0ee4fbc5d0ca7349a89f4c7e3cf60cf2.jpg,1,0,0,0,0,0,0,0,0
dry12_jpg.rf.56741dba75335d97b636e4a999286d3a.jpg,0,0,0,1,0,0,0,0,0
berminyak__-44-_jpg.rf.884ddc3f7c9ff45bfc6eab7deeb9add6.jpg,0,0,0,0,0,1,0,0,0
Berminyak-17-_jpg.rf.3592b475702731a1ebffcae41496968c.jpg,0,0,0,0,0,1,0,0,0
acne-888-_jpeg_jpg.rf.74e7487e6d987fc8e586b0fddb69a3e5.jpg,1,0,0,0,0,0,0,0,0
acne-910-_jpeg_jpg.rf.6c86e7eacb0a60242307229ea403633a.jpg,1,0,0,0,0,0,1,0,0
Berminyak-7-_jpg.rf.6ea4a8c050dc112051552084edccbe79.jpg,0,0,0,0,0,1,0,0,0
acne-927-_jpeg_jpg.rf.d87035c545b4d23c4a8727246da7b4bc.jpg,1,0,0,0,0,0,0,0,0
Berminyak-18-_jpeg_jpg.rf.4135ca811cc9cfe62b93e088d1383e18.jpg,0,0,0,0,0,1,0,0,0
acne-88-_jpg.rf.06922f7e8564817fc5136b62b56489d0.jpg,1,0,0,0,0,0,0,0,0
acne-889-_jpeg_jpg.rf.1dc38f33f0d434cdd75458744231b54a.jpg,1,0,0,0,0,0,0,0,0
Berminyak-18-_jpg.rf.a92959c79c6cc9a023d563ce17377b12.jpg,0,0,0,0,0,1,0,0,0
acne-884-_jpeg_jpg.rf.2356743578744443765e1b135fb01e15.jpg,1,0,0,0,0,0,0,0,0
acne-883-_jpeg_jpg.rf.8ec806065c243121512c277dfd324544.jpg,1,0,0,0,0,0,0,0,0
acne-880-_jpeg_jpg.rf.6ac28791885cbed7ec6f83dee6d8c98b.jpg,1,0,0,0,0,0,0,0,0
Berminyak269_jpg.rf.494dfc6ee7235dab6e003cf54b3b6e5e.jpg,0,0,0,0,0,1,0,0,0
Berminyak286_jpg.rf.73f4a0bf7de14dd71a553df0a975939d.jpg,0,0,0,0,0,1,0,0,0
acne-885-_jpeg_jpg.rf.b2ba91dbce5ec010acac447cc2e4fef8.jpg,1,0,0,0,0,0,0,0,0
01F3MMYVZ5AMFQMQVMQYTSAEGA_jpeg_jpg.rf.a431cb6f0c1ad6616bf6d296df686335.jpg,1,0,1,0,0,0,0,0,0
acne-891-_jpeg_jpg.rf.97bd2b2a5353e4c9d4ce9921604b9506.jpg,1,0,0,0,0,0,0,0,0
Berminyak121_jpg.rf.0e784eebd91f034f7dd041ef229a9228.jpg,0,0,0,0,0,1,0,0,0
Berminyak-9-_jpg.rf.c46826217315eed0dedf9ab8828afe15.jpg,0,0,0,0,0,1,0,0,0
da-mat-mong-noi-mach-mau-lieu-co-nguy-hiem_jpg.rf.2dd8f4ab1b36c6be3da950e3327a38a0.jpg,0,0,0,0,0,0,0,1,0
berminyak__-42-_jpg.rf.55f97ce7612438e33190cfd6c06da6c6.jpg,0,0,0,0,0,1,0,0,0
Berminyak-8-_jpg.rf.7f50c279edfb7c7f07de9cfbd352f808.jpg,0,0,0,0,0,1,0,0,0
dry-skin_15_jpeg_jpg.rf.2c6ca434412d1ac175d5a305139e4e9e.jpg,0,0,0,1,0,0,0,0,0
berminyak__-16-_jpg.rf.95714580931e2a09bf502c38f95912b6.jpg,0,0,0,1,0,0,0,0,0
acne-928-_jpeg_jpg.rf.7d811a418694b581fa02530456467c03.jpg,1,0,0,0,0,0,0,0,0
acne-935-_jpeg_jpg.rf.a74f1498193b55959b5df3970772b933.jpg,1,0,0,0,0,0,0,0,0
Berminyak-19-_jpg.rf.22613f1c5ddac86b297fad39fe225d75.jpg,0,0,0,0,0,1,0,0,0
Berminyak-19-_jpeg_jpg.rf.d906cba559b91de7ac0289da129d3369.jpg,0,0,0,0,0,1,0,0,0
acne-887-_jpeg_jpg.rf.1b40f4d22e1635aa9cbe0c577c1d2e2f.jpg,1,0,0,0,0,0,0,0,0
Berminyak271_jpg.rf.387c9d83dec3854cfc122c04a234bbe6.jpg,0,0,0,0,0,1,0,0,0
acne-89-_jpg.rf.b3f7e2f42780b9f26fa36f60bdc446d0.jpg,1,0,0,0,0,0,0,0,0
acne-896-_jpeg_jpg.rf.18a7dd1866700f1c601dd189579972ca.jpg,1,0,0,0,0,0,0,0,0
berminyak__-43-_jpg.rf.85cab9da7d5365e1d255bca8bdb0f784.jpg,0,0,0,0,0,1,0,0,0
Berminyak130_jpg.rf.9eeac56b70180385f0a05ae34c262ab2.jpg,0,0,0,1,0,0,0,0,0
Berminyak-7-_jpeg_jpg.rf.2e214f0092c60dcc44fd5e3ae7f1c907.jpg,0,0,0,0,0,1,0,0,0
Berminyak140_jpg.rf.8a3ce82599faedfaf4174b26414aaa97.jpg,0,0,0,0,0,1,0,0,0
dry15_jpg.rf.7b8f75440bb70adebecd2527b48318c1.jpg,0,0,0,1,0,0,0,0,0
dry-skin_32_jpeg_jpg.rf.710430003c52a880d746701af439f1b8.jpg,0,0,0,1,0,0,0,0,0
dry-skin_19_jpeg_jpg.rf.616b1d212a45a2e93ebe7b31700a232a.jpg,0,0,0,1,0,0,0,0,0
dry18_jpg.rf.3a1283c4e888e7ebdceefa2e45a81951.jpg,0,0,0,1,0,0,0,0,0
acne-909-_jpeg_jpg.rf.0c523a210ccb86e777206864dbbab800.jpg,1,0,0,0,0,0,0,0,0
Berminyak-21-_jpeg_jpg.rf.790860e18ff5cf9adfe15eb881b48ad8.jpg,0,0,0,0,0,1,0,0,0
berminyak__-51-_JPG_jpg.rf.65c1512c299a3ad11b0b738c13936f2f.jpg,0,0,0,0,0,1,0,0,0
berminyak__-5-_jpg.rf.9c7c041f64c18cfcc1788381bc61e903.jpg,0,0,0,1,0,0,0,0,0
berminyak__-49-_jpg.rf.b4382f5fd4a556fca88f9d59cb740bf8.jpg,0,0,0,0,0,1,0,0,0
berminyak__-48-_jpg.rf.da27cf291535ae6feb29e970ea7308a9.jpg,0,0,0,0,0,1,0,0,0
Berminyak131_jpg.rf.16e29247869a82816aaecb5c471af741.jpg,0,0,0,1,0,0,0,0,0
berminyak__-50-_jpg.rf.e1e7aac02dd0e046ee2ffb2c6aa66a52.jpg,0,0,0,0,0,1,0,0,0
acne-890-_jpeg_jpg.rf.edd9dcb7cb249d8a73a9cf0cfc8a4fda.jpg,1,0,0,0,0,0,0,0,0
berminyak-40_jpg.rf.dc3c0800e111a2a9611a118323aa91ac.jpg,0,0,0,1,0,0,0,0,0
acne-prone-skin_175_jpeg_jpg.rf.24173eadbf435cfbb63d8ec8baddbef7.jpg,1,0,0,0,0,0,0,0,0
acne-90-_jpeg_jpg.rf.5b31ba9bfce366cf5b5a1604ec728583.jpg,1,0,0,0,0,0,0,0,0
01F3MMZ02QJ70C2QHKWDNJRWV6_jpeg_jpg.rf.d662d56e71c066fc96e2565a765ddaa2.jpg,1,0,0,0,0,0,0,0,0
acne-897-_jpeg_jpg.rf.394ff4eaeb29092bbe01e186ac051277.jpg,1,0,0,0,0,0,0,0,0
acne-900-_jpeg_jpg.rf.fef6b3b39d3d6df5ac446747efeee17f.jpg,1,0,0,0,0,0,0,0,0
Berminyak260_jpg.rf.150c280b52064904e99bd35ffb945f5b.jpg,0,0,0,0,0,1,0,0,0
dry-121-_jpg.rf.618fe69a8c1c2d56c6f4a16257a49067.jpg,0,0,0,1,0,0,0,0,0
Berminyak282_jpg.rf.1241d37f257b1b1e2bf10f027332bf41.jpg,0,0,0,0,0,1,0,0,0
dry21_jpg.rf.3289eb549a5041d460ead8aea46fa44a.jpg,0,0,0,1,0,0,0,0,0
Berminyak-29-_JPG_jpg.rf.60699d8d2765088bfd059dc6d2e5f97f.jpg,0,0,0,0,0,1,0,0,0
Berminyak279_jpg.rf.e2ffccd810a179ff5530554fe8c76bcb.jpg,0,0,0,0,0,1,0,0,0
Berminyak-21-_jpg.rf.703bd7449ff58520bd0c9691fd289c62.jpg,0,0,0,0,0,1,0,0,0
Facial_Redness_Treatmentpicture_1056_1_jpg.rf.538d05908139104dd41b98b67c4d5303.jpg,0,0,0,0,0,0,0,1,0
Berminyak-2-_jpeg_jpg.rf.bba7586fb943423afe29fbf99fbd6d44.jpg,0,0,0,0,0,1,0,0,0
excelvplus-Vascular-Lesions-Telangiectasias-Ross-P1-before_jpg.rf.d18fd6810f43b364b02c147a0822a51d.jpg,0,0,0,0,0,0,0,1,0
acne-923-_jpeg_jpg.rf.7f4a01adf123c97238aecfbe19edcd46.jpg,1,0,0,0,0,0,0,0,0
acne-901-_jpeg_jpg.rf.168a7719baa52a0de088fab14eb05567.jpg,1,0,0,0,0,0,0,0,0
Berminyak-10-_jpeg_jpg.rf.15a6eef275aae271c629a4b6e53ed1d6.jpg,0,0,0,0,0,1,0,0,0
Berminyak288_jpg.rf.73dcc205ed396bd2a9dd9b50a3da0dff.jpg,0,0,0,0,0,1,0,0,0
acne-903-_jpeg_jpg.rf.1bfee27d5836463deccecf1367aad5bc.jpg,1,0,0,0,0,0,0,0,0
berminyak__-55-_JPG_jpg.rf.94f27c4d097fb1e1a70669970e6e90d1.jpg,0,0,0,0,0,1,0,0,0
dry-147-_jpg.rf.9e7faac0481bf58e89493ed3ad04a1f9.jpg,0,0,0,1,0,0,0,0,0
dry-124-_jpg.rf.bc175c4fc2ee704b2894289fce48f274.jpg,1,0,0,1,0,0,0,0,0
dry-skin_61_jpeg_jpg.rf.58a64102406a5e70a76fcecbe4d299c5.jpg,0,0,0,1,0,0,0,0,0
dry-131-_jpg.rf.b2141f198b68ba6dad20e6b519e90fc1.jpg,0,0,0,1,0,0,0,0,0
dry22_jpg.rf.6428eac5728db02655bc054ba014fdce.jpg,0,0,0,1,0,0,0,0,0
dry20_JPG_jpg.rf.04475b59a15b403ea3147894416ed2a1.jpg,0,0,0,1,0,0,0,0,0
acne-922-_jpeg_jpg.rf.7d9b7591df3ec0ffda4ecc541f031745.jpg,1,0,0,0,0,0,0,0,0
Berminyak-25-_JPG_jpg.rf.be33404386b963f21d50808faf74c20b.jpg,0,0,0,0,0,1,0,0,0
GettyImages-546459592-5b215d8996c74956bc733aa9f6dd21a8_jpg.rf.786819039ee13073d2d2a6ea7c801bfa.jpg,0,0,0,0,0,0,0,1,0
dry27_jpg.rf.91e18cda8fe0388311520c4742e6b5e0.jpg,0,0,0,1,0,0,0,0,0
Berminyak-4-_jpg.rf.d506bf932377999d9661e917e7f274eb.jpg,0,0,0,0,0,1,0,0,0
berminyak__-53-_JPG_jpg.rf.26adf5e89f81928cf8057103438a5018.jpg,0,0,0,0,0,1,0,0,0
acne-90-_jpg.rf.140dbba69263181f6d51a906aa2d59ca.jpg,1,0,0,0,0,0,0,0,0
Berminyak267_jpg.rf.550ff9d061413661a63315c72b21410f.jpg,0,0,0,0,0,1,0,0,0
berminyak__-56-_JPG_jpg.rf.d296d15578da1dc39368100464acbf85.jpg,0,0,0,0,0,1,0,0,0
acne-899-_jpeg_jpg.rf.9205d62d2e8170de7be86d6d6973e485.jpg,1,0,0,0,0,0,0,0,0
dry-137-_jpg.rf.db5eee65c3c23633cebb46bef5d81e93.jpg,0,0,0,1,0,0,0,0,0
acne-894-_jpeg_jpg.rf.5dcade7e3dc648af4a0b015e30ec3310.jpg,1,0,0,0,0,0,0,0,0
dry11_jpg.rf.0afadfdb589eccb550fe95b74ad34d8f.jpg,0,0,0,1,0,0,0,0,0
acne-892-_jpeg_jpg.rf.f43c54a35e3315bd5409254ad44b4bc1.jpg,1,0,0,0,0,0,0,0,0
dry-141-_jpg.rf.b233d649bc7b1af1161dcd6998370d93.jpg,0,0,0,1,0,0,0,0,0
dry23_jpg.rf.8cb28b6c8ab943f20f097db3c46f1240.jpg,0,0,0,1,0,0,0,0,0
Berminyak-24-_jpeg_jpg.rf.979f7fb6500b186c3b3e696332b7fd2f.jpg,0,0,0,0,0,1,0,0,0
berminyak__-52-_JPG_jpg.rf.05cec2749b5bd86e25a2e55cb35dbda8.jpg,0,0,0,0,0,1,0,0,0
berminyak__-57-_JPG_jpg.rf.4fff8e8744391891df9cacafa3ad4c21.jpg,0,0,0,0,0,1,0,0,0
acne-prone-skin_198_jpeg_jpg.rf.d2000d2426cbd298c76ecb60acd9f81d.jpg,1,0,0,0,0,0,0,0,0
Berminyak-22-_jpg.rf.b14b383da803fdd3b324a3058db9627b.jpg,0,0,0,0,0,1,0,0,0
da-mat-noi-man-do-khong-ngua-do-di-ung_jpg.rf.239b7c6bf8e1012d30d3d71c8a143e8a.jpg,0,0,0,0,0,0,0,1,0
Image_100_jpg.rf.57503195073ba8b6d453273475a14ef4.jpg,0,0,0,1,0,0,0,0,0
dry-150-_jpg.rf.ee00bdb58030e7489ffa2943500bfa84.jpg,0,0,0,1,0,0,0,0,0
Berminyak-27-_jpeg_jpg.rf.74ddaa5a1614701e9321759c04fbaac8.jpg,0,0,0,0,0,1,0,0,0
berminyak__-14-_jpg.rf.4128161392c58b3577e009895619884d.jpg,0,0,0,1,0,0,0,0,0
acne-921-_jpeg_jpg.rf.4c8c1de43dd289a66b0705830f70812f.jpg,1,0,0,0,0,0,0,0,0
Berminyak-25-_jpeg_jpg.rf.9a48b399f001450f130071f772183a16.jpg,0,0,0,0,0,1,0,0,0
acne-925-_jpeg_jpg.rf.6aea1fb6310afbea304e07c27287a17f.jpg,1,0,0,0,0,0,0,0,0
berminyak__-33-_jpg.rf.47422b93dc1d0b3e90a12161967652a2.jpg,0,0,0,1,0,0,0,0,0
dry-skin_36_jpeg_jpg.rf.858a036e6c6bd7a37cd20c4aab6a5cec.jpg,0,0,0,1,0,0,0,0,0
dry25_jpg.rf.a5867a45863b9209710b97988714d1d1.jpg,0,0,0,1,0,0,0,0,0
dry10_jpg.rf.5b2a328fd11a5bc6e5d176411c8abe30.jpg,0,0,0,1,0,0,0,0,0
Ance-Scars_jpg.rf.76c2269a14c63fceab3debaaf27f268b.jpg,1,0,0,0,0,0,0,0,0
Berminyak-11-_jpg.rf.cbdf27bbe868d781d4b2e49a62fdc0f9.jpg,0,0,0,0,0,1,0,0,0
berminyak__-6-_jpg.rf.ae4591542bd1c6a4839b1270e29d2704.jpg,0,0,0,1,0,0,0,0,0
berminyak__-9-_jpg.rf.a2694d45baf439efb49dcbadd403c6c5.jpg,0,0,0,1,0,0,0,0,0
berminyak__-54-_JPG_jpg.rf.041adf2f308ad531d468ea46b7346596.jpg,0,0,0,0,0,1,0,0,0
da-mong-noi-gan-mau-la-benh-gi-2_jpg.rf.da04d79ef0bb3308617a6f5443916df4.jpg,0,0,0,0,0,0,0,1,0
acne-92-_jpg.rf.9d16a8e21bba528963be2ad90499d72f.jpg,1,0,0,0,0,0,0,0,0
acne-92-_jpeg_jpg.rf.f94dd66947ded16ffc57fe6c31fe3f17.jpg,1,0,0,0,0,0,0,0,0
Berminyak-26-_JPG_jpg.rf.a77415cad1a1e90e9a3f23ab861135f7.jpg,0,0,0,0,0,1,0,0,0
acne-893-_jpeg_jpg.rf.b9432c2fa0e609c92c0fc7b6452e87ac.jpg,1,0,0,0,0,0,0,0,0
Berminyak-23-_jpeg_jpg.rf.d7786fb7d55571fe533915b943972a7f.jpg,0,0,0,0,0,1,0,0,0
dry34_jpg.rf.2f9fed5f8279fda873938b2b912e8c1f.jpg,0,0,0,1,0,0,0,0,0
berminyak__-13-_jpg.rf.b85310c39d9923fc90d7384930643d50.jpg,0,0,0,1,0,0,0,0,0
Image_101_jpg.rf.46e425d3279e2f389cdc8d2c108b78c9.jpg,1,0,0,0,0,0,0,0,0
images_jpg.rf.4cc9e3cde5151e83ca0ff12236ef4749.jpg,0,1,0,0,0,0,0,0,0
dry3_jpg.rf.464e7b4e0802fa6d831caed0a83e2c9b.jpg,0,0,0,1,0,0,0,0,0
Berminyak-13-_jpg.rf.0d826a912b24dda5fb0db8b31768df35.jpg,0,0,0,0,0,1,0,0,0
dry5_jpg.rf.d3d1bb8cba786a75ce271619c99eb9fb.jpg,0,0,0,1,0,0,0,0,0
Berminyak-14-_jpeg_jpg.rf.1e01714cc90090d163b8ac555a1be52b.jpg,0,0,0,0,0,1,0,0,0
dry32_jpg.rf.c9557c84ba36d16d8c0918f2d4103614.jpg,0,0,0,1,0,0,0,0,0
Image_114_jpg.rf.ec2a02ea11d6e210b7fba7f6d88c54b8.jpg,0,1,0,0,0,0,0,0,1
b61395854e4e782abf671266ca89d1b0_jpg.rf.63f00db39d3e23d03496974ebfced989.jpg,0,0,0,1,0,0,0,0,0
Berminyak191_jpg.rf.df327411338684e18672f745ab6f08c4.jpg,0,0,0,0,0,1,0,0,0
Berminyak208_jpg.rf.27d93f57d7b8039ed506770b9f2728fe.jpg,0,0,0,1,0,0,0,0,0
Berminyak-1-_jpeg_jpg.rf.f503d0918ee869c5f810c9f88f021634.jpg,0,0,0,0,0,1,0,0,0
berminyak__-7-_jpg.rf.004641b0fcf69fe27af797d4a0458f06.jpg,0,0,0,1,0,0,0,0,0
berminyak__-59-_JPG_jpg.rf.919ddf8b6f2acc4a7304a4472b79926f.jpg,0,0,0,0,0,1,0,0,0
Berminyak205_jpg.rf.24b23e21d2213452eb96a6ffc8768f9c.jpg,0,0,0,0,0,1,0,0,0
bieu-hien-cua-benh-lupus-ban-do2_jpg.rf.a5fdceaabbea9bb6b548e21d8d333fbc.jpg,0,0,0,0,0,0,0,1,0
dry-162-_jpg.rf.1f07a4da1a40d14143065371acae08c7.jpg,1,0,0,0,0,0,0,0,0
dry-109-_jpg.rf.d79daec8da7fc5a1f48af5ed5eeb1f30.jpg,0,0,0,1,0,0,0,0,0
how-to-get-rid-of-redness-on-face-feat_jpg.rf.9dafa306d899abd3e71136beee6b9db7.jpg,0,0,0,0,0,0,0,1,0
acne-895-_jpeg_jpg.rf.7e69dfb49cfb4bc2a2b33a38df9484ef.jpg,1,0,0,0,0,0,0,0,0
dau-hieu-tren-da-canh-bao-ban-phai-di-xet-nghiem-mau-ngay_jpg.rf.e4c00be5815bf114dd94825e929bc865.jpg,0,0,0,0,0,0,0,1,0
Berminyak249_jpg.rf.150d655fb028747a22fcae150e68a03a.jpg,0,0,0,0,0,1,0,0,0
download_jpg.rf.6d1f1c37b2a3ae2dd354aa12e068ba22.jpg,0,1,0,0,0,0,0,0,0
c0500788-800px-wm_jpg.rf.072666dea54603b0d47a42570a6c528f.jpg,0,0,0,0,0,0,0,1,0
Berminyak177_jpg.rf.327e6275b4849ec02f2c0c8455f40b1f.jpg,0,0,0,0,0,1,0,0,0
dry1_jpg.rf.9014569d3593c363d4a75aa7bc632dde.jpg,0,0,0,1,0,0,0,0,0
acne-409-_jpeg_jpg.rf.4524a3b695b2b2ae93b0de746d5ed142.jpg,1,0,0,0,0,0,0,0,0
acne-4-_jpeg_jpg.rf.723e3f337173956d926ac4f536ade224.jpg,1,0,0,0,0,0,0,0,0
acne-378-_jpeg_jpg.rf.fdc3b6d2f842b80f9222a2e6868c6cf3.jpg,1,0,0,0,0,0,0,0,0
acne-382-_jpg.rf.f6824f9ab786371ed993648a9588c52d.jpg,1,0,0,0,0,0,0,0,0
oily-242-_jpg.rf.ace7dbee54cb89c3ec73b09fe2529b2d.jpg,1,0,0,1,0,0,0,0,0
levle2_61_jpg.rf.782554709d4e97867f1f3b52315f39a1.jpg,1,0,0,0,0,0,0,0,0
levle1_583_jpg.rf.b67e9fc6503a9800e1094a7156de1662.jpg,1,0,0,0,0,0,0,0,0
acne-389-_jpg.rf.aeb7a9e2d890f39acc99aa593c20d5d7.jpg,1,0,0,0,0,0,0,0,0
acne-401-_jpeg_jpg.rf.ca63b520866f426cae7ebd856d73a50b.jpg,1,0,0,0,0,0,0,0,0
oily-238-_JPG_jpg.rf.37cf0705a6ed3bada21020e972cf7de6.jpg,1,0,0,0,0,1,0,0,0
oily-231-_JPG_jpg.rf.35d292d4a909db58889fc5a0aaea8d43.jpg,1,0,0,0,0,1,0,0,0
acne-380-_jpg.rf.007c02458eaced8ee604704c29b8df1f.jpg,1,0,0,0,0,0,0,0,0
oily-227-_jpg.rf.1b7d7112de36e0b912ae361cf743689d.jpg,1,0,0,0,0,1,0,0,0
levle1_586_jpg.rf.e8c85c590918eda3b9b69df4c276dba5.jpg,1,0,0,0,0,0,0,0,0
acne-410-_jpeg_jpg.rf.290b97fa7bb9c23f90d8cf3d1ff695f9.jpg,1,0,0,0,0,0,0,0,0
levle2_70_jpg.rf.f73a8342f0a6afb6c7f6bbc24b0ac120.jpg,1,0,0,0,0,0,0,0,0
levle1_591_jpg.rf.f8d70ec8b14c4960c87f74b7f8f55b06.jpg,1,0,0,0,0,0,0,0,0
levle1_525_jpg.rf.73c7d07eae09a3c478859a51f6d98660.jpg,1,0,0,0,0,0,0,0,0
acne-39-_jpg.rf.825e04b4504a9ef70ba1d8317d77d6ca.jpg,1,0,0,0,0,0,0,0,0
levle2_187_jpg.rf.20456890fec02319181dd06186742416.jpg,1,0,0,0,0,0,0,0,0
acne-747-_jpeg_jpg.rf.ee9c7464b339abf24458494339b808f9.jpg,1,0,0,0,0,0,0,0,0
658_jpg.rf.a00cdc743e517865c3ef9ad86ddc9aea.jpg,1,1,0,0,0,0,0,0,1
acne-745-_jpeg_jpg.rf.7e5fb18da58d3d6443abb04afce80353.jpg,1,0,0,0,0,0,0,0,0
570_jpg.rf.be7c2fbbe01a3c157268f9b6cbc71e84.jpg,1,1,0,0,0,0,0,0,0
acne-712-_jpg.rf.733c1922564e76528bdc1d8447bacb26.jpg,1,0,0,0,0,0,0,0,0
574_jpg.rf.c2b140ead3dd073764f1f8e0dc2cfed3.jpg,1,0,0,0,0,0,1,0,0
65_jpg.rf.17cc64533adae0c15161bb0cb81dcb1a.jpg,0,0,0,0,0,0,0,0,1
655_jpg.rf.86952289767c1968f22b1b089b88a973.jpg,1,1,0,0,0,0,0,0,0
acne-761-_jpg.rf.22910ac425af5676f33befbf19a1ad2c.jpg,1,0,0,0,0,0,0,0,0
acne-201-_jpeg_jpg.rf.cf956c2bb82c3791c31c4bdbf8779481.jpg,1,0,0,0,0,0,0,0,0
acne-727-_jpeg_jpg.rf.a0f8155aa303debefd7da23053540ef0.jpg,1,0,0,0,0,0,0,0,0
acne-742-_jpg.rf.6ba43d38e055183e94b902bae780adfe.jpg,1,0,0,0,0,0,0,0,0
acne-73-_jpeg_jpg.rf.789b0046e4018ce52c4ce73601d52236.jpg,1,0,0,0,0,0,0,0,0
acne-743-_jpeg_jpg.rf.7d32e9b8282ce5c6aa0efce6219dc93c.jpg,1,0,0,0,0,0,0,0,0
acne-726-_jpeg_jpg.rf.ae9e1ef12c694b30a974529b9447b23a.jpg,1,0,0,0,0,0,0,0,0
acne-728-_jpg.rf.4beb3f4147b968ba614929e8f82e103c.jpg,1,0,0,0,0,0,0,0,0
acne-749-_jpeg_jpg.rf.189852840b3b86406d1e20cf12e2537f.jpg,1,0,0,0,0,0,0,0,0
acne-744-_jpg.rf.a0dc308dc06b90d594b7947e1c438b50.jpg,1,0,0,0,0,0,0,0,0
acne-752-_jpeg_jpg.rf.184ae5db8322c6e52c659f19419197b3.jpg,1,0,0,0,0,0,0,0,0
acne-753-_jpg.rf.1ce86ea0868ebee045b54acb16643787.jpg,1,0,0,0,0,0,0,0,0
59_jpg.rf.01cba667b568b90530d5a636c90d393a.jpg,1,0,0,0,0,0,1,0,0
596_jpg.rf.742725be146818c3be50161ac6df5cea.jpg,1,0,0,0,0,0,0,0,0
599_jpg.rf.321ae89050952f7b8a4cf5d3624bc59e.jpg,1,0,0,0,0,0,1,0,0
acne-736-_jpeg_jpg.rf.b779e1ec971ac8a5a5af0891b7d7dad0.jpg,1,0,0,0,0,0,0,0,0
597_jpg.rf.096fb66ef3843a666287d9d172cd3fba.jpg,1,0,0,0,0,0,0,0,0
598_jpg.rf.cd4e5dcf4bd188317e6899cfb9ebb1a4.jpg,1,0,0,0,0,0,0,0,0
563_jpg.rf.3c9362abdfd733cc65d14b02684356d1.jpg,1,0,0,0,0,0,1,0,0
591_jpg.rf.d50f4c418872f5ad4f7517fda760c60e.jpg,1,1,0,0,0,0,0,0,0
acne-714-_jpeg_jpg.rf.6d45fd958f3b71d0ff9e824bc429bbaf.jpg,1,0,0,0,0,0,0,0,0
acne-711-_jpg.rf.fe69531196b05e5f5408e1d187194db7.jpg,1,0,0,0,0,0,0,0,0
acne-761-_jpeg_jpg.rf.0699daff4e3116d9a24f85606148bcc0.jpg,1,0,0,0,0,0,0,0,0
acne-770-_jpeg_jpg.rf.558c2c27026957cfc943112f2bab94af.jpg,1,0,0,0,0,0,0,0,0
acne-769-_jpeg_jpg.rf.40b99c509be4235bdf4867cacc074716.jpg,1,0,0,0,0,0,0,0,0
acne-201-_jpg.rf.344fe1b3cedbee2b0f043b6fe661fa39.jpg,1,0,0,0,0,0,0,0,0
acne-762-_jpg.rf.a0229af36688b19e7d502781c371af82.jpg,1,0,0,0,0,0,0,0,0
acne-202-_jpeg_jpg.rf.5d2ed5f7d7866478001f03ff2497c8d9.jpg,1,0,0,0,0,0,0,0,0
657_jpg.rf.7e76a9d1228a8be908f0c7f45b0a4674.jpg,1,1,0,0,0,0,0,0,0
acne-204-_jpeg_jpg.rf.e555c8155db8f11ea898e06aa375e654.jpg,1,0,0,0,0,0,0,0,0
acne-202-_jpg.rf.a20ed97dfb0121bd77b5807a8c2f2bb2.jpg,1,0,0,0,0,0,0,0,0
652_jpg.rf.f4a22edd8ed0de3ae948697ba2ab1ed5.jpg,1,1,0,0,0,0,1,0,0
acne-741-_jpeg_jpg.rf.955c9ecc084fd65af4441d7db3c73876.jpg,1,0,0,0,0,0,0,0,0
acne-749-_jpg.rf.edccf9cebea1788a25eeba382aa09f03.jpg,1,0,0,0,0,0,0,0,0
acne-743-_jpg.rf.aa6be122128890d2900fdd04782e0d9f.jpg,1,0,0,0,0,0,0,0,0
acne-744-_jpeg_jpg.rf.d4175b952527802c7e84c4710f325297.jpg,1,0,0,0,0,0,0,0,0
66_jpg.rf.d4ad2d2624d1e93867debc78aff522db.jpg,1,0,0,0,0,0,0,0,1
acne-748-_jpg.rf.ab20c7b972f3fd784bd70faa53b55f73.jpg,1,0,0,0,0,0,0,0,0
646_jpg.rf.46021fd658c9c503be2faa3b0a3ccb2d.jpg,0,0,0,0,0,0,1,0,1
643_jpg.rf.39ea944e4ffcd8c98c243db41cc39b43.jpg,1,0,0,0,0,0,0,0,0
562_jpg.rf.61ba9ef9d3d4418967c981a62b5ced8d.jpg,1,0,0,0,0,0,1,0,0
63_jpg.rf.8a0e4e52e33a827cd781e685e1353366.jpg,1,0,0,0,0,0,0,0,0
648_jpg.rf.bc06d4433b5607d2268de0767486b0e8.jpg,1,0,0,0,0,0,1,0,1
569_jpg.rf.8641966553906aed6035fc4057f9c8f4.jpg,1,1,0,0,0,0,0,0,0
acne-736-_jpg.rf.39b7daa83e8854503222c8cce29233db.jpg,1,0,0,0,0,0,0,0,0
acne-715-_jpeg_jpg.rf.5225a156de98e3e384c37b452e5c7fa3.jpg,1,0,0,0,0,0,0,0,0
acne-192-_jpeg_jpg.rf.269903fa924ddee7f9ece8563cc535f4.jpg,1,0,0,0,0,0,0,0,0
acne-191-_jpeg_jpg.rf.6c8aee16de4a667d149b7b727939cc52.jpg,1,0,0,0,0,0,0,0,0
acne-715-_jpg.rf.542a696af102444f9332ec8b4d449611.jpg,1,0,0,0,0,0,0,0,0
acne-710-_jpeg_jpg.rf.8c44c0db1537a76ef9f929883af458bf.jpg,1,0,0,0,0,0,0,0,0
acne-181-_jpeg_jpg.rf.626be070e0b62d44934fc25c6b0636d6.jpg,1,0,0,0,0,0,0,0,0
acne-183-_jpg.rf.e7e596739a337700e9b86a03302bb305.jpg,1,0,0,0,0,0,0,0,0
acne-180-_jpeg_jpg.rf.9aed56dc7e7efa1eb25cf75be6d25657.jpg,1,0,0,0,0,0,0,0,0
acne-205-_jpeg_jpg.rf.92963d27365b1c419e3ca8240287bddf.jpg,1,0,0,0,0,0,0,0,0
acne-75-_jpeg_jpg.rf.381a7f044682b5d5794d2b31582fa8a6.jpg,1,0,0,0,0,0,0,0,0
acne-75-_jpg.rf.835f6e7a9edbe624683bfa757df72d92.jpg,1,0,0,0,0,0,0,0,0
acne-769-_jpg.rf.7ef6b8eb256553766ffa1a04fff1d431.jpg,1,0,0,0,0,0,0,0,0
645_jpg.rf.88ea801d168caf80a64c4861e8811216.jpg,1,0,0,0,0,0,0,0,0
592_jpg.rf.ec4186afc055b264a41a30e54b43561e.jpg,1,0,0,0,0,0,0,0,0
acne-185-_jpg.rf.6860b68eca79b1b34bfc24265467da0b.jpg,1,0,0,0,0,0,0,0,0
acne-185-_jpeg_jpg.rf.b2de4563218da312ce9a5bd7c7df40c0.jpg,1,0,0,0,0,0,0,0,0
670_jpg.rf.4c3a6ed0909ca51730c7ffd41e025adb.jpg,1,0,0,0,0,0,0,0,1
671_jpg.rf.43726c787102ab4761715c15a4364d1b.jpg,1,0,0,0,0,0,0,0,1
659_jpg.rf.47fd8ed263f0539a7e10c82d7275cf63.jpg,1,0,0,0,0,0,0,0,1
acne-754-_jpeg_jpg.rf.cdbaeeb59208e9a43cc4faffa31573ff.jpg,1,0,0,0,0,0,0,0,0
673_jpg.rf.4ee52b59b4beafadd85933e673ca4573.jpg,1,0,0,0,0,0,0,0,0
acne-183-_jpeg_jpg.rf.1236e428afaf8d03d29a1f5e54fcd554.jpg,1,0,0,0,0,0,0,0,0
acne-207-_jpg.rf.7658debe5bd4c647fff07d17a798df05.jpg,1,0,0,0,0,0,0,0,0
acne-730-_jpg.rf.065826bd9185d39cbd29cfc371216e5f.jpg,1,0,0,0,0,0,0,0,0
acne-206-_jpg.rf.b0fd1e34949b6be04dffd1d9ffcff340.jpg,1,0,0,0,0,0,0,0,0
acne-208-_jpeg_jpg.rf.a975b090f834d7f95cc6bac46911886f.jpg,1,0,0,0,0,0,0,0,0
644_jpg.rf.1b566f317946929787be0e984e14da15.jpg,1,0,0,0,0,0,0,0,0
acne-737-_jpeg_jpg.rf.39a0a3ebadd1a48dc2c155600818016e.jpg,1,0,0,0,0,0,0,0,0
acne-739-_jpg.rf.4280c7835619dc3bdce41d256cc2e4f8.jpg,1,0,0,0,0,0,0,0,0
acne-732-_jpg.rf.c9d09140b21dbed75c00a136e9a57922.jpg,1,0,0,0,0,0,0,0,0
64_jpg.rf.e2b0e8553d0f44c63fd4ee3cd6e026d0.jpg,0,0,0,0,0,0,0,0,1
acne-765-_jpg.rf.4329650d8fb8c5e8c5480130f4527718.jpg,1,0,0,0,0,0,0,0,0
acne-731-_jpeg_jpg.rf.0e134bfbe082b469c527f39df26757a1.jpg,1,0,0,0,0,0,0,0,0
acne-767-_jpeg_jpg.rf.3a82f3fe0bc891b4ba90bb394d56770e.jpg,1,0,0,0,0,0,0,0,0
642_jpg.rf.695807389f63f9692a92fba022c94374.jpg,1,1,0,0,0,0,1,0,0
acne-764-_jpg.rf.a0f27242335f8f8bbd3256a175dca4f0.jpg,1,0,0,0,0,0,0,0,0
acne-192-_jpg.rf.27650f3b70ed5744838ed80595a68b5d.jpg,1,0,0,0,0,0,0,0,0
675_jpg.rf.53b85f2b4d7315637e5cb60f94c28609.jpg,1,0,0,0,0,0,0,0,0
acne-764-_jpeg_jpg.rf.de1f4a6fd853cfc87ad1fe72a0d6a2c1.jpg,1,0,0,0,0,0,0,0,0
acne-195-_jpeg_jpg.rf.69169a3bfe5f8af3006a6a9cb68fab1d.jpg,1,0,0,0,0,0,0,0,0
acne-203-_jpeg_jpg.rf.4bc1a5a2b97cefbc2d104a21f1fde59c.jpg,1,0,0,0,0,0,0,0,0
acne-182-_jpeg_jpg.rf.33abd5760292d15a296fe7b796303c2e.jpg,1,0,0,0,0,0,0,0,0
acne-208-_jpg.rf.f56d73cc9a4fbd0363fa017094729279.jpg,1,0,0,0,0,0,0,0,0
acne-179-_jpg.rf.5d607031a5860cc69bd9ce0dc231729e.jpg,1,0,0,0,0,0,0,0,0
acne-735-_jpeg_jpg.rf.498adedbedc5111235637efb61e92d96.jpg,1,0,0,0,0,0,0,0,0
acne-18-_jpg.rf.faa7784c47ea300273bd1da8f363f026.jpg,1,0,0,0,0,0,0,0,0
acne-175-_jpg.rf.fbbfbc8832a78ac3f7b3d8e246e71018.jpg,1,0,0,0,0,0,0,0,0
acne-176-_jpeg_jpg.rf.e910701f2ba49ea1f77958c972be530b.jpg,1,0,0,0,0,0,0,0,0
64_jpg.rf.846e6265bf7fbb314f80f728260fb735.jpg,1,0,0,0,0,0,1,0,0
64_jpg.rf.a88f0cba934b6d2ed6b3104dfad14281.jpg,0,1,0,0,0,0,0,0,0
acne-734-_jpg.rf.b46cb94589c55dc64858a76d2311060f.jpg,1,0,0,0,0,0,0,0,0
acne-765-_jpeg_jpg.rf.5670dc01212358cbded934f6e2a8809a.jpg,1,0,0,0,0,0,0,0,0
acne-196-_jpeg_jpg.rf.27e06565eb4f07f87274b23072f782f8.jpg,1,0,0,0,0,0,0,0,0
acne-760-_jpeg_jpg.rf.aff73f91d3df24fc0f9b0482d8856b49.jpg,1,0,0,0,0,0,0,0,0
acne-766-_jpeg_jpg.rf.036dbb28cdcbafecb353cdb9f446d432.jpg,1,0,0,0,0,0,0,0,0
acne-197-_jpeg_jpg.rf.948713f3a1f22746cbb855068aaac224.jpg,1,0,0,0,0,0,0,0,0
acne-197-_jpg.rf.6203318673acdcb1a19d40adee279d0d.jpg,1,0,0,0,0,0,0,0,0
acne-193-_jpeg_jpg.rf.fd1306bc8b93772f1ebbdad4857e3b90.jpg,1,0,0,0,0,0,0,0,0
acne-210-_jpg.rf.51077cf3d74d978a54bfbe87b486a3e9.jpg,1,0,0,0,0,0,0,0,0
666_jpg.rf.b8cd8bd87159470ebacfcace1558bdc9.jpg,1,0,0,0,0,0,1,0,0
661_jpg.rf.c9ef7bf18a72aaacf71ca89c6a7ad65d.jpg,1,0,0,0,0,0,1,0,0
acne-21-_jpeg_jpg.rf.a8936c9dbe25278a947c1a25eb6c8aec.jpg,1,0,0,0,0,0,0,0,0
660_jpg.rf.ede2acf75ed943cf0144dc45b511f434.jpg,1,0,0,0,0,0,0,0,1
acne-211-_jpeg_jpg.rf.88d1dcf68ca99903e5f38809a4058634.jpg,1,0,0,0,0,0,0,0,0
acne-177-_jpeg_jpg.rf.9dab8ee0c527875439f927beecf132df.jpg,1,0,0,0,0,0,0,0,0
acne-180-_jpg.rf.cf7e870b13848473a58003749f8ac6eb.jpg,1,0,0,0,0,0,0,0,0
acne-871-_jpeg_jpg.rf.6718a9248e44ad892bdfaf423fc4d7b7.jpg,1,0,0,0,0,0,0,0,0
acne-733-_jpg.rf.358b51e5ca8e8300caacd3709a8829ac.jpg,1,0,0,0,0,0,0,0,0
650_jpg.rf.3de6e4b0e9c4f9a14e5e8c0426e16e19.jpg,1,0,0,0,0,0,0,0,0
acne-757-_jpeg_jpg.rf.f5ffe98a3b52cb2fd19b8d3aa46daadb.jpg,1,0,0,0,0,0,0,0,0
acne-20-_jpeg_jpg.rf.4bb8de44921a37c32c37cc862f77a42b.jpg,1,0,0,0,0,0,0,0,0
acne-766-_jpg.rf.e920db6e320ee2c489e9419552884508.jpg,1,0,0,0,0,0,0,0,0
acne-768-_jpg.rf.9280a1952339c8dc8b0c242e5129cee4.jpg,1,0,0,0,0,0,0,0,0
acne-76-_jpeg_jpg.rf.457db7aac4d042eff503c9a2b7ffc2ac.jpg,1,0,0,0,0,0,0,0,0
acne-2-_png_jpg.rf.9a1db8d973fe06692b1064f063f7c7ea.jpg,1,0,0,0,0,0,0,0,0
acne-2-_jpeg_jpg.rf.a26c452eff35d61ac69838feaa714709.jpg,1,0,0,0,0,0,0,0,0
acne-2-_jpg.rf.a5e9383e97c8603203eac61728ec8e5f.jpg,1,0,0,0,0,0,0,0,0
674_jpg.rf.2f4878aa3bb77789cf479595dadda514.jpg,1,0,0,0,0,0,0,0,0
662_jpg.rf.34389d3115ef594fac56d21e2a14f860.jpg,1,0,0,0,0,0,0,0,0
672_jpg.rf.1bc18f9e14c565043e5124ac1ddde4c7.jpg,0,0,0,0,0,0,0,0,1
663_jpg.rf.3ca07ecfedfa7819e4866d0d72dff9a3.jpg,1,0,0,0,0,0,0,0,0
acne-211-_jpg.rf.54de07aecff72776bec55908a5d0110b.jpg,1,0,0,0,0,0,0,0,0
acne-205-_jpg.rf.8d3c1cf5a1db8e095cf5eb781a853c4e.jpg,1,0,0,0,0,0,0,0,0
acne-21-_jpg.rf.ab140a484504751f61fde57f299d158d.jpg,1,0,0,0,0,0,0,0,0
acne-869-_jpeg_jpg.rf.3b5c23e11836018ab5ee8044a6182099.jpg,1,0,0,0,0,0,0,0,0
acne-206-_jpeg_jpg.rf.588b682915d22bd352574f45d715db40.jpg,1,0,0,0,0,0,0,0,0
acne-758-_jpeg_jpg.rf.1c10261cc0a89982f21dd6735ef3498c.jpg,1,0,0,0,0,0,0,0,0
acne-754-_jpg.rf.23e5e005ffef853732da61d059a9be46.jpg,1,0,0,0,0,0,0,0,0
acne-872-_jpeg_jpg.rf.0a3c1e68172aecc41c0fdfe5de4b1496.jpg,1,0,0,0,0,0,0,0,0
acne-756-_jpg.rf.44b05be2f820ac9f48af8e30ce3a450d.jpg,1,0,0,0,0,0,0,0,0
acne-759-_jpeg_jpg.rf.60b1073248773cf4016726e2f60c9c79.jpg,1,0,0,0,0,0,0,0,0
acne-755-_jpeg_jpg.rf.ac54d1452a7e8040be606b54b5c3eb9e.jpg,1,0,0,0,0,0,0,0,0
acne-767-_jpg.rf.199aeff5a59f23e89e85d93def9134df.jpg,1,0,0,0,0,0,0,0,0
acne-221-_jpg.rf.e73d6b7c85eaa01795bc9fd46a6bb9d4.jpg,1,0,0,0,0,0,0,0,0
acne-768-_jpeg_jpg.rf.b93fe318c1410ef92f7e3444f3791912.jpg,1,0,0,0,0,0,0,0,0
acne-20-_jpg.rf.164f746c1c8cd17c194e95b0cdfdc2fc.jpg,1,0,0,0,0,0,0,0,0
acne-200-_jpeg_jpg.rf.dddf3dcc76b80d028732f53b96e11e10.jpg,1,0,0,0,0,0,0,0,0
acne-200-_jpg.rf.5ffd0f854967e9fd1c7c07b170c84ee2.jpg,1,0,0,0,0,0,0,0,0
acne-221-_jpeg_jpg.rf.f1e17196ca77754b5474e3e1564f2f6a.jpg,1,0,0,0,0,0,0,0,0
acne-198-_jpeg_jpg.rf.c1d1184f77a3936a2af219a8c9685a49.jpg,1,0,0,0,0,0,0,0,0
acne-23-_jpg.rf.a27a93ac8c5f269dc4ed60c1c4375a5f.jpg,1,0,0,0,0,0,0,0,0
acne-226-_jpeg_jpg.rf.1af231e32b23b84dde38f37ad8cdf6f8.jpg,1,0,0,0,0,0,0,0,0
acne-229-_jpeg_jpg.rf.3862f0c4ad53eda05aaf35b25f0b8cf5.jpg,1,0,0,0,0,0,0,0,0
669_jpg.rf.e584848455cb2d769ec96a23eb523428.jpg,1,0,0,0,0,0,1,0,0
66_jpg.rf.d87baf46e3958252b8f6ccf9d00b0969.jpg,0,0,0,0,0,0,0,0,1
acne-229-_jpg.rf.526bc3743171e7babc89cfe6a04d557a.jpg,1,0,0,0,0,0,0,0,0
acne-189-_jpg.rf.61a6e8b67f696d88a16dcb6f3bd087ab.jpg,1,0,0,0,0,0,0,0,0
acne-874-_jpeg_jpg.rf.69f7058a0d32f61356b93e1a754eee6d.jpg,1,0,0,0,0,0,0,0,0
acne-873-_jpeg_jpg.rf.7416306e8dd6fc5e8f0fec59eeea1eb6.jpg,1,0,1,0,0,0,0,0,0
69_jpg.rf.4e70f026f6e8b311f9ee280f07509655.jpg,0,0,0,0,0,0,0,0,1
acne-875-_jpeg_jpg.rf.9480059d8ad7c096ea9027234014d832.jpg,1,0,0,0,0,0,0,0,0
acne-223-_jpeg_jpg.rf.421610606f1582d527fd5678b56b7921.jpg,1,0,0,0,0,0,0,0,0
acne-735-_jpg.rf.bdf4c53cf847a38b036abc41c36baf94.jpg,1,0,0,0,0,0,0,0,0
acne-868-_jpeg_jpg.rf.cce287e65f4f1339a060032a35d8fd01.jpg,1,0,0,0,0,0,0,0,0
acne-222-_jpeg_jpg.rf.6c1241313ba419f2a7bb6828a02b4a1f.jpg,1,0,0,0,0,0,0,0,0
acne-222-_jpg.rf.0bb8b5be94f2b3f0b777a41a8ddef48c.jpg,1,0,0,0,0,0,0,0,0
acne-182-_jpg.rf.4fcd3841883a303372f5235ff01cbcb5.jpg,1,0,0,0,0,0,0,0,0
acne-210-_jpeg_jpg.rf.f2bbbc20973b9df444f0bfbf39a34308.jpg,1,0,0,0,0,0,0,0,0
acne-22-_jpg.rf.e862d7adcb8ee965b08d7c9bcae8787f.jpg,1,0,0,0,0,0,0,0,0
acne-175-_jpeg_jpg.rf.eec49af1e75cbee6769cd726c6302482.jpg,1,0,0,0,0,0,0,0,0
676_jpg.rf.2c1728d4f975bcc8755061c7e5ec3a46.jpg,1,1,0,0,0,0,0,0,0
acne-19-_jpeg_jpg.rf.74b00c8eec948d34e990ee25f93d49a3.jpg,1,0,0,0,0,0,0,0,0
acne-19-_jpg.rf.9a3e16227b1f63a35d2e8bcf91081b54.jpg,1,0,0,0,0,0,0,0,0
acne-220-_jpg.rf.c71b0f54883bb4833b363efb85207ffe.jpg,1,0,0,0,0,0,0,0,0
acne-224-_jpg.rf.56e78bb4a88d0c188618532e93c0385b.jpg,1,0,0,0,0,0,0,0,0
acne-220-_jpeg_jpg.rf.8bc344358070a3ea5ed0776d66a9b4a7.jpg,1,0,0,0,0,0,0,0,0
acne-225-_jpg.rf.69bdd090069137f60528d93f7338cea9.jpg,1,0,0,0,0,0,0,0,0
acne-219-_jpeg_jpg.rf.d01c159c02979e287665a3919fb96fd5.jpg,1,0,0,0,0,0,0,0,0
acne-227-_jpg.rf.c07a2241c300a4aa2640836222bdf1fd.jpg,1,0,0,0,0,0,0,0,0
668_jpg.rf.def114502f1b2444315ee5531c7aa005.jpg,1,0,0,0,0,0,1,0,0
acne-233-_jpg.rf.6a443569e346283932f6f0b5857cd59e.jpg,1,0,0,0,0,0,0,0,0
acne-235-_jpg.rf.be3f9f7da99d250546cdb9b58bef7fa6.jpg,1,0,0,0,0,0,0,0,0
acne-231-_jpg.rf.dfe610b3eda029de927abaed79e69a93.jpg,1,0,0,0,0,0,0,0,0
acne-755-_jpg.rf.2459f88a79fdb1b1be89bcd3a8e1f6e5.jpg,1,0,0,0,0,0,0,0,0
acne-198-_jpg.rf.e58c4331cf6011b296adaf173675d058.jpg,1,0,0,0,0,0,0,0,0
678_jpg.rf.9fe9c712ab84ae30c7cbda3eea1721d8.jpg,1,0,0,0,0,0,0,0,1
acne-219-_jpg.rf.20eab5a6c2cddb39873c373a7ec78cda.jpg,1,0,0,0,0,0,0,0,0
acne-231-_jpeg_jpg.rf.4fecb61e09fe8ffddaedab27918c0cc8.jpg,1,0,0,0,0,0,0,0,0
acne-225-_jpeg_jpg.rf.357e3a5488038d803044c44f16516c98.jpg,1,0,0,0,0,0,0,0,0
680_jpg.rf.67292ada70c8a4492bb26e7c9aed44f9.jpg,1,0,0,0,0,0,1,0,1
acne-237-_jpg.rf.cd66217878dce103f1a32b330fa66cfd.jpg,1,0,0,0,0,0,0,0,0
acne-233-_jpeg_jpg.rf.d23aab464783d3cd8ae3f145011dae6c.jpg,1,0,0,0,0,0,0,0,0
acne-224-_jpeg_jpg.rf.83a02520fbb3e953bef419693b6dd461.jpg,1,0,0,0,0,0,0,0,0
acne-245-_jpeg_jpg.rf.81baa731d8b83c817a17a743a67a2289.jpg,1,0,0,0,0,0,0,0,0
685_jpg.rf.48780799e5fed666b019b70b6909cd9b.jpg,1,0,0,0,0,0,0,0,0
67_jpg.rf.a412366e2025f4357c8f5a1ab51ecb34.jpg,1,0,0,0,0,0,0,0,1
682_jpg.rf.adf905d6d6218f291fd6cc4aee81044a.jpg,1,0,0,0,0,0,1,0,0
acne-246-_jpeg_jpg.rf.607edc08de50c06874c05282942263fd.jpg,1,0,0,0,0,0,0,0,0
683_jpg.rf.f4dc755c0e7c51dbf631ef9dae843518.jpg,1,0,0,0,0,0,1,0,0
acne-238-_jpeg_jpg.rf.46e2200fea6749f6ccf0121fb87e699b.jpg,1,0,0,0,0,0,0,0,0
acne-235-_jpeg_jpg.rf.5a5002029aa692e80c86eee6fef499ae.jpg,1,0,0,0,0,0,0,0,0
acne-19-_png_jpg.rf.eab5cef3c5ac30a7e4ea0290d965e3a2.jpg,1,0,0,0,0,0,0,0,0
acne-228-_jpg.rf.f846a18873210f3bfa62ca92b32ef30c.jpg,1,0,0,0,0,0,0,0,0
acne-239-_jpeg_jpg.rf.9ca9fb41fbb7fa56f5cf02b1f972cb75.jpg,1,0,0,0,0,0,0,0,0
684_jpg.rf.80166cddfeee5c316b3614412d8b8abc.jpg,1,0,0,0,0,0,0,0,1
68_jpg.rf.f16a8c07a03a65d087b5c2946b85070f.jpg,1,0,0,0,0,0,0,0,0
acne-212-_jpg.rf.7b0ef8641c2e9ab5f53fda0d1eb10708.jpg,1,0,0,0,0,0,0,0,0
acne-236-_jpeg_jpg.rf.c56bdce3402eb88d09ad778fbe0fe189.jpg,1,0,0,0,0,0,0,0,0
acne-237-_jpeg_jpg.rf.be3afb10e26efc2ef96f0d4ba320dcd6.jpg,1,0,0,0,0,0,0,0,0
acne-214-_jpeg_jpg.rf.cb82f883288ef5d43ebd770ffc68e2b1.jpg,1,0,0,0,0,0,0,0,0
687_jpg.rf.b22cf430911ecc3f21692162a483c4ef.jpg,1,0,0,0,0,0,0,0,0
acne-239-_jpg.rf.d23f77add49f233571c1e4aada1b618e.jpg,1,0,0,0,0,0,0,0,0
acne-212-_jpeg_jpg.rf.cf6508c140fca25ba26b07acf46f15f5.jpg,1,0,0,0,0,0,0,0,0
acne-215-_jpeg_jpg.rf.9bf90673c16ae40923117fbf54e5e16b.jpg,1,0,0,0,0,0,0,0,0
acne-217-_jpg.rf.fcaaadba77b38db8cd9ab2e92dc7ea1b.jpg,1,0,0,0,0,0,0,0,0
acne-213-_jpeg_jpg.rf.e224f92c28ef9a388fdfaab91653d89e.jpg,1,0,0,0,0,0,0,0,0
acne-240-_jpeg_jpg.rf.b43ed0f066d22d1ac90adf9e9c2e1cac.jpg,1,0,0,0,0,0,0,0,0
acne-215-_jpg.rf.85aca6577df4a9344de530b01eb0b914.jpg,1,0,0,0,0,0,0,0,0
acne-240-_jpg.rf.9c9d1e6efe6f19b796b812037a28b3c8.jpg,1,0,0,0,0,0,0,0,0
acne-24-_png_jpg.rf.8d019a342934f479dd9692b4a5b166ce.jpg,1,0,0,0,0,0,0,0,0
acne-242-_jpeg_jpg.rf.b4f0fd7f6ebc058a135100216cd9685c.jpg,1,0,0,0,0,0,0,0,0
acne-24-_jpg.rf.dcdb315e6d0d5e5dff07d0beac478bfb.jpg,1,0,0,0,0,0,0,0,0
acne-217-_jpeg_jpg.rf.0cedce710d87cca102b9df26da460a42.jpg,1,0,0,0,0,0,0,0,0
acne-243-_jpg.rf.35b408b96b6c77a050fe2aacd374ccd7.jpg,1,0,0,0,0,0,0,0,0
acne-242-_jpg.rf.451751d77387d0f1f2f3409e5811bfdc.jpg,1,0,0,0,0,0,0,0,0
acne-218-_jpg.rf.b1f9108e48d4226f3ee4b7ca6f16fe65.jpg,1,0,0,0,0,0,0,0,0
acne-244-_jpg.rf.a7e610453a93c8b94e43da4cdfa01b49.jpg,1,0,0,0,0,0,0,0,0
acne-244-_jpeg_jpg.rf.03739f8873dd5a72d65477c5abda29b9.jpg,1,0,0,0,0,0,0,0,0
acne-190-_jpeg_jpg.rf.8b6244de78e7a465c97f577d4a128320.jpg,1,0,0,0,0,0,0,0,0
acne-870-_jpeg_jpg.rf.38b11b31dac0709eb8979c977ccce187.jpg,1,0,0,0,0,0,0,0,0
acne-241-_jpeg_jpg.rf.48b11de559835303485801e53bb32c88.jpg,1,0,0,0,0,0,0,0,0
653_jpg.rf.bbeb04b11f67f01191339b1bf300ec62.jpg,0,1,0,0,0,0,0,0,0
acne-750-_jpeg_jpg.rf.83ac2b0ace1da019df37c7e0d994b01a.jpg,1,0,0,0,0,0,0,0,0
564_jpg.rf.73770453338d03919b2bf4c8c3de806e.jpg,1,0,0,0,0,0,1,0,0
acne-748-_jpeg_jpg.rf.0892aafb2c400ce45dc328dbf0fb76c1.jpg,1,0,0,0,0,0,0,0,0
548_jpg.rf.08ea4d02509c11ad8b819f3cb7dc9539.jpg,0,0,0,0,0,0,1,0,0
acne-747-_jpg.rf.537c5eb287f31160e4cacc6f564e427c.jpg,1,0,0,0,0,0,0,0,0
acne-742-_jpeg_jpg.rf.b8e07736091cb8c9e6980d04d9218fbe.jpg,1,0,0,0,0,0,0,0,0
acne-724-_jpg.rf.54c9b2ba1c02650209e926c09dff5cd1.jpg,1,0,0,0,0,0,0,0,0
acne-727-_jpg.rf.d66e9fdb272ee3c74769de6ac4524925.jpg,1,0,0,0,0,0,0,0,0
acne-728-_jpeg_jpg.rf.738525f11c407122669b288dbcdd6c64.jpg,1,0,0,0,0,0,0,0,0
612_jpg.rf.4a8ae0caf04715eebc18f5d7fa53226a.jpg,1,0,0,0,0,0,1,0,1
acne-74-_jpeg_jpg.rf.2ed6cff1c18696e17f26b10257c99f4c.jpg,1,0,0,0,0,0,0,0,0
acne-740-_jpg.rf.7be1a92d3b69709cd7b52ab4a6847bc0.jpg,1,0,0,0,0,0,0,0,0
595_jpg.rf.3b431a809c6cc5d64608aa9977494b0c.jpg,1,0,0,0,0,0,1,0,0
56_jpg.rf.1d82c44b2f1f28d15fa12d915ef361bf.jpg,1,1,0,0,0,0,0,0,0
593_jpg.rf.79fc400ff601e63f6fd71da720e253b0.jpg,1,0,0,0,0,0,0,0,1
568_jpg.rf.c40bcbe7e0bc8c6debfad33944acab62.jpg,1,1,0,0,0,0,0,0,0
641_jpg.rf.9339a98a29afbcf73c9bf156d752c75d.jpg,1,1,0,0,0,0,1,0,0
acne-740-_jpeg_jpg.rf.0f3f51a94c6b0b42a7d0338ffaea70d0.jpg,1,0,0,0,0,0,0,0,0
616_jpg.rf.51c5d488a1c95bdfdb98974f11dac862.jpg,0,1,0,0,0,0,1,0,1
levle0_63_jpg.rf.d48aac838f3e3a42fcfe77b182e8f8b7.jpg,1,0,0,0,0,0,0,0,0
levle0_175_jpg.rf.bc9a0e2cfab0a9b2e2311a0a9d657a93.jpg,1,0,0,0,0,0,0,0,0
acne-248-_jpg.rf.3eba86bd38b27a23c5b5257412d48523.jpg,1,0,0,0,0,0,0,0,0
acne-247-_jpeg_jpg.rf.9ac7e02b8f7cc27ec893c85b68a4ef16.jpg,1,0,0,0,0,0,0,0,0
acne-246-_jpg.rf.fb930e812cf7880ce4438780e8df5e30.jpg,1,0,0,0,0,0,0,0,0
levle0_4_jpg.rf.48d5358fbd0187dc4f06ead154e48d85.jpg,1,0,1,0,0,0,0,0,0
acne-268-_jpg.rf.f85ccdbdd0e4d4c6edb2dd56924505d4.jpg,1,0,0,0,0,0,0,0,0
levle0_64_png_jpg.rf.1fc26baad5f1297ea7c1c3d90bde549e.jpg,1,0,0,0,0,0,0,0,0
levle0_56_jpg.rf.980c9df8643ad12292b133c69d858fc8.jpg,1,0,0,0,0,0,0,0,0
acne-251-_jpeg_jpg.rf.79bae7db8a39729e6852a271a201bb7e.jpg,1,0,0,0,0,0,0,0,0
acne-249-_jpg.rf.993e050882c02b44db2854991f678ea1.jpg,1,0,0,0,0,0,0,0,0
acne-256-_jpeg_jpg.rf.282d34ce9b8913cabaf99adf918522b7.jpg,1,0,0,0,0,0,0,0,0
levle0_78_png_jpg.rf.31e9a42a5b0d5bc016ccb82b87e651ed.jpg,1,0,0,0,0,0,0,0,0
acne-251-_jpg.rf.ee374407eb9375843fdfd0a19fb3b907.jpg,1,0,0,0,0,0,0,0,0
levle0_89_jpg.rf.c3905353230d38a6a884edff88b23e0d.jpg,1,0,0,0,0,0,0,0,0
acne-254-_jpg.rf.42abbb3546e747f67f51e280b1583783.jpg,1,0,0,0,0,0,0,0,0
acne-254-_jpeg_jpg.rf.80ca24b60383ef6698ef8b7c45684a1a.jpg,1,0,0,0,0,0,0,0,0
acne-253-_jpg.rf.4af2f51bac19d9bc35a8e41a609e1cbb.jpg,1,0,0,0,0,0,0,0,0
acne-291-_jpg.rf.4000fc927b3729890f92c58f7266ae35.jpg,1,0,0,0,0,0,0,0,0
acne-267-_jpg.rf.72bca2c00775d84570c235e987873ba1.jpg,1,0,0,0,0,0,0,0,0
acne-257-_jpg.rf.6d7a953889e07b7f3ca802e8da00c1b2.jpg,1,0,0,0,0,0,0,0,0
acne-29-_png_jpg.rf.59b21e60e162a2fcbb20b63f1ab040f1.jpg,1,0,0,0,0,0,0,0,0
acne-289-_jpeg_jpg.rf.617d6cadd2c38b3cbe12006d1e114242.jpg,1,0,0,0,0,0,0,0,0
acne-253-_jpeg_jpg.rf.5e498c71e090885b88c513a0c13cdb18.jpg,1,0,0,0,0,0,0,0,0
acne-25-_png_jpg.rf.f5e633bdd8a48830de5e6c71eea3d924.jpg,1,0,0,0,0,0,0,0,0
acne-287-_jpg.rf.4e7d20aaa5ef2662b1d7fefb6fe1a4a1.jpg,1,0,0,0,0,0,0,0,0
acne-249-_jpeg_jpg.rf.d9ab8e4af3eeaf5b5b5c733d2b648b71.jpg,1,0,0,0,0,0,0,0,0
acne-290-_jpg.rf.cabf72802cd402c940bef12f86f9140e.jpg,1,0,0,0,0,0,0,0,0
acne-264-_jpeg_jpg.rf.7c8ffe0890733868898ce48891391657.jpg,1,0,0,0,0,0,0,0,0
acne-268-_jpeg_jpg.rf.a711016ee68eb51dd5a62cb48805b61f.jpg,1,0,0,0,0,0,0,0,0
acne-252-_jpeg_jpg.rf.b0983de8b76136dd339db92b3f4a38d1.jpg,1,0,0,0,0,0,0,0,0
levle0_166_png_jpg.rf.2d66852489ed01f6b3fb925b530523bf.jpg,1,0,0,0,0,0,0,0,0
acne-293-_jpg.rf.118f094a0237221dab4bfad609f9a17e.jpg,1,0,0,0,0,0,0,0,0
acne-290-_jpeg_jpg.rf.02d31be41597b209e95161c49b48501c.jpg,1,0,0,0,0,0,0,0,0
acne-25-_jpg.rf.6565cb4159d29d61512ee7ae15ba578a.jpg,1,0,0,0,0,0,0,0,0
acne-291-_jpeg_jpg.rf.e587b99846db8b0ab9c19769e56e759d.jpg,1,0,0,0,0,0,0,0,0
acne-29-_jpeg_jpg.rf.687e600c6b154d65915137ba7690481f.jpg,1,0,0,0,0,0,0,0,0
acne-295-_jpg.rf.2908de2e1f32344dd0112b64fb00f9dd.jpg,1,0,0,0,0,0,0,0,0
acne-292-_jpeg_jpg.rf.f008b7a1f652f35b171261deda4c3525.jpg,1,0,0,0,0,0,0,0,0
levle0_167_jpg.rf.06283781e7e786b7d6860b5ca60eb9ad.jpg,1,0,0,0,0,0,0,0,0
acne-297-_jpg.rf.fe70124be523b210c27a20abc6c5db6a.jpg,1,0,0,0,0,0,0,0,0
acne-295-_jpeg_jpg.rf.79c823f625ad2c067a722b2b9280f71f.jpg,1,0,0,0,0,0,0,0,0
acne-298-_jpeg_jpg.rf.787260dd3f5ed48833f689d9499b9ae5.jpg,1,0,0,0,0,0,0,0,0
acne-296-_jpeg_jpg.rf.f05a94cdc952c469ae3d0dc176f873b9.jpg,1,0,0,0,0,0,0,0,0
acne-294-_jpeg_jpg.rf.59e1f641403bcf406ac36380a053420a.jpg,1,0,0,0,0,0,0,0,0
levle0_67_jpg.rf.2197b99cf072c680a9a84c9de66ca2ce.jpg,1,0,0,0,0,0,0,0,0
levle0_75_jpg.rf.1d28668324d06eaedb4bea824b77a206.jpg,1,0,0,0,0,0,0,0,0
210_jpg.rf.462f8c252daac4e4c71c6e7b26fdebb8.jpg,1,0,0,0,0,0,0,0,0
212_jpg.rf.7442397dea70c4aed188cb16b852fd7e.jpg,0,0,0,0,0,0,0,0,1
levle0_122_jpg.rf.811532060c0a341cc92ff9553afe6d66.jpg,1,0,0,0,0,0,0,0,0
159_jpg.rf.145c644c72709461259e20c037f539e9.jpg,1,0,0,0,0,0,0,0,0
213_jpg.rf.fb05d51f52fc969f9852627da67238e5.jpg,0,0,0,0,0,0,0,0,1
156_jpg.rf.7e8ed0294b37da774a8407bb6e817eba.jpg,0,0,0,1,0,0,0,0,0
210_jpg.rf.17848a6cfc3189f0b1d394d2ad9d0de5.jpg,0,0,0,0,0,0,0,0,1
15_jpeg_jpg.rf.abcb78e00c8229c532fdb6bf56000066.jpg,0,0,0,0,0,0,0,0,1
158_jpg.rf.fb9090a37a6cc08973f22eab3a04bcf1.jpg,1,0,0,0,0,0,0,0,0
levle0_52_jpg.rf.c3e31e3d810265055dfe028aece4d7c4.jpg,1,0,0,0,0,0,0,0,0
160_jpg.rf.bbddf97bb9b791283c36a986eae68ce4.jpg,1,0,0,0,0,0,0,0,0
211_jpg.rf.c0d5473ef87f0344af7ff37256bcb90d.jpg,0,0,0,0,0,0,0,0,1
159_jpg.rf.0c9c0c6128c942dcb3eae3960bfeb4a5.jpg,0,0,0,0,0,0,0,0,1
2175042512_1_jpg.rf.f360d2b2080a701da491097d0deab345.jpg,0,1,0,0,0,0,0,0,0
217_jpg.rf.cadd52424865c3cb00b3fc893c63d1a5.jpg,1,0,0,0,0,0,1,0,0
levle0_54_jpg.rf.4bc2fb0820ac69cfee698a8969b40d3b.jpg,1,0,0,0,0,0,0,0,0
2106011059_1_jpg.rf.d3841cee07d6d8398e7baf5af5b8d89c.jpg,0,1,0,0,0,0,0,0,0
216_jpg.rf.9d9f6baef7fa422bd2d42328e6fe726a.jpg,1,0,0,0,0,0,1,0,0
206_jpg.rf.30ddfad7a02e0e61958d7f32883304b8.jpg,1,1,0,0,0,0,0,0,0
141_jpg.rf.9fc00254e9d2d957b6beb7e576d01821.jpg,1,1,0,0,0,0,1,0,0
215_jpg.rf.1d42685e5a0544343909e965165266c6.jpg,0,0,0,0,0,0,1,0,1
165_jpg.rf.b27664b141f606a6e2814ecc924ff30a.jpg,1,0,0,0,0,0,0,0,0
131_jpg.rf.c54eb9e7fc2ec2e50e496bff3055a1e1.jpg,1,0,0,0,0,0,0,0,0
acne-308-_jpeg_jpg.rf.b4de38a6079cb41a947beb314d72dc09.jpg,1,0,0,0,0,0,0,0,0
15_jpg.rf.42908f89289cd5217bd47edfb664f527.jpg,1,0,0,0,0,0,0,0,0
207_jpg.rf.d3c11eadd5591bfa3c2763981ca52551.jpg,0,0,0,0,0,0,0,0,1
acne-264-_jpg.rf.96af8982d49dc4e3a92d40c690e18ebc.jpg,1,0,0,0,0,0,0,0,0
acne-261-_jpeg_jpg.rf.f358a7f963652ce70ca8170120b840ea.jpg,1,0,0,0,0,0,0,0,0
148_jpg.rf.3dd19e4595e9824962a22f1593cbd501.jpg,1,0,0,0,0,0,0,0,1
20_jpeg_jpg.rf.7f301dd8a73a4c6d5c73de568d8d75b7.jpg,0,0,0,0,0,0,0,0,1
levle1_42_jpg.rf.ad0eca256601ea49ccd8318befd6fb3a.jpg,1,0,0,0,0,0,0,0,0
20_jpg.rf.08b51612504b8c28109544893f393179.jpg,1,1,0,1,0,0,1,0,0
levle1_173_jpg.rf.a678a5604387b44d93ca1a186df7af5b.jpg,1,0,0,0,0,0,0,0,0
140_jpg.rf.a71320f771798f33b4347c0285425e75.jpg,0,1,0,0,0,0,0,0,0
12_jpeg_jpg.rf.67ca4e829875215c87beab3a3fc2a4a8.jpg,0,0,0,0,0,0,0,0,1
2196749951_1_jpg.rf.a5d2d279a0fa4328284c9a901a78ece3.jpg,0,1,0,0,0,0,0,0,0
219_jpg.rf.7953e48272b9abce101f75d8bc796d93.jpg,1,0,0,0,0,0,0,0,0
levle1_424_jpg.rf.a8303bb6ca0bc7f13aef21354605f100.jpg,1,0,0,0,0,0,0,0,0
levle0_86_jpg.rf.036942d8fa3bbf53001035634a850b5a.jpg,1,0,0,0,0,0,0,0,0
acne-267-_jpeg_jpg.rf.a751fba2847d5912a7f82f8a8a6603aa.jpg,1,0,0,0,0,0,0,0,0
levle1_424_jpg.rf.93007fe6272ff889746dffe59d23a361.jpg,1,0,0,0,0,0,0,0,0
2091682510_1_jpg.rf.b06b2336d502f34719da2651c1195bf9.jpg,0,1,0,0,0,0,0,0,0
164_jpg.rf.7e054f371b28e97ed785d5543def84c3.jpg,1,0,0,0,0,0,0,0,0
142661608_1_jpg.rf.0006d42e0345344b4827d0f34060e104.jpg,0,1,0,0,0,0,0,0,0
14_jpg.rf.80ebc2a60641d961f94d9ddd69c96c54.jpg,1,0,0,0,0,0,0,0,0
13_jpeg_jpg.rf.0c80c6bab3c2fe5fcf9310f9ecfa410c.jpg,0,0,0,0,0,0,0,0,1
133_jpg.rf.7738b3899d5ef6b4e3f4a4b32f476d9b.jpg,1,0,0,0,0,0,1,0,1
163_jpg.rf.8ace51122da62c84dc6a1e87aa0eeb92.jpg,1,0,0,0,0,0,1,0,0
129_jpg.rf.06b75836388631694f512d50cf03c87a.jpg,1,0,0,0,0,0,0,0,0
149_jpg.rf.78aa52592d4c003c03e7d9fb0ebf4d0e.jpg,1,0,0,0,0,0,1,0,1
170_jpg.rf.cffec33fd33a9278003ae1867e82be7e.jpg,1,0,0,0,0,0,0,0,0
128_jpg.rf.2c2d0e004deadd6acfae2ff3bc6ce3a5.jpg,1,0,0,0,0,0,0,0,0
172_jpg.rf.258375c1f00dbe63e80bb9b07d145a94.jpg,1,0,0,0,0,0,1,0,1
135_jpg.rf.9576ca2ae69bcada4b47f404bb05e901.jpg,1,0,0,0,0,0,0,0,1
16_jpeg_jpg.rf.6214c1ffdc200ee9458043467afe8bce.jpg,0,0,0,0,0,0,0,0,1
2198286445_1_jpg.rf.7fb484bfbef9c44be572e8216ca8efa2.jpg,0,1,0,0,0,0,0,0,0
132_jpg.rf.3150bc865059e75a4167259a862859dd.jpg,1,0,0,0,0,0,0,0,0
levle1_175_jpg.rf.fb2023e77089a34c61d88ad9efa00fc6.jpg,1,0,0,0,0,0,0,0,0
143_jpg.rf.45556af9683b3a5764a4a5e4baf0acd9.jpg,1,1,0,0,0,0,0,0,1
acne-33-_png_jpg.rf.fc2b3a64b178e3a8888e0b5defaca425.jpg,1,0,0,0,0,0,0,0,0
151_jpg.rf.c10ae02458f13d72c12fede89bbe7c1d.jpg,1,1,0,0,0,0,1,0,1
levle1_176_jpg.rf.99d59b9373e1d11700d5a5857166e5d3.jpg,1,0,0,0,0,0,0,0,0
146_jpg.rf.ae9fea0b7c0695b43fff6caef5c01ef0.jpg,1,1,0,0,0,0,1,0,1
183_jpg.rf.decc6025cb69814909bf5615255caafa.jpg,1,0,0,0,0,0,1,0,1
acne-327-_jpeg_jpg.rf.b96827d35af1fe9fd3b5af26cfcd27ee.jpg,1,0,0,0,0,0,0,0,0
162_jpg.rf.02e7448d071d3ae98b3ec5a8d3256d55.jpg,0,1,0,0,0,0,0,0,0
152_jpg.rf.9acf5da7db108fa04e739b0ff618c251.jpg,0,1,0,0,0,0,0,0,0
14_jpeg_jpg.rf.728d8fd271f154cdb6235ce866b31bc3.jpg,0,0,0,0,0,0,0,0,1
acne-328-_jpeg_jpg.rf.17a24530cb3740ce1bc61519851636a6.jpg,1,0,0,0,0,0,0,0,0
levle1_180_jpg.rf.9f931696067e9e3d1eb7d1371a7fce45.jpg,1,0,1,0,0,0,0,0,0
acne-327-_jpg.rf.08ccf2566d8bbaa7629234a98e3e204a.jpg,1,0,0,0,0,0,0,0,0
acne-33-_jpeg_jpg.rf.335d9896ec07d45a4376b7f03d1ebe0c.jpg,1,0,0,0,0,0,0,0,0
acne-331-_jpg.rf.a4fcccfad286746e655b3c7116e28c88.jpg,1,0,0,0,0,0,0,0,0
acne-330-_jpg.rf.1a2cf53df1e2b124e0e1c53ea6fd761d.jpg,1,0,0,0,0,0,0,0,0
189_jpg.rf.bc6dab76675362a33325830b1ad32b9a.jpg,1,1,0,0,0,0,1,0,0
223_jpg.rf.1cdfdf4c3c01cbcefc4d4587d0b05f04.jpg,1,1,0,0,0,0,0,0,0
171_jpg.rf.9db6d271b1d3b92e9edfd908af8a335f.jpg,1,0,0,1,0,0,1,0,0
222_jpg.rf.6bca95492ce202fbaac26786230a3cbd.jpg,0,0,0,0,0,0,0,0,1
144_jpg.rf.7f0b13f479be2abdd81d9d2f1a47fef8.jpg,1,1,0,0,0,0,0,0,1
levle1_427_jpg.rf.c54a3d2e8bedac76ba215a2747a8e63e.jpg,1,0,0,0,0,0,0,0,0
173_jpg.rf.61f5281a58028cda5b2a509f99bac9c6.jpg,1,0,0,1,0,0,0,0,1
levle1_188_jpg.rf.f3abef937d072d693d1ccc5e75876ef9.jpg,1,0,1,0,0,0,0,0,0
18_jpg.rf.e71e40fe18304318d2e5f6b7d0af86d2.jpg,1,0,0,0,0,0,0,0,0
187_jpg.rf.de4b534f34c461b57b28c90a6140a7c5.jpg,1,1,0,0,0,0,1,0,0
182_jpg.rf.5f35fcf719a727f3abf81a23ef9bc2a3.jpg,0,0,0,0,0,0,0,0,1
acne-355-_jpeg_jpg.rf.7aa96be464903e6bcf51ccbd67d4b5f3.jpg,1,0,0,0,0,0,0,0,0
147_jpg.rf.b72d11b5c33cbdc24476381c10b5e341.jpg,1,0,0,0,0,0,1,0,1
168_jpg.rf.0964b95fe40d94b103900b81590c53a0.jpg,1,1,0,0,0,0,1,0,0
152_jpg.rf.ea1540e9128afafbe8f0cabf64df2c7f.jpg,1,1,0,0,0,0,0,0,1
137_jpg.rf.d8bfe6fc6650786b0e5d8f7d1c79515b.jpg,1,1,0,0,0,0,1,0,0
levle1_100_jpg.rf.f8c94f594849458aea5a8e69b3e8b116.jpg,1,0,0,0,0,0,0,0,0
levle1_114_jpg.rf.10999d067b2c694112321b6067846183.jpg,1,0,0,0,0,0,0,0,0
155_jpg.rf.4a9d238a120851f54e4aaab1e2db36a7.jpg,0,0,0,1,0,0,1,0,0
21_jpeg_jpg.rf.d754ddb191a35720f9519a30f23976e8.jpg,0,0,0,0,0,0,0,0,1
levle1_225_jpg.rf.34b333002eedf22e88f6e8dd74458d6e.jpg,1,0,0,0,0,0,0,0,0
21_jpg.rf.a20334aadbf81062eaa5bb759de80d4e.jpg,1,1,0,1,0,0,1,0,0
acne-354-_jpeg_jpg.rf.e3f9f94968740091fb5a72fb3db9850a.jpg,1,0,0,0,0,0,0,0,0
220_jpg.rf.807658fbcee89f0e4bca4858ad1e9144.jpg,0,0,0,0,0,0,0,0,1
185_jpg.rf.b2b830ea10311e4608af8c46eaccb2ed.jpg,1,0,0,0,0,0,0,0,0
183_jpg.rf.a33c90f06156ff1f0cf39bb2efde4177.jpg,0,0,0,0,0,0,0,0,1
acne-329-_jpg.rf.8b53d15c6b0405844934164f0adb9e4c.jpg,1,0,0,0,0,0,0,0,0
195_jpg.rf.22c0672696d8374e8ef0ac98027b644b.jpg,1,0,0,0,0,0,1,0,0
acne-333-_jpeg_jpg.rf.d684d2ae4382cafd2d9629769a0a0893.jpg,1,0,0,0,0,0,0,0,0
136_jpg.rf.f9522a7eb52b3973407bd4e01df74852.jpg,1,1,0,0,0,0,1,0,0
176_jpg.rf.bcf61fea19606c0523c390fa23eba55b.jpg,1,0,0,0,0,0,1,0,1
levle1_184_jpg.rf.9bf0893612a419e9265921536af79c73.jpg,1,0,0,0,0,0,0,0,0
174_jpg.rf.27a775df1bbfd5f8da39b2dc9a879b0f.jpg,0,0,0,0,0,0,0,0,1
acne-33-_jpg.rf.ec8e7d558e8543164ef859defce67699.jpg,1,0,0,0,0,0,0,0,0
185_jpg.rf.779c5baf216bc4cda89153e1082a14a0.jpg,0,0,0,0,0,0,0,0,1
193_jpg.rf.f6ed67c0ae95e2ffe250af802e882066.jpg,1,0,0,0,0,0,1,0,0
222_jpg.rf.4dbd03826dd0502ad6a0fbc930637e66.jpg,1,0,0,0,0,0,0,0,0
acne-356-_jpeg_jpg.rf.bcea9b90d0d09f62a0b322067e42e291.jpg,1,0,0,0,0,0,0,0,0
levle1_16_jpg.rf.ba0ed468477c5790d33a82c92ffc7a4a.jpg,1,0,1,0,0,0,0,0,0
levle1_238_jpg.rf.02f778941c37b14598f303ff3485c46d.jpg,1,0,0,0,0,0,0,0,0
acne-355-_jpg.rf.c8f78b47abfa9ed2e652dd1ccef76359.jpg,1,0,0,0,0,0,0,0,0
180_jpg.rf.edde587a04d37b7360799852465b6975.jpg,1,0,0,0,0,0,1,0,0
192_jpg.rf.caa825340184de6e2e3afae32a940825.jpg,1,1,0,0,0,0,0,0,0
levle1_360_jpg.rf.14bbdea4ae0dd5955822b11084cc3ec2.jpg,1,0,0,0,0,0,0,0,0
levle1_381_png_jpg.rf.e9f7f9c1f296015c35ad7f63a3da4ae8.jpg,1,0,0,0,0,0,0,0,0
220_jpg.rf.2316e90e0418540d00545d097e95abe8.jpg,1,0,0,0,0,0,0,0,0
levle1_351_jpg.rf.b11700822459ab8f57659b453ada33a5.jpg,1,0,0,0,0,0,0,0,0
levle1_108_png_jpg.rf.eedd2a01e7de3fc9e873670de06e661e.jpg,1,0,0,0,0,0,0,0,0
levle1_184_jpg.rf.4f4abea2843573fb1dd6dda244f619cc.jpg,1,0,0,0,0,0,0,0,0
154_jpg.rf.f1c1cff68f133fec5e7623588d05da87.jpg,0,0,0,1,0,0,0,0,0
levle1_191_png_jpg.rf.693c712e6ecfd9c4282866cd3f02df42.jpg,1,0,0,0,0,0,0,0,0
175_jpg.rf.93adf9b5350d72474f2905fd737b6004.jpg,1,1,0,0,0,0,0,0,1
acne-328-_jpg.rf.fcb419c59920a3161e884cd95f82407d.jpg,1,0,0,0,0,0,0,0,0
198_jpg.rf.b89d3f06980540eff7449c0af58e1b2c.jpg,0,0,0,0,0,0,0,0,1
levle1_19_jpg.rf.3c106d8236957a8cd73d5ebf68407168.jpg,1,0,0,0,0,0,0,0,0
levle1_374_png_jpg.rf.4d2b1cb62ea38948849d27e85f814315.jpg,1,0,0,0,0,0,0,0,0
levle1_118_jpg.rf.8e6ce445e65f6116e20f9b48a72c3412.jpg,1,0,0,0,0,0,0,0,0
127_jpg.rf.7ba8a5b9eb0ae895e22c9c5a1a4bb97b.jpg,1,0,0,0,0,0,0,0,0
2200730806_1_jpg.rf.14aaa6c3833f478e36ac41edcfce6274.jpg,0,1,0,0,0,0,0,0,0
180_jpg.rf.f2f78df16388f345c30d0316b4984da9.jpg,0,0,0,0,0,0,0,0,1
levle1_362_jpg.rf.dfc34e2292a037b8f9809b2cc62158cc.jpg,1,0,0,0,0,0,0,0,0
levle1_199_jpg.rf.667f60d7a33bb4e86758361127d3e035.jpg,1,0,0,0,0,0,0,0,0
levle1_152_jpg.rf.e2d362c8bb8bd7cb38e101d6c88d1f45.jpg,1,0,1,0,0,0,0,0,0
levle1_193_jpg.rf.8b1905cf0da401292448f28172a84b7c.jpg,1,0,0,0,0,0,0,0,0
levle1_110_png_jpg.rf.61fe2136d21169b7651fef9867c860e3.jpg,1,0,0,0,0,0,0,0,0
levle1_156_jpg.rf.795a8c9b7821c203741bf4eb0c1adb97.jpg,1,0,0,0,0,0,0,0,0
221_jpg.rf.862590dd7f2bdf8aaec59bcbd385e959.jpg,1,0,0,0,0,0,0,0,0
levle1_140_jpg.rf.3923e087c9d4cd7c81f231decde2d4af.jpg,1,0,0,0,0,0,0,0,0
levle1_229_png_jpg.rf.2d4cb5b5e3845d2034bb6bf57324a78a.jpg,1,0,0,0,0,0,0,0,0
levle1_360_jpg.rf.45b5a8c8c0cd02eaf5c16343c1db2f89.jpg,1,0,0,0,0,0,0,0,0
levle1_278_jpg.rf.b7c3dbaee8e074b42e087faff7d430b7.jpg,1,0,0,0,0,0,0,0,0
levle1_147_jpg.rf.9372b128ddc622fdf8733077025c65eb.jpg,1,0,0,0,0,0,0,0,0
levle1_394_jpg.rf.c7a76b2b2d260bc556be3c355a6cb5b2.jpg,1,0,1,0,0,0,0,0,0
levle1_1_jpg.rf.4a70c746111463ac19cec7691025339a.jpg,1,0,0,0,0,0,0,0,0
197_jpg.rf.a82d85f11062703f1e1151a0e63441df.jpg,1,1,0,0,0,0,0,0,0
levle1_200_jpg.rf.48051e97fd52648a39ddc3622d9c2a22.jpg,1,0,0,0,0,0,0,0,0
levle1_433_jpg.rf.bd7858ee48afb8e1a4e25714d1ee5d0e.jpg,1,0,1,0,0,0,0,0,0
levle1_200_png_jpg.rf.3062fd3098f90858399b9d1a747e4427.jpg,1,0,0,0,0,0,0,0,0
acne-371-_jpeg_jpg.rf.50321084bede3f7b75ca7cb1b3562486.jpg,1,0,0,0,0,0,0,0,0
19_jpg.rf.dc87d03ba42dc2af64ce8146608accc1.jpg,1,1,0,1,0,0,1,0,0
levle1_195_png_jpg.rf.8d37935d2ba2cb927c1b362e3420348c.jpg,1,0,0,0,0,0,0,0,0
levle1_190_jpg.rf.bde8f4db7a2e3bf902c642b8fd7855a5.jpg,1,0,1,0,0,0,0,0,0
levle1_192_jpg.rf.be49ac3f3fb3c333579255d7797f8d16.jpg,1,0,0,0,0,0,0,0,0
levle1_122_jpg.rf.71ef0d5f9c73814b4d0d041c8537794a.jpg,1,0,1,0,0,0,0,0,0
levle1_186_png_jpg.rf.50a9aa6392dac4c30c249f3e0dc7cc20.jpg,1,0,0,0,0,0,0,0,0
acne-373-_jpg.rf.282d14e0d95b836088e5d55e67499d9c.jpg,1,0,0,0,0,0,0,0,0
17_jpg.rf.7617032c2e59bb9f8aed7093170349a1.jpg,1,1,0,0,0,0,0,0,0
levle1_131_png_jpg.rf.29cf08607baeb2ef524587a9ffe5126f.jpg,1,0,0,0,0,0,0,0,0
levle1_143_jpg.rf.b6e404d51b4153762611f061050ef776.jpg,1,0,0,0,0,0,0,0,0
acne-369-_jpeg_jpg.rf.ef50d7aa964156cc2d16035355b6c34a.jpg,1,0,0,0,0,0,0,0,0
acne-372-_jpg.rf.f11593f2ef16eb255638870ee79eadb3.jpg,1,0,0,0,0,0,0,0,0
levle1_139_jpg.rf.75369acd480db4788f08e940675d2370.jpg,1,0,0,0,0,0,0,0,0
acne-373-_jpeg_jpg.rf.aaa9ca2655ef736c60c21ce8caba6c1e.jpg,1,0,0,0,0,0,0,0,0
acne-368-_jpeg_jpg.rf.ead2598db54c17c236a9d46115076543.jpg,1,0,0,0,0,0,0,0,0
levle1_225_jpg.rf.379734afe111519d11797691e7127bf3.jpg,1,0,0,0,0,0,0,0,0
levle1_146_png_jpg.rf.2a980484c015f83ad797da564ab8677c.jpg,1,0,0,0,0,0,0,0,0
levle1_157_jpg.rf.640bd30c42141010fc3d81ce99de7ac9.jpg,1,0,0,0,0,0,0,0,0
levle1_133_jpg.rf.7d2e2625c4803c11fdb7f3d63352ccf9.jpg,1,0,0,0,0,0,0,0,0
20220303_042827_532264_da-mat-bi-ngua-va-d-max-1800x1800_jpg.rf.42875cb0a6512a59ca78890b8a65ab02.jpg,0,0,0,0,0,0,0,1,0
levle1_151_jpg.rf.4d6cad14182aa21e8051b93f3166273e.jpg,1,0,0,0,0,0,0,0,0
levle1_29_jpg.rf.0a8058a678ee2ece2b2b9f43a7086ecb.jpg,1,0,0,0,0,0,0,0,0
199_jpg.rf.36b4aaa36111d774561ebc298c1d504b.jpg,1,1,0,0,0,0,0,0,0
levle1_207_jpg.rf.6e9fceb1597d9b7680dabca9fc7de196.jpg,1,0,0,0,0,0,0,0,0
levle1_461_jpg.rf.6363c807164434e0ae11638b9fdf7cad.jpg,1,0,0,0,0,0,0,0,0
acne-368-_jpg.rf.85c9da70ee634228832beb04c954fd36.jpg,1,0,0,0,0,0,0,0,0
levle1_315_png_jpg.rf.e059211795fd8ef24b265a049b211f92.jpg,1,0,0,0,0,0,0,0,0
levle1_135_jpg.rf.a83fdb723ce6d269fc452bc07b3fa104.jpg,1,0,0,0,0,0,0,0,0
levle1_317_jpg.rf.31c9102cb2cdfdd63d7464dad0d78388.jpg,1,0,0,0,0,0,0,0,0
levle1_140_jpg.rf.9f92db5a2d0b8eb96136ce8597f38198.jpg,1,0,0,0,0,0,0,0,0
levle1_164_jpg.rf.bf49342134b47d6ce7028830442c4617.jpg,1,0,0,0,0,0,0,0,0
19_jpeg_jpg.rf.5cbb11e2566fd722cae27ab3e1e3ed70.jpg,0,0,0,0,0,0,0,0,1
levle1_133_png_jpg.rf.66a5ed757891c88fafc040d4fd8c62d8.jpg,1,0,0,0,0,0,0,0,0
acne-321-_jpg.rf.9ac0114e2126bf60f7fcf9e50fc28d64.jpg,1,0,0,0,0,0,0,0,0
levle1_316_jpg.rf.1dbcf9c5393e37a1615d6075815663ad.jpg,1,0,0,0,0,0,0,0,0
levle1_168_jpg.rf.a5681119dc616ed63da9859ee5377e21.jpg,1,0,0,0,0,0,0,0,0
206273130_1_jpg.rf.252c8924da075858870996c8a348a9ef.jpg,0,1,0,0,0,0,0,0,0
levle1_144_jpg.rf.d431b7b50bb58754c5d04d5d818f070e.jpg,1,0,0,0,0,0,0,0,0
acne-374-_jpeg_jpg.rf.224264918d80b3a7d52a27778c8d8400.jpg,1,0,0,0,0,0,0,0,0
levle1_433_png_jpg.rf.5483bc4e24d4d9422918c8de00a1e08d.jpg,1,0,0,0,0,0,0,0,0
levle1_224_jpg.rf.37d626ae6dc79106613f94eb1b594d3e.jpg,1,0,0,0,0,0,0,0,0
levle1_22_jpg.rf.c564d9e11d9deea13892e727f3409893.jpg,1,0,0,0,0,0,0,0,0
levle1_212_png_jpg.rf.fb9a369f582f7db45080b977cdaac899.jpg,1,0,0,0,0,0,0,0,0
levle1_325_png_jpg.rf.022cb2f2d7b2b60b7cd848fa8345a308.jpg,1,0,0,0,0,0,0,0,0
acne-374-_jpg.rf.b7678d08d74aa79dff5b3b34ea79bdca.jpg,1,0,0,0,0,0,0,0,0
acne-341-_jpg.rf.a1cc47f37348bfc452cf803536edf147.jpg,1,0,0,0,0,0,0,0,0
acne-322-_jpg.rf.353034bb88fdd7757110c00a3b45b541.jpg,1,0,0,0,0,0,0,0,0
acne-313-_jpeg_jpg.rf.07d18e1969b5e72fe5d0b59f9db4898d.jpg,1,0,0,0,0,0,0,0,0
acne-37-_JPG_jpg.rf.eecb8deba75f5abea930da883ad4acb5.jpg,1,0,0,0,0,0,0,0,0
levle1_256_jpg.rf.e1a7b5bfeb5895fcc85cf0b388c711d0.jpg,1,0,0,0,0,0,0,0,0
202_jpg.rf.ff8ce8702b0d617b9a9ee9ca00bc1098.jpg,1,0,0,0,0,0,1,0,1
levle1_171_jpg.rf.9ccc1f6f3c5a54048a78af277a2584c5.jpg,1,0,1,0,0,0,0,0,0
acne-37-_jpeg_jpg.rf.9d726e205742e5ecceeb6161198c0947.jpg,1,0,0,0,0,0,0,0,0
acne-340-_jpg.rf.b37a30070e2feedc50db28c22b472e83.jpg,1,0,0,0,0,0,0,0,0
levle1_330_jpg.rf.40f312f9eeeab0e8d1a468a9e0eb194c.jpg,1,0,0,0,0,0,0,0,0
levle1_279_png_jpg.rf.c1fddad33a3a5fcd7d5ba4a3fa96a3b6.jpg,1,0,0,0,0,0,0,0,0
1_jpeg_jpg.rf.9ebc91de74b594b9b2db39280e475fdf.jpg,0,0,0,0,0,0,0,0,1
201_jpg.rf.bc60f36ebe601e797053f90fd1a9d064.jpg,1,1,0,0,0,0,0,0,0
acne-321-_jpeg_jpg.rf.8d0d612e115e7998e407458a5468baef.jpg,1,0,0,0,0,0,0,0,0
levle1_250_jpg.rf.229d99aed2ba2ddc13794a3df34f6eef.jpg,1,0,0,0,0,0,0,0,0
acne-370-_jpg.rf.39c76678e19fecab3bfd775f8d9541f1.jpg,1,0,0,0,0,0,0,0,0
acne-356-_jpg.rf.5c4fc22e9a6c94d8d992241234e95fab.jpg,1,0,0,0,0,0,0,0,0
levle1_401_png_jpg.rf.861054a60c9001a44d5c4bd6fe47dbb9.jpg,1,0,0,0,0,0,0,0,0
acne-37-_png_jpg.rf.b64f13d0af170c4fa4054b3df96804f5.jpg,1,0,0,0,0,0,0,0,0
levle1_329_png_jpg.rf.63ddaea4caec831333ad627d6dc26bd9.jpg,1,0,0,0,0,0,0,0,0
levle1_207_jpg.rf.e40146d38e24fd36265cb9d59614b34a.jpg,1,0,0,0,0,0,0,0,0
levle1_23_jpg.rf.62dd337908055536ef18b0b000b6caf4.jpg,1,0,1,0,0,0,0,0,0
acne-357-_jpeg_jpg.rf.4662119d42cbd0e022978a09357d4ac9.jpg,1,0,0,0,0,0,0,0,0
acne-342-_jpeg_jpg.rf.c9e7478b118f785ddc4cf31ec9807582.jpg,1,0,0,0,0,0,0,0,0
acne-319-_jpg.rf.f7530beac36389f6ffd26103c3513509.jpg,1,0,0,0,0,0,0,0,0
acne-343-_jpeg_jpg.rf.99ce0b1b8d888bfc792b4a0e0a534744.jpg,1,0,0,0,0,0,0,0,0
acne-317-_jpg.rf.add624d51ee3c0e55bb454738f2b735a.jpg,1,0,0,0,0,0,0,0,0
levle1_337_jpg.rf.c13a26d54b3fc0d60cac719060bd7568.jpg,1,0,0,0,0,0,0,0,0
levle1_167_jpg.rf.710904313a553854f2903a0e1c76f2a7.jpg,1,0,0,0,0,0,0,0,0
levle1_271_png_jpg.rf.ee33f467c97a919ffa97dfad190bbdbb.jpg,1,0,0,0,0,0,0,0,0
acne-316-_jpeg_jpg.rf.dfb4b26e52c1210c9a17ab775586860c.jpg,1,0,0,0,0,0,0,0,0
levle1_338_png_jpg.rf.76196516ecdb965004ddf311f282ef90.jpg,1,0,0,0,0,0,0,0,0
levle1_437_png_jpg.rf.ad78b76ff196b70c41eb5bd5f88d8507.jpg,1,0,0,0,0,0,0,0,0
acne-324-_jpg.rf.71673e3875748a27283ecb296a410d41.jpg,1,0,0,0,0,0,0,0,0
acne-326-_jpeg_jpg.rf.7a49a57d7fce81b4dd31a1623aa30995.jpg,1,0,0,0,0,0,0,0,0
levle1_351_jpg.rf.5889f769d60189e068daf0378af10fd3.jpg,1,0,0,0,0,0,0,0,0
acne-323-_jpg.rf.7d62e32bc11a579ddbf1166f532a103a.jpg,1,0,0,0,0,0,0,0,0
acne-345-_jpeg_jpg.rf.cb341c8b51dc3636bf5e4fe719d9d557.jpg,1,0,0,0,0,0,0,0,0
acne-353-_jpeg_jpg.rf.b814d2252e691f17ae7a724189fef522.jpg,1,0,0,0,0,0,0,0,0
levle1_334_png_jpg.rf.d6d5aaf50a89959ed220039d4762e16b.jpg,1,0,0,0,0,0,0,0,0
acne-325-_jpeg_jpg.rf.a5b50031cc7ecb7e7be93449c8bcbee2.jpg,1,0,0,0,0,0,0,0,0
acne-346-_jpg.rf.86e0e57f9fa04007ec872a2f1f36a341.jpg,1,0,0,0,0,0,0,0,0
acne-370-_jpeg_jpg.rf.6c66fae91cf2ef0dc3f6544baa4e7a69.jpg,1,0,0,0,0,0,0,0,0
acne-32-_jpeg_jpg.rf.a9ff5648221a9bfc6ac372e831040f94.jpg,1,0,0,0,0,0,0,0,0
acne-358-_jpg.rf.094d33d47144f9adf19e203ae28237e1.jpg,1,0,0,0,0,0,0,0,0
levle1_271_jpg.rf.4ba40ef33ff1007a8f2f55a6c8b3fe2f.jpg,1,0,0,0,0,0,0,0,0
acne-315-_jpg.rf.4bf0453ae36aaa230c131f46c299ff07.jpg,1,0,0,0,0,0,0,0,0
acne-323-_jpeg_jpg.rf.8b2de11c9879139684ecc7525a24d4ea.jpg,1,0,0,0,0,0,0,0,0
19_png_jpg.rf.f6b0c1c1dda986f317e7795c2c04f297.jpg,1,0,0,0,0,0,0,0,0
acne-347-_jpg.rf.e65cbae77c5210a29c4cabb664f81837.jpg,1,0,0,0,0,0,0,0,0
levle1_250_png_jpg.rf.bc34de58708fe3c78cb451c8be6cfdd9.jpg,1,0,0,0,0,0,0,0,0
acne-325-_jpg.rf.23ec72b3a7d7d86509ab99dc2a9e3ed3.jpg,1,0,0,0,0,0,0,0,0
levle1_247_jpg.rf.d80edcf52047a799653e2fed834d6bea.jpg,1,0,0,0,0,0,0,0,0
acne-353-_jpg.rf.b255ad20fc61dc4f63fdb9fbe95b3a81.jpg,1,0,0,0,0,0,0,0,0
levle1_337_jpg.rf.c9b7dc6a3b3d2a90f969e96110a03806.jpg,1,0,0,0,0,0,0,0,0
acne-345-_jpg.rf.21252e764a876c9b9ccc2f37aa562e18.jpg,1,0,0,0,0,0,0,0,0
acne-315-_jpeg_jpg.rf.6ab4344cbea6ddb1945caa8100fce27f.jpg,1,0,0,0,0,0,0,0,0
acne-318-_jpeg_jpg.rf.68640ec5896e65b9e703b5c34ddbdac7.jpg,1,0,0,0,0,0,0,0,0
levle1_347_jpg.rf.f00a01a24decaec0ae664020c2cc3a09.jpg,1,0,0,0,0,0,0,0,0
acne-335-_jpeg_jpg.rf.9ad94f540991578c1a38e31e2ed4b12f.jpg,1,0,0,0,0,0,0,0,0
levle1_417_png_jpg.rf.f0a274c713e84a46bdfa1d9aef2ce923.jpg,1,0,0,0,0,0,0,0,0
levle1_247_png_jpg.rf.5f5a89ada6b0b90a6e34b887f193f38f.jpg,1,0,0,0,0,0,0,0,0
acne-335-_jpg.rf.fb29a675f2b3cdd08485cd9fb4866687.jpg,1,0,0,0,0,0,0,0,0
acne-337-_jpeg_jpg.rf.d1f613e4f0b2949fe1bbdd9abe9661e8.jpg,1,0,0,0,0,0,0,0,0
levle1_420_png_jpg.rf.ef78fa2710078bcb8c1e9fc8e20ff2ec.jpg,1,0,0,0,0,0,0,0,0
acne-336-_jpeg_jpg.rf.684d48c814f0584e467fb1f17d2f6e20.jpg,1,0,0,0,0,0,0,0,0
acne-359-_jpg.rf.d4b32248e6b8cb3279b03fdab50d8982.jpg,1,0,0,0,0,0,0,0,0
acne-32-_png_jpg.rf.6df8e6b566cdaa2dafa2a15090a7ae88.jpg,1,0,0,0,0,0,0,0,0
acne-36-_png_jpg.rf.434781fd352625d0e1950bbf86e71af8.jpg,1,0,0,0,0,0,0,0,0
acne-337-_jpg.rf.93ed6682ac3625de1bc8b165b7def77d.jpg,1,0,0,0,0,0,0,0,0
levle1_414_jpg.rf.51d36175a5f2e15b0589c626960626e4.jpg,1,0,0,0,0,0,0,0,0
acne-36-_jpeg_jpg.rf.3b816bc91d5ba9c047ee8a8210f3217d.jpg,1,0,0,0,0,0,0,0,0
acne-338-_jpeg_jpg.rf.30131e80142a7f24ce41a0bf26f970ed.jpg,1,0,0,0,0,0,0,0,0
acne-348-_jpg.rf.cd4b4c19dee8a5830ca2b7995b0608bb.jpg,1,0,0,0,0,0,0,0,0
acne-339-_jpg.rf.d545b7374098ee3de7a745bf1b852523.jpg,1,0,0,0,0,0,0,0,0
levle1_423_jpg.rf.ce7f49190254231ea63c75aab60e789b.jpg,1,0,0,0,0,0,0,0,0
acne-367-_jpg.rf.6bbff1f9c592ea2a4e5540a94d0ec689.jpg,1,0,0,0,0,0,0,0,0
acne-359-_jpeg_jpg.rf.4902b58154a8b0e34abcd8bb193b3ec6.jpg,1,0,0,0,0,0,0,0,0
acne-348-_jpeg_jpg.rf.d7b3e5a683861420f09b6b90514b1288.jpg,1,0,0,0,0,0,0,0,0
acne-334-_jpg.rf.a87c41f15a806a9ccd13791adae49b45.jpg,1,0,0,0,0,0,0,0,0
acne-367-_jpeg_jpg.rf.b7279320cd1f608f9704844bb5325383.jpg,1,0,0,0,0,0,0,0,0
levle1_401_jpg.rf.cdd6840d95251f831be6f195758c22df.jpg,1,0,0,0,0,0,0,0,0
levle1_422_png_jpg.rf.ea0165047b780f823911a4cc92b5420d.jpg,1,0,0,0,0,0,0,0,0
acne-349-_jpeg_jpg.rf.667491e2da3ebf518becfe0b15af6968.jpg,1,0,0,0,0,0,0,0,0
acne-349-_jpg.rf.28c0e8b840335369878a83e041b30a69.jpg,1,0,0,0,0,0,0,0,0
levle1_33_png_jpg.rf.911ca6041f4b4c893bc0f37ea07752d9.jpg,1,0,0,0,0,0,0,0,0
levle1_411_jpg.rf.518b9f52016d01064038b1d253d6cca2.jpg,1,0,0,0,0,0,0,0,0
acne-362-_jpg.rf.0230f97e4fd4a5c73201922c04ac343d.jpg,1,0,0,0,0,0,0,0,0
acne-340-_jpeg_jpg.rf.cfd11f76f3dcfb46704d80a86ffb9e0d.jpg,1,0,0,0,0,0,0,0,0
acne-365-_jpg.rf.8bfb5b2263053d8f038ac546987f3391.jpg,1,0,0,0,0,0,0,0,0
acne-35-_jpeg_jpg.rf.1a04ff926fde1a24762adef9dee60058.jpg,1,0,0,0,0,0,0,0,0
acne-346-_jpeg_jpg.rf.df419b78f561a4daadfe3ae16cd25580.jpg,1,0,0,0,0,0,0,0,0
24_jpg.rf.0175e66075dbf9ececfc81362d1ea5c2.jpg,1,0,0,0,0,0,0,0,0
acne-343-_jpg.rf.603d9109cd77b61f8382383d089abbb5.jpg,1,0,0,0,0,0,0,0,0
251_jpeg_jpg.rf.4f3e651dc0a73ddd76ad1ac0206321fc.jpg,0,0,0,0,0,0,0,0,1
acne-360-_jpeg_jpg.rf.25d86d66f7b0928fe3b2d995519c5f3c.jpg,1,0,0,0,0,0,0,0,0
acne-350-_jpg.rf.c5d6860ac7e11281ea4219d3cc353c20.jpg,1,0,0,0,0,0,0,0,0
acne-351-_jpeg_jpg.rf.62de262df6808d0b454dd3d2e4a453db.jpg,1,0,0,0,0,0,0,0,0
acne-362-_jpeg_jpg.rf.f83bb48082a4eda4c560849f876815ef.jpg,1,0,0,0,0,0,0,0,0
acne-352-_jpg.rf.6794f1bbde4823e6a4ad11ef6adcb688.jpg,1,0,0,0,0,0,0,0,0
248_jpg.rf.ed50da80bee337bec2821a93c8455a38.jpg,1,0,0,0,0,0,0,0,1
acne-361-_jpeg_jpg.rf.7d30e5d9be5b3f72bb5196c976286ccf.jpg,1,0,0,0,0,0,0,0,0
acne-364-_jpg.rf.6c210990eb6842871c485d0bdbc3f295.jpg,1,0,0,0,0,0,0,0,0
acne-360-_jpg.rf.4ff47bd52e0b10dfd1dee0f3288b9937.jpg,1,0,0,0,0,0,0,0,0
acne-365-_jpeg_jpg.rf.ee6dec75da272d6cd6a2544390a5be64.jpg,1,0,0,0,0,0,0,0,0
acne-347-_jpeg_jpg.rf.8a99a5185fdd60f6aae6f7db223b46ce.jpg,1,0,0,0,0,0,0,0,0
249_jpg.rf.da5e27aca002bd0f770b696fc800a646.jpg,1,0,0,0,0,0,0,0,1
2501339174_1_jpg.rf.80bb86bbc0fb83e9f4c8b30961f6e3e0.jpg,0,1,0,0,0,0,0,0,0
251_jpg.rf.421d9c1ed730da975e6fbc92a15b3287.jpg,1,0,0,0,0,0,1,0,0
24_jpeg_jpg.rf.c3406b5c1ab8a580082109cf5fb99fac.jpg,0,0,0,0,0,0,0,0,1
acne-35-_png_jpg.rf.c9448f014dabc01d1e017f917bc146ee.jpg,1,0,0,0,0,0,0,0,0
acne-351-_jpg.rf.9c62489bb3213055e7e1b8230f157c31.jpg,1,0,0,0,0,0,0,0,0
acne-361-_jpg.rf.8c3f82fcbf6c0cd700f5ffea8c3a01f6.jpg,1,0,0,0,0,0,0,0,0
252_jpg.rf.59fa000dcad89c811b8c671492c09e45.jpg,0,0,0,0,0,0,1,0,0
acne-34-_jpeg_jpg.rf.45ee8f25e0942b2d430bbf62793a8662.jpg,1,0,0,0,0,0,0,0,0
249852286_2_jpg.rf.88aa811f01c65229f6d1366bbcb08908.jpg,0,1,0,0,0,0,0,0,0
250_jpg.rf.778e16f19378b8212861fc93f5e1ac0c.jpg,0,0,0,0,0,0,0,0,1
235_jpg.rf.7e19133bdb1ed02e1ba3ab70de148ffa.jpg,1,1,0,0,0,0,0,0,0
236817064_1_jpg.rf.594d5266dbcdb62a8eba21b9edeae138.jpg,0,1,0,0,0,0,0,0,0
2708460596_1_jpg.rf.e1c26aad3e25cdd3dadda2357d015253.jpg,0,1,0,0,0,0,0,0,0
26_jpg.rf.0a376a685dee8e714851044babd6bb6d.jpg,1,0,0,0,0,0,1,0,0
23_png_jpg.rf.a8af4de00ca0d2454a4ed0e6610c7413.jpg,1,0,0,0,0,0,0,0,0
265_jpeg_jpg.rf.2b85ab8f9b1c3ae5704cbdf139c83145.jpg,0,0,0,0,0,0,0,0,1
236_jpg.rf.30cf956243468d890f781860f89800f3.jpg,0,0,0,0,0,0,0,0,1
levle1_492_jpg.rf.ad2e041efd767cbbb3f8999594a92380.jpg,1,0,0,0,0,0,0,0,0
250_jpg.rf.890aaf59f086c151d4cee8a0f3571e43.jpg,1,0,0,0,0,0,1,0,1
262545392_1_jpg.rf.4426ca2ca44ad790f55fda1105b5f099.jpg,0,1,0,0,0,0,0,0,0
levle1_467_jpg.rf.8a82d6e9b695c20a1978f3726bade44e.jpg,1,0,0,0,0,0,0,0,0
256_jpg.rf.0ce77174a06554396760fcf873fa8bfc.jpg,0,0,0,0,0,0,0,0,1
acne-363-_jpeg_jpg.rf.e37e88b1083cbba4349047baad6a2983.jpg,1,0,0,0,0,0,0,0,0
262_jpg.rf.2e5344829796ab10944c0c213ec3ca47.jpg,1,0,0,0,0,0,0,0,0
229_jpg.rf.0b22584f1d4b5e040f7a12594f87f0d5.jpg,0,0,0,0,0,0,0,0,1
acne-350-_jpeg_jpg.rf.988bd4f23b896047b9c77cbf22717cd5.jpg,1,0,0,0,0,0,0,0,0
levle1_597_jpg.rf.ab1448f39097fd35f19197bef612db21.jpg,1,0,0,0,0,0,0,0,0
26_jpeg_jpg.rf.194fe35dba7310089606bea6803c0c1f.jpg,0,0,0,0,0,0,0,0,1
236_jpg.rf.80392edacae19505dbfbf1fedf1562f2.jpg,1,0,0,0,0,0,0,0,0
261_jpg.rf.cb34690c9156bda6b3d0174ca88bb9c9.jpg,0,0,0,0,0,0,0,0,1
2545119553_1_jpg.rf.8268584cab815ea1b42c6c0b40b8350d.jpg,0,1,0,0,0,0,0,0,0
188_jpg.rf.1b34712c5f96843944869818f699c510.jpg,1,1,0,0,0,0,1,0,0
levle1_468_jpg.rf.c408c109fb6b1a01b8e2b2a0f4065ba2.jpg,1,0,0,0,0,0,0,0,0
levle1_46_png_jpg.rf.cb1861e3a8a1f778777d4db5c8b0d908.jpg,1,0,0,0,0,0,0,0,0
259_jpg.rf.e280776381a231c1c752c5e6a5516764.jpg,1,0,0,0,0,0,0,0,0
253_jpeg_jpg.rf.ec388266bbb98c651b7f051cd14fa705.jpg,0,0,0,0,0,0,0,0,1
2707644515_1_jpg.rf.c27529dbe9594b5cfe7803da246f56b0.jpg,0,1,0,0,0,0,0,0,0
252_jpeg_jpg.rf.e22c9ad7159d46f937c96fbe6d7354e4.jpg,0,0,0,0,0,0,0,0,1
226_jpg.rf.a3579204c17f8e11b056ac3c3a8e18c1.jpg,0,0,0,0,0,0,0,0,1
25_jpeg_jpg.rf.b273e607f796bb415beb00af69b35ee4.jpg,0,0,0,0,0,0,0,0,1
263_jpeg_jpg.rf.6a92cef3278eca821d9e0c2e1e3f6f7d.jpg,0,0,0,0,0,0,0,0,1
227_jpg.rf.793d11d57ca2f1994e3e93d221e6d439.jpg,0,0,0,0,0,0,0,0,1
254_jpeg_jpg.rf.1ab23e02f89de321729c6c939814126d.jpg,0,0,0,0,0,0,0,0,1
253_jpg.rf.9d1d4940704c0dee726eefce7425157c.jpg,1,0,0,0,0,0,1,0,1
232_jpg.rf.bcacc87fa70207f47d47e06d8bc2fcd8.jpg,1,0,0,0,0,0,0,0,0
231_jpg.rf.6502c9578760633d243e28eb0143bfc5.jpg,1,0,0,0,0,0,1,0,1
2609766139_1_jpg.rf.6f97695b3798528b73222f1d379d0100.jpg,0,1,0,0,0,0,0,0,0
270_jpg.rf.4de1bc2e9bc6a22d3511c2aac058fd34.jpg,0,0,0,0,0,0,0,0,1
levle2_145_jpg.rf.0e3c81b84501ecfb497355d3076e7d73.jpg,1,0,0,0,0,0,0,0,0
265_jpg.rf.406288aaec26431248dc92e36b142fc5.jpg,1,0,0,0,0,0,0,0,0
levle1_595_jpg.rf.47397391e37a4e9abe8a0b338edc50f8.jpg,1,0,0,0,0,0,0,0,0
260_jpg.rf.4175375b3a26ec2355007a4d065eba1d.jpg,1,0,0,0,0,0,0,0,0
levle2_177_png_jpg.rf.d42440946332052dffc67368cb405b6f.jpg,1,0,0,0,0,0,0,0,0
levle2_134_jpg.rf.799affcd6e3ac15b4cfe061eb876e149.jpg,1,0,0,0,0,0,0,0,0
256_jpg.rf.b8d478c677c29a33e6e80815ffc86e73.jpg,1,0,0,0,0,0,0,0,0
226_jpg.rf.b352f99ece72c7eecddc5b4fd44ccb89.jpg,1,0,0,0,0,0,1,0,0
2569659822_1_jpg.rf.b5f431c0e944bdb56cb57a20fef7ed5d.jpg,0,1,0,0,0,0,0,0,0
levle2_145_jpg.rf.7f94886832f55ed9d3ed476c21366908.jpg,1,0,0,0,0,0,0,0,0
234_jpg.rf.e00eb2b4e7d3881f5fab6da854cc3753.jpg,1,0,0,0,0,0,0,0,0
230_jpg.rf.f0a8beefa31fbd5fb9da6fb8c3e32122.jpg,1,1,0,0,0,0,1,0,0
levle2_145_png_jpg.rf.183b2904579bd266c62badbdf759f330.jpg,1,0,0,0,0,0,0,0,0
25_jpg.rf.0c1f1b9269fc6c54cabf80abf4c8b9e0.jpg,1,0,0,0,0,0,1,0,0
2665879761_1_jpg.rf.c62617d7879c274417ff876512c5d594.jpg,0,1,0,0,0,0,0,0,0
levle1_603_jpg.rf.94d4bf6cebc8282d93d52b5806e54f77.jpg,1,0,0,0,0,0,0,0,0
2405801774_1_jpg.rf.a1de09b149390b9a4da704a69cc6ea81.jpg,0,1,0,0,0,0,0,0,0
2352254513_1_jpg.rf.3e8f3526210a7dc407705d83b2e695b2.jpg,0,1,0,0,0,0,0,0,0
242_jpg.rf.4743bc0efc30f6e07aee911d5fd2e68a.jpg,1,0,0,0,0,0,0,0,0
240_F_175181761_NaukWVZ1iZTbDytJzuiQqN5Y2Xc0zZ2C_jpg.rf.69126e4ccc21c1b75c2034c39b4a08f9.jpg,0,1,0,0,0,0,0,0,0
240_F_210297159_7tMSDq38NJGGGfjubjo57EoqK1L4Qw6O_jpg.rf.df1a1d631129b59f2f14fff5d0d9144c.jpg,0,1,0,0,0,0,0,0,0
257_jpg.rf.e57f11a5855ecbc8760b103b67034250.jpg,1,0,0,0,0,0,0,0,0
255_jpg.rf.b9717e7fa235010890a7404d7545c8d2.jpg,1,0,0,0,0,0,1,0,1
levle2_155_jpg.rf.5b992737659967a5fab90adb636abdef.jpg,1,0,0,0,0,0,0,0,0
254_jpg.rf.19ce2075b30aa6f28c5536ee53faa556.jpg,0,0,0,0,0,0,1,0,1
233_jpg.rf.f21739e22bed2e45e2941121e340a9b4.jpg,1,0,0,0,0,0,0,0,0
2383880067_1_jpg.rf.613f8c0ebd5d66e1833800cf26b41657.jpg,0,1,0,0,0,0,0,0,0
levle1_62_png_jpg.rf.06f39ecbfd6cdbebf76afd5e24d473c0.jpg,1,0,0,0,0,0,0,0,0
2665784919_1_jpg.rf.dc8bcdcdf1af9d175e72bd8e26c7b76e.jpg,0,1,0,0,0,0,0,0,0
levle1_606_jpg.rf.e9be7aa89e17cf10279d3c993fe1d25c.jpg,1,0,0,0,0,0,0,0,0
levle2_160_jpg.rf.240f03761b5a86768b5cea99b32b372c.jpg,1,0,0,0,0,0,0,0,0
levle1_53_png_jpg.rf.e818a5db942288be1694694b922bceb1.jpg,1,0,0,0,0,0,0,0,0
23_jpeg_jpg.rf.5f91f1a846dec83583662519b9f635c2.jpg,0,0,0,0,0,0,0,0,1
2385871165_1_jpg.rf.b7f809212eabc4de56de25e5b80541f1.jpg,0,1,0,0,0,0,0,0,0
262_jpeg_jpg.rf.8596554340f7dddc804d4232bc54e4b5.jpg,0,0,0,0,0,0,0,0,1
levle1_474_jpg.rf.cfb662e67b6e044d8bd627777c9744d5.jpg,1,0,0,0,0,0,0,0,0
levle2_176_jpg.rf.c93a8adcca1f807df6436daa93fc3ea6.jpg,1,0,0,0,0,0,0,0,0
2666396914_1_jpg.rf.a074ccf05da8a715e537f33e1714ab92.jpg,0,1,0,0,0,0,0,0,0
levle1_544_png_jpg.rf.a042779b5da1105242174d3ffcf8403d.jpg,1,0,0,0,0,0,0,0,0
levle2_138_png_jpg.rf.80244f7e4c860251a398116b0402fefd.jpg,1,0,0,0,0,0,0,0,0
levle1_604_png_jpg.rf.f72ee9e66031c49502f627d48960f9ee.jpg,1,0,0,0,0,0,0,0,0
levle1_564_png_jpg.rf.c74af2ccf892fda8e06dd482df878eee.jpg,1,0,0,0,0,0,0,0,0
levle2_147_jpg.rf.197770acf60df9f09274dd7ea309d411.jpg,1,0,0,0,0,0,0,0,0
levle2_161_jpg.rf.11dd6e0c51ebbedac9bdfd4aae9e33f4.jpg,1,0,0,0,0,0,0,0,0
levle1_565_jpg.rf.601e733ccc35f0066f783d9a21b1f4eb.jpg,1,0,0,0,0,0,0,0,0
240_F_276016522_IsVo5qn0aPsII5LGQOrflbfCODHW1OkA_jpg.rf.2cda49ca9fc13e241c6262c7db7a7571.jpg,0,1,0,0,0,0,0,0,0
levle1_616_png_jpg.rf.d9bdbcfbc7f1f4c5208e5cc17b9be8b3.jpg,1,0,0,0,0,0,0,0,0
levle1_476_jpg.rf.b9d186ca0a29001067b163c85453e211.jpg,1,0,0,0,0,0,0,0,0
levle1_483_jpg.rf.97c462e942fe5aae689d53412396682c.jpg,1,0,0,0,0,0,0,0,0
238_jpg.rf.e2a2fe032f88dff3b07da29de6c6328e.jpg,1,1,0,0,0,0,1,0,0
levle1_56_png_jpg.rf.603397310f62af610d6146d51088417a.jpg,1,0,0,0,0,0,0,0,0
levle2_164_jpg.rf.56986165a89e67e977d61eac68e9b2a4.jpg,1,0,0,0,0,0,0,0,0
levle2_164_png_jpg.rf.a1192e5925ea25fa54701369ae9aca18.jpg,1,0,0,0,0,0,0,0,0
224_jpg.rf.21bcc55c9da10b8ab18ae21f82c389d3.jpg,1,1,0,0,0,0,0,0,0
239_jpg.rf.e610fa160c8e618b8e24d63d05ccaefc.jpg,1,0,0,0,0,0,0,0,1
levle1_472_jpg.rf.e0de1784232b1e119bb45e123e937376.jpg,1,0,0,0,0,0,0,0,0
levle1_47_png_jpg.rf.2b79450dac507952e6c8619ebebdeaaa.jpg,1,0,0,0,0,0,0,0,0
levle1_553_jpg.rf.69de680a644613ad9559d42b4f1234b4.jpg,1,0,0,0,0,0,0,0,0
levle1_558_jpg.rf.66edf35ef5ea9087c6b031000e83efbe.jpg,1,0,0,0,0,0,0,0,0
levle1_576_jpg.rf.424c8ca334dfe298369e1ff2100504c2.jpg,1,0,0,0,0,0,0,0,0
240_F_303787590_E77HGFUoZJhi2l5GEpegMU9jmUrfrHYv_jpg.rf.9cccd8a76a304e014dd9dc5752bce435.jpg,0,1,0,0,0,0,0,0,0
levle2_178_jpg.rf.90dbc31fc7d75b471aedb7dfbe687b76.jpg,1,0,0,0,0,0,0,0,0
levle1_567_jpg.rf.69c7eab0825484f7c5c8ae6baa3c24e7.jpg,1,0,0,0,0,0,0,0,0
levle1_542_png_jpg.rf.5d0126f20fb1ca257f2423db2ef54802.jpg,1,0,0,0,0,0,0,0,0
levle1_563_png_jpg.rf.65aa9d00f4f1536c2596d9345cdaac02.jpg,1,0,0,0,0,0,0,0,0
243_jpg.rf.101590b777e29b1fdeafd8dd745e935b.jpg,1,0,0,0,0,0,0,0,0
levle1_573_jpg.rf.fd3e4b3546e78454be25b4b96c4fb107.jpg,1,0,0,0,0,0,0,0,0
243_jpg.rf.577d67e53515979ed7b036a9e15f9a66.jpg,0,0,0,0,0,0,0,0,1
levle1_564_jpg.rf.c4cad1b565f886386a1c59456a942852.jpg,1,0,0,0,0,0,0,0,0
2394089614_1_jpg.rf.760f384f0694304820a549698714337c.jpg,0,1,0,0,0,0,0,0,0
levle1_634_jpg.rf.1db2a48fb50c5a5f6d4082e1aa0f1fb2.jpg,1,0,0,0,0,0,0,0,0
258_jpg.rf.653ac438bc153a21879ba003496e7e29.jpg,1,0,0,0,0,0,0,0,0
levle2_175_jpg.rf.2fa22c5e3bd403ed2218d51e7826338c.jpg,1,0,0,0,0,0,0,0,0
240_F_469528209_UGQNLPTvuhBFyDk3S00oB1B80nTtd3h1_jpg.rf.cd43f5a2fff13b334deee9254891db46.jpg,0,1,0,0,0,0,0,0,0
levle1_486_jpg.rf.f899c417f08fc28fd5ee485b932dfa09.jpg,1,0,0,0,0,0,0,0,0
240_F_370704964_B4de4R8108nyUq6Nt0LuHyQQmamBmgEo_jpg.rf.e075297e1b28e3c63f36a4ef4476a64c.jpg,0,1,0,0,0,0,0,0,0
2450984791_1_jpg.rf.abb3e7c875786f1694c428dd1ad06863.jpg,0,1,0,0,0,0,0,0,0
levle1_505_jpg.rf.d7296fc49e61331e7cab85447565898b.jpg,1,0,0,0,0,0,0,0,0
levle1_482_jpg.rf.cf3ace635f2d4989a3688686cae43a06.jpg,1,0,0,0,0,0,0,0,0
levle1_48_jpg.rf.2501b6b42c1c4979093c9ed84482511a.jpg,1,0,0,0,0,0,0,0,0
levle1_543_png_jpg.rf.34e70915492357caa259c42d1ff5e517.jpg,1,0,0,0,0,0,0,0,0
246_jpg.rf.af537298bf8a0ad252477665a7a3a244.jpg,0,0,0,0,0,0,0,0,1
levle1_480_jpg.rf.430e255e57b93f345a652ab79490598c.jpg,1,0,0,0,0,0,0,0,0
244_jpg.rf.cf9b98606d17668ccffa87119e3e76eb.jpg,1,0,0,0,0,0,0,0,0
levle1_489_jpg.rf.a643f0eb7c837ffc61ff7f4944942c77.jpg,1,0,0,0,0,0,0,0,0
levle1_64_jpg.rf.f125c60ae8c84a16ad87997e1433cd03.jpg,1,0,0,0,0,0,0,0,0
240_F_137816577_BdN2G0s5CvyjWBez0EiievvSDnhnEqNF_jpg.rf.d211e20ea8395c5c7e6fc8454a006694.jpg,0,1,0,0,0,0,0,0,0
2375918801_1_jpg.rf.4ccd4938a30931a7c0dedbc3cb862e54.jpg,0,1,0,0,0,0,0,0,0
240_F_175181783_9h2VmEFY0xA9yc8O2fqKvhzsEOAfDFtD_jpg.rf.b341d19d424ab72081039181259b1c4c.jpg,0,1,0,0,0,0,0,0,0
levle1_67_jpg.rf.de7254ea5a9679567de4c7337a6ce947.jpg,1,0,1,0,0,0,0,0,0
levle1_510_jpg.rf.c3f40010668f5fb5479a2616f28e93ae.jpg,1,0,0,0,0,0,0,0,0
levle1_509_jpg.rf.5d3a21eafde49d2d8b682e891f304a4e.jpg,1,0,0,0,0,0,0,0,0
levle1_491_jpg.rf.0af055afcce159ca806a6f6ecf97e75a.jpg,1,0,0,0,0,0,0,0,0
levle1_80_png_jpg.rf.33ab94a9a7b07dbecf45534b4a0b13a2.jpg,1,0,0,0,0,0,0,0,0
levle1_516_png_jpg.rf.703ee76c572ed4bde1015a297fe3dc47.jpg,1,0,0,0,0,0,0,0,0
levle1_512_jpg.rf.e2dbf4ec3f5582b3a5036c83b6c05831.jpg,1,0,0,0,0,0,0,0,0
levle1_80_jpg.rf.f06d3b3285196364366c49f5e174dd30.jpg,1,0,1,0,0,0,0,0,0
23a01088b97c930c8fa8c6781a4c2f0d_jpg.rf.9fb300b1ed5b8dbe270e3bf2ae1cd71a.jpg,0,0,0,1,0,0,0,0,0
levle2_166_png_jpg.rf.d9f7bfb1add64e0f570155bb96ebf50e.jpg,1,0,0,0,0,0,0,0,0
levle2_107_jpg.rf.8356f9b2acbf7867e9ecef1d10160074.jpg,1,0,0,0,0,0,0,0,0
levle1_506_jpg.rf.5e48a651893136c330659ae421eeae91.jpg,1,0,0,0,0,0,0,0,0
levle1_65_jpg.rf.8f6181bf5735708c14238356c3711265.jpg,1,0,0,0,0,0,0,0,0
240_F_110479910_n9eh4gcWPH8kOGIWN8ZD1PvfQ9XhloHO_jpg.rf.07e8fa94ee8229d10a2a3a9f66b4689e.jpg,0,1,0,0,0,0,0,0,0
levle1_7_jpg.rf.e4733fdfb95f9fb60a13b611bd585992.jpg,1,0,0,0,0,0,0,0,0
240_F_505136963_IXrvryaszca1gr3AdLK025QSTCPe22u5_jpg.rf.b73eae4549112dbf47a32b3465c3f81c.jpg,0,1,0,0,0,0,0,0,0
levle2_129_jpg.rf.b52ea5ccaef89f1ebca18d0f309fcc1e.jpg,1,0,0,0,0,0,0,0,0
241_jpg.rf.4cec40af2204bb021173b0ad8241d8a3.jpg,0,0,0,0,0,0,0,0,1
levle2_126_jpg.rf.8625b72437c0a306427ca9e82fce8311.jpg,1,0,0,0,0,0,0,0,0
levle1_524_jpg.rf.67bbeed9e4856c9220c64b849646650c.jpg,1,0,0,0,0,0,0,0,0
levle1_520_jpg.rf.88bb31792aaba681e96cf403d8898bf0.jpg,1,0,0,0,0,0,0,0,0
240_jpg.rf.37e2c7b4f923f3e45bc33040f2600af9.jpg,1,0,0,0,0,0,1,0,0
266_jpeg_jpg.rf.a15d18340cfacf88da6c70cd3c7b26d9.jpg,0,0,0,0,0,0,0,0,1
levle2_184_jpg.rf.73cfc0bac6af4e1436a18822668d8cf4.jpg,1,0,0,0,0,0,0,0,0
levle1_515_jpg.rf.8b60c70cb725a837e8c1b2ec4fd53a82.jpg,1,0,0,0,0,0,0,0,0
240_F_505842148_TGTabIfdLCUOOQZD2kRsQnYJD7OTf3BT_jpg.rf.061e6d536f6a331ce09334a338469dd5.jpg,0,1,0,0,0,0,0,0,0
levle1_94_jpg.rf.be82f90610b4d592768f9eac34ddbdfe.jpg,1,0,0,0,0,0,0,0,0
levle1_493_jpg.rf.76c0785e2ecca05d252b9560de6c2bcb.jpg,1,0,0,0,0,0,0,0,0
2692234417_1_jpg.rf.121848926e2534d6bc66464aa7dd6d0e.jpg,0,1,0,0,0,0,0,0,0
levle2_132_jpg.rf.94dbae727c6a232277c0a8ce01e86ed9.jpg,1,0,0,0,0,0,0,0,0
levle2_102_png_jpg.rf.697113defc576aac688d4fbcaf67c5c9.jpg,1,0,0,0,0,0,0,0,0
levle1_513_jpg.rf.1f8dbb00a08e478b782bb6dc5bf7c7cf.jpg,1,0,0,0,0,0,0,0,0
levle1_531_jpg.rf.83d73eef3bcd7e45508814d2e861e8c1.jpg,1,0,0,0,0,0,0,0,0
2692799934_1_jpg.rf.475b994e26a1e1f578e2205f1f4db52d.jpg,0,1,0,0,0,0,0,0,0
240_F_477645690_E0R8uapTGEyyv0cwUM9P06Uk78kiLPXW_jpg.rf.52a3c6c9c0b02240b89955f2ddfb6ad7.jpg,0,1,0,0,0,0,0,0,0
242_jpg.rf.2bef4548262864b9e497b69df525c27d.jpg,0,0,0,0,0,0,0,0,1
levle2_110_jpg.rf.2156b44d646e6f22936ccff1e0365df5.jpg,1,0,0,0,0,0,0,0,0
266_jpg.rf.4b72669eaee80486209a5f020d62ef96.jpg,1,0,0,0,0,0,0,0,0
levle2_113_jpg.rf.a893228ae41ed8f5cef1e6b32591cf2b.jpg,1,0,0,0,0,0,0,0,0
levle1_85_png_jpg.rf.677b723c79468f4acfd794bf21e0928c.jpg,1,0,0,0,0,0,0,0,0
levle1_530_jpg.rf.253906a9dabca2af529c87b6ef1cba1f.jpg,1,0,0,0,0,0,0,0,0
2437904540_1_jpg.rf.75daebd5829f05fbee36edacff962bdd.jpg,0,1,0,0,0,0,0,0,0
267_jpeg_jpg.rf.98fbc5707c7eaab802ab5ca209db1977.jpg,0,0,0,0,0,0,0,0,1
2699422785_1_jpg.rf.3b59f5ba4af1a31034ec34284435773f.jpg,0,1,0,0,0,0,0,0,0
levle2_109_jpg.rf.ddab085fabf54223007224037a8b3721.jpg,1,0,0,0,0,0,0,0,0
acne-375-_jpg.rf.666374ba831019f191a97ac7fe94862c.jpg,1,0,0,0,0,0,0,0,0
acne-376-_jpeg_jpg.rf.76da70a0134017ab4df0f39a55f523a8.jpg,1,0,0,0,0,0,0,0,0
levle1_528_jpg.rf.dfce8a44d42b87f6de68fef44a0bb37c.jpg,1,0,0,0,0,0,0,0,0
acne-377-_jpg.rf.24133a8d30f1208e1c28e4f0e426859e.jpg,1,0,0,0,0,0,0,0,0
levle1_519_jpg.rf.a4a5b2e28154f1316ed9984d940be2e2.jpg,1,0,0,0,0,0,0,0,0
levle2_114_jpg.rf.1af1692cbed186316ae832401e0f6342.jpg,1,0,0,0,0,0,0,0,0
levle2_111_jpg.rf.e9e8691a4fccc889478ad831fb24e1f2.jpg,1,0,0,0,0,0,0,0,0
levle2_115_jpg.rf.64cea7b1ac1fa900e15d3f12cec23c8a.jpg,1,0,0,0,0,0,0,0,0
levle2_113_jpg.rf.83defc066f9b8d313f6c31297996084f.jpg,1,0,0,0,0,0,0,0,0
levle1_536_jpg.rf.70fc27e452b7d9b5deb65c6e8d58bc88.jpg,1,0,0,0,0,0,0,0,0
levle2_117_jpg.rf.83b4e0528e62b4ae599712d39d0be808.jpg,1,0,0,0,0,0,0,0,0
levle1_532_png_jpg.rf.52f29d8a7449e937a239fb863a617f27.jpg,1,0,0,0,0,0,0,0,0
24604-eczema-on-face_jpg.rf.a95dcb8e5025e75e4b7ccd7a0da4f54e.jpg,0,0,0,0,0,0,0,1,0
268_jpg.rf.249cbc5938eddc375cae977779f9f703.jpg,1,0,0,0,0,0,1,0,0
2423457666_1_jpg.rf.571b8c221786a8e34e774d43f362d862.jpg,0,1,0,0,0,0,0,0,0
acne-442-_jpeg_jpg.rf.27daa1ac0114f35a8e1fe8c63bf6888d.jpg,1,0,0,0,0,0,0,0,0
acne-121-_jpg.rf.327b0636e6890cec8a6ee6cff5e89df9.jpg,1,0,0,0,0,0,0,0,0
acne-786-_jpeg_jpg.rf.ab5ef9f1b617ee88151d95a05904baa8.jpg,1,0,0,0,0,0,0,0,0
275_jpg.rf.9cae52f8af99d4b02625296c72eccfdf.jpg,1,0,0,0,0,0,0,0,0
2738625961_1_jpg.rf.37500da3be81b0a43279856d8b375207.jpg,0,1,0,0,0,0,0,0,0
acne-106-_jpeg_jpg.rf.79b5b1126de6abd575eaf4d4e8442588.jpg,1,0,0,0,0,0,0,0,0
280_jpg.rf.23b3331d58dfb7a9d7a4cf70e06facbd.jpg,1,0,0,0,0,0,0,0,0
acne-44-_jpeg_jpg.rf.26485ef12336a421f4a021ba7966cfd8.jpg,1,0,0,0,0,0,0,0,0
27_jpeg_jpg.rf.e6f76f55952db5a553451850537932fc.jpg,0,0,0,0,0,0,0,0,1
89_jpg.rf.4ea6fdedab10078ab73faff9662b5508.jpg,0,0,0,0,0,0,0,0,1
acne-813-_jpeg_jpg.rf.2fff9da3db6e304fa15bf357e7d95029.jpg,1,0,0,0,0,0,0,0,0
acne-799-_jpg.rf.d40bce37368a80943afa61e4fe7869e4.jpg,0,0,0,1,0,0,0,0,0
289_jpg.rf.58a2dd109fd7eb83f7fa5022f5a88df5.jpg,1,0,0,0,0,0,0,0,0
acne-812-_jpeg_jpg.rf.b70849bdc14640b4d33536102610c1ad.jpg,1,0,0,0,0,0,0,0,0
acne-770-_jpg.rf.d01fdcef1abaf02cd8af206bbab9f3f3.jpg,1,0,0,0,0,0,0,0,0
acne-777-_jpeg_jpg.rf.9b7beadbd37ecff2e82a95679901691a.jpg,1,0,0,0,0,0,0,0,0
acne-785-_jpg.rf.60e6e623ef18bf55dd15827ec81d1aea.jpg,0,0,0,1,0,0,0,0,0
acne-8-_png_jpg.rf.4d24960569c2479aa0ef43c6e757a62f.jpg,1,0,0,0,0,0,0,0,0
acne-787-_jpeg_jpg.rf.abd2c85e1f3d17baa47f8f09207f1a44.jpg,1,0,0,0,0,0,0,0,0
2720293102_1_jpg.rf.cc2d5c1ddff90399528100529dafe71c.jpg,0,1,0,0,0,0,0,0,0
2719469801_1_jpg.rf.0b9ae0e0e194a2625b5a6640be13239b.jpg,0,1,0,0,0,0,0,0,0
acne-774-_jpeg_jpg.rf.fc6bb5e030ecfa8a817136a535c77847.jpg,1,0,0,0,0,0,0,0,0
2719467991_1_jpg.rf.f7e2e8e81b5fbe735ecb807e5fffc2f6.jpg,0,1,0,0,0,0,0,0,0
86_jpg.rf.cc8c70df2829d00be67209808584ba81.jpg,0,0,0,0,0,0,0,0,1
acne-432-_jpg.rf.e1d8235e7f8e35ddc93a04b5717f706f.jpg,1,0,0,0,0,0,0,0,0
acne-431-_jpeg_jpg.rf.6cb2ec366be96bd4614d2c9e8dbc7d59.jpg,1,0,0,0,0,0,0,0,0
acne-421-_jpg.rf.e6d09051455a4e7cd09c9cba338aa087.jpg,1,0,0,0,0,0,0,0,0
acne-429-_jpg.rf.15887527954d21143fd06800286e815b.jpg,1,0,0,0,0,0,0,0,0
71_jpg.rf.81b85152cc63b1202a6c8b4d3a296b36.jpg,1,0,0,0,0,0,1,0,0
acne-432-_jpeg_jpg.rf.dc50653e7913192a52ac21e676d878fd.jpg,1,0,0,0,0,0,0,0,0
acne-773-_jpg.rf.975fb96baf5c23bbe8af8d8f1e308b6f.jpg,1,0,0,0,0,0,0,0,0
acne-434-_jpg.rf.3f6e77c044b9db7fcbf1d0f2c2139a32.jpg,1,0,0,0,0,0,0,0,0
acne-812-_jpg.rf.8297da43ff34ed55dc2e5af306e66cc9.jpg,1,0,0,0,0,0,0,0,0
acne-440-_jpg.rf.f296252ffff1c104cdc2fa4ec399a121.jpg,1,0,0,0,0,0,0,0,0
88_jpg.rf.092b12157ad041fa15133bc8efe23233.jpg,0,0,0,0,0,0,0,0,1
acne-103-_jpeg_jpg.rf.b092b0190c982e5cf44b3fcc4e7e93e1.jpg,1,0,0,0,0,0,0,0,0
acne-440-_jpeg_jpg.rf.343ac2be478a93b0c3dd21b95662e721.jpg,1,0,0,0,0,0,0,0,0
291_jpg.rf.be8f374b632711b98a1f7d22bb58236b.jpg,1,0,0,0,0,0,0,0,0
272_jpg.rf.665b85425a402011f55d730857f094a6.jpg,1,0,0,0,0,0,0,0,0
acne-102-_jpeg_jpg.rf.b5f0c523dea9397ad0fbd55d86bd541e.jpg,1,0,0,0,0,0,0,0,0
acne-123-_jpeg_jpg.rf.15ff8e2a623691f034e35be8e12c00b5.jpg,1,0,0,0,0,0,0,0,0
acne-811-_jpeg_jpg.rf.b8b1c68736b7ceade4a1cee3e53cc4f4.jpg,1,0,0,0,0,0,0,0,0
273_jpg.rf.d2ca339156ba3918e8f0d9b81c55a992.jpg,0,0,0,0,0,0,0,0,1
acne-122-_jpg.rf.e739e4313d6fcd92824f3d5cb800b0d2.jpg,1,0,0,0,0,0,0,0,0
acne-831-_jpg.rf.89b8f4e3aea6fedf952b720bae75a44e.jpg,1,0,0,0,0,0,0,0,0
acne-102-_jpg.rf.f278653c67313208bec094f8bdb8d9af.jpg,1,0,0,0,0,0,0,0,0
acne-776-_jpg.rf.1ff14dc968c76f6f10041fd768d2967d.jpg,1,0,0,0,0,0,0,0,0
273_jpg.rf.ebe35dfd02b7537dec8ec7b7cfd77eb7.jpg,1,0,0,0,0,0,0,0,0
acne-43-_jpg.rf.113c598f30288661e26d011d8b59831b.jpg,1,0,0,0,0,0,0,0,0
acne-811-_jpg.rf.67caab171392b18d2604b7a0efa85037.jpg,0,0,0,1,0,0,0,0,0
acne-796-_jpeg_jpg.rf.1f714402dfc7cce2fe28063e52efa8a4.jpg,1,0,0,0,0,0,0,0,0
acne-416-_jpg.rf.1f7a6452a95516298df661353f5f2224.jpg,1,0,0,0,0,0,0,0,0
2861547_16_articlelarge_iStock-1327412897_1__jpg.rf.a15b4947b61eac06baf582ebc7beef9d.jpg,0,0,0,0,0,0,0,1,0
284_jpg.rf.59573ac2fdfaa65d98dd1ae1db71b110.jpg,0,0,0,0,0,0,1,0,1
acne-421-_jpeg_jpg.rf.133ac90155213917027d9c8b422485fb.jpg,1,0,0,0,0,0,0,0,0
acne-787-_jpg.rf.df5bcecb272b7b0b4db5be761c70e45a.jpg,1,0,0,0,0,0,0,0,0
278_jpg.rf.6f9a1a42313311fe988cad8295bd2576.jpg,1,0,0,0,0,0,0,0,1
acne-422-_jpg.rf.3439a39a23cf2d8eb59f2b2a1b54bd3f.jpg,1,0,0,0,0,0,0,0,0
acne-796-_jpg.rf.6e92171dffa2c467c3de3c726bd8f4f2.jpg,1,0,0,0,0,0,0,0,0
acne-776-_jpeg_jpg.rf.cec8e09cea8b60ae0bd8dd9d5e3c5264.jpg,1,0,0,0,0,0,0,0,0
70_jpg.rf.94c726a149c2a9cdfb7449030e41561c.jpg,1,0,0,0,0,0,0,0,0
acne-81-_jpg.rf.43b7272f6746f03819711eed8d5f0bbb.jpg,1,0,0,0,0,0,0,0,0
acne-419-_jpeg_jpg.rf.3d4fbfbe412306b8f3aca076b1408b82.jpg,1,0,0,0,0,0,0,0,0
acne-430-_jpg.rf.fe05f1e5510db87963ea973e13aca05a.jpg,1,0,0,0,0,0,0,0,0
acne-438-_jpeg_jpg.rf.b2abeb6f43b6d6fd5c7c66c3edb50e52.jpg,1,0,0,0,0,0,0,0,0
acne-784-_jpg.rf.7a85069f894fa84b63a05f40bb76d8b2.jpg,1,0,0,0,0,0,0,0,0
acne-420-_jpeg_jpg.rf.c7fb4815dd898e5418a691b782352796.jpg,1,0,0,0,0,0,0,0,0
acne-426-_jpeg_jpg.rf.e64261bb2efb50179612b77b9a5a66b2.jpg,1,0,0,0,0,0,0,0,0
acne-775-_jpg.rf.4928b45b4381b79fbcd50be9d7463ccf.jpg,1,0,0,0,0,0,0,0,0
acne-441-_jpg.rf.e5837c00758ef969aef28fe2d3c73365.jpg,1,0,0,0,0,0,0,0,0
acne-439-_jpg.rf.5eccfa02bcb3f3e91ca159c3043820a5.jpg,1,0,0,0,0,0,0,0,0
acne-831-_jpeg_jpg.rf.e42cad1084e931b3ced8a77477e0c557.jpg,1,0,0,0,0,0,0,0,0
acne-417-_jpeg_jpg.rf.7fe9d74baf01dbe1ae1be8c95480ca1b.jpg,1,0,0,0,0,0,0,0,0
acne-815-_jpeg_jpg.rf.dda2a83fc9812c6ef8a66cd51f393a3d.jpg,1,0,0,0,0,0,0,0,0
27_jpg.rf.1202c274c2091bc2df80eef82c76cf25.jpg,1,0,0,0,0,0,1,0,0
87_jpg.rf.ef354051929123fd8ba74b661fd2062d.jpg,0,0,0,0,0,0,0,0,1
acne-797-_jpeg_jpg.rf.2ce58cfff2982ec359c94c4c660a0e62.jpg,1,0,0,0,0,0,0,0,0
acne-42-_png_jpg.rf.c45d6b571fe4a06415bfd2e9936722ef.jpg,1,0,0,0,0,0,0,0,0
271_jpg.rf.affb7fbb0c90b582e2d7a9f3123aa9d7.jpg,1,0,0,0,0,0,0,0,1
acne-108-_jpg.rf.d2c0886e6631d0c2e093304142384492.jpg,1,0,0,0,0,0,0,0,0
acne-801-_jpeg_jpg.rf.01896ef1d92f05aaffe29e46db2be768.jpg,1,0,0,0,0,0,0,0,0
acne-798-_jpg.rf.cb78a4fa15d5ff5bb51a79ff500498ea.jpg,0,0,0,1,0,0,0,0,0
acne-802-_jpeg_jpg.rf.72d0559684914d14d352dd6878c854ec.jpg,1,0,0,0,0,0,0,0,0
acne-782-_jpg.rf.d9d8dbf6cee3598d183d4e23d9a9f724.jpg,1,0,0,0,0,0,0,0,0
acne-431-_jpg.rf.072cab6a6695563b632664d6d72ffabd.jpg,1,0,0,0,0,0,0,0,0
acne-783-_jpg.rf.b2a3ece9dff8642456effba64d8e7ee8.jpg,1,0,0,0,0,0,0,0,0
2748918408_1_jpg.rf.6663ce6914b2428ffa976df9bf468b36.jpg,0,1,0,0,0,0,0,0,0
acne-813-_jpg.rf.f82e860e95e580c07c49971e06c62399.jpg,1,0,0,0,0,0,0,0,0
2719473671_1_jpg.rf.2775d121dfe24ac5c618b27eba8a187c.jpg,0,1,0,0,0,0,0,0,0
88_jpg.rf.dc949f578c4501b36b2b952c1c9a0616.jpg,1,0,0,0,0,0,0,0,0
6_jpg.rf.769810870e4351b7634923f88d4d8aa3.jpg,1,0,0,0,0,0,0,0,0
acne-435-_jpg.rf.8467777a0b6c5892a6131789d4fe398a.jpg,1,0,0,0,0,0,0,0,0
acne-804-_jpeg_jpg.rf.f01c70222a54e21478a8df3d2ba5a2df.jpg,1,0,0,0,0,0,0,0,0
acne-113-_jpeg_jpg.rf.15f20dac4d157442e8a146680e4125bd.jpg,1,0,0,0,0,0,0,0,0
acne-112-_jpg.rf.9dfbd405c3dc542c0d450cc9eb35099a.jpg,1,0,0,0,0,0,0,0,0
acne-425-_jpeg_jpg.rf.8e53956391e0b0bee1a0e68185b36611.jpg,1,0,0,0,0,0,0,0,0
acne-117-_jpg.rf.c21f02c3f5c6a366a46ec18128c0777a.jpg,1,0,0,0,0,0,0,0,0
acne-800-_jpg.rf.30aeeb406d55f16d8f01da94e5307645.jpg,1,0,0,0,0,0,0,0,0
acne-115-_jpg.rf.cddc2d2eaa9c4bdf602df86aede9138b.jpg,1,0,0,0,0,0,0,0,0
acne-113-_jpg.rf.701b4194b243b53e47277c6175f10c44.jpg,1,0,0,0,0,0,0,0,0
acne-437-_jpeg_jpg.rf.44dabdc9df4d678d5e800f3d47eeb002.jpg,1,0,0,0,0,0,0,0,0
72_jpg.rf.64a13b6dffb34407407bf7584106badc.jpg,0,0,0,0,0,0,0,0,1
acne-800-_jpeg_jpg.rf.55cd5ae653f1a248a0c1cc39761bf458.jpg,1,0,0,0,0,0,0,0,0
acne-808-_jpeg_jpg.rf.cc5ba886d6ac4d37a4ececd861e7f124.jpg,1,0,0,0,0,0,0,0,0
acne-832-_jpeg_jpg.rf.251db38d74b45a3e4f2cafb6819098ff.jpg,1,0,0,0,0,0,0,0,0
acne-799-_jpeg_jpg.rf.ddce05e11740e59846f1049e640d52ef.jpg,1,0,0,0,0,0,0,0,0
acne-8-_jpeg_jpg.rf.6f7e4cfc5c0243ed2c14170d8b9c9cd2.jpg,1,0,0,0,0,0,0,0,0
acne-116-_jpeg_jpg.rf.0c63638093c1e2dfde3efd298229892b.jpg,1,0,0,0,0,0,0,0,0
acne-11-_PNG_jpg.rf.24af2f36ea5abbd4c0731dc0280dac89.jpg,1,0,0,0,0,0,0,0,0
89_jpg.rf.2cf0d34f0f47159a3072c364e07a0221.jpg,1,0,0,0,0,0,0,0,0
77_jpg.rf.6750493773d7115cfe07e8fab2222d4e.jpg,0,0,0,0,0,0,0,0,1
73_jpg.rf.e8feb5859766d9aa0bdd7fe0f5bd7e1e.jpg,1,0,0,0,0,0,0,0,0
acne-8-_jpg.rf.42a60ee4334a56d875f036bd751fe000.jpg,1,0,0,0,0,0,0,0,0
271_jpg.rf.da1a69122c76bfec5a3230d9c357d771.jpg,0,0,0,0,0,0,0,0,1
acne-108-_jpeg_jpg.rf.9338eaa81452778d3ee15abb9c872787.jpg,1,0,0,0,0,0,0,0,0
acne-783-_jpeg_jpg.rf.d1b7ac5dc409b9b4fb3312130a6a0025.jpg,1,0,0,0,0,0,0,0,0
acne-423-_jpg.rf.0b082c14b705c2ff3c9c3b55bcd396be.jpg,1,0,0,0,0,0,0,0,0
2_jpg.rf.2fdb633aa1ed4fd3a3de61b35c1aa9df.jpg,1,0,0,0,0,0,1,0,0
acne-808-_jpg.rf.20a8ee02265b1a9e52a6ff357fca4af8.jpg,1,0,0,0,0,0,0,0,0
76_jpg.rf.7794ea001e0bc3962494fe88d62fad38.jpg,0,0,0,0,0,0,0,0,1
acne-789-_jpg.rf.7921f6a190d6f7fee990ec2b95b52835.jpg,1,0,0,0,0,0,0,0,0
acne-830-_jpg.rf.1da0697a377cebe81cfd5f8b99b4b75b.jpg,1,0,0,0,0,0,0,0,0
acne-79-_jpeg_jpg.rf.4eac050449d3d0efee9bcf2669413b95.jpg,1,0,0,0,0,0,0,0,0
acne-781-_jpg.rf.1559617b5f38c48855eb62952d7db11e.jpg,1,0,0,0,0,0,0,0,0
acne-784-_jpeg_jpg.rf.f092758a50e7c05b3108ea81f6f38079.jpg,1,0,0,0,0,0,0,0,0
acne-110-_jpg.rf.3f09e07c209b565dfbaab1ae27c8b581.jpg,1,0,0,0,0,0,0,0,0
acne-110-_jpeg_jpg.rf.c4ca97a5fa5e5b314c6bc8876900f2ec.jpg,1,0,0,0,0,0,0,0,0
acne-119-_jpeg_jpg.rf.d5902d4e576ecfa4cd765b2e857f970c.jpg,1,0,0,0,0,0,0,0,0
acne-114-_jpg.rf.f4ba5314d08ca6aba2ea23ac7a507a9a.jpg,1,0,0,0,0,0,0,0,0
acne-778-_jpeg_jpg.rf.357c23346b906184ec1be8b3abd4c5f2.jpg,1,0,0,0,0,0,0,0,0
74_jpg.rf.19199d5e8f70f5d7b76aef925030b7b5.jpg,0,0,0,0,0,0,0,0,1
acne-119-_jpg.rf.b75169555a1f495002338ae08ea8ba03.jpg,1,0,0,0,0,0,0,0,0
acne-449-_jpeg_jpg.rf.fc66ecc673aa6ef49652cf7b9f3b8223.jpg,1,0,0,0,0,0,0,0,0
75_jpg.rf.5557c53693ebf2da1feca9253cc7bd6a.jpg,1,0,0,0,0,0,0,0,0
78_jpg.rf.77b9c2dfb331fe4a6e2dce6e09441cf4.jpg,1,1,0,0,0,0,0,0,1
7_jpeg_jpg.rf.bd5ba1345c96f4e22b2e9e63c1f4e826.jpg,0,0,0,0,0,0,0,0,1
293_jpg.rf.0be6d6e2f8fdb4f9dcd31a5c55683bd7.jpg,1,0,0,0,0,0,0,0,0
79_jpg.rf.225f67fdc33728e769b2cb3f8b5a786f.jpg,1,0,0,0,0,0,0,0,0
acne-111-_jpeg_jpg.rf.1f228b7a9064ed343704af7761d32818.jpg,1,0,0,0,0,0,0,0,0
29_jpeg_jpg.rf.d7287e8e4dbe4c183a8156fd598a3799.jpg,0,0,0,0,0,0,0,0,1
acne-423-_jpeg_jpg.rf.ebf948a6cf5f4b170cbfe19281a63ca7.jpg,1,0,0,0,0,0,0,0,0
acne-805-_jpg.rf.5f333f87f8421e85701b3e15e538c681.jpg,1,0,0,0,0,0,0,0,0
2719463843_1_jpg.rf.8d80e5c1ce5952c0bc1b6fdeebc04beb.jpg,0,1,0,0,0,0,0,0,0
acne-804-_jpg.rf.e63eb75571fbd0449724c2935d2b65c7.jpg,1,0,0,0,0,0,0,0,0
2_jpg.rf.9edb26dc96036c048cd36cec984204ca.jpg,0,0,0,0,0,0,0,0,1
acne-424-_jpg.rf.f5e5d314a0fd8904e1477d0675d29550.jpg,1,0,0,0,0,0,0,0,0
acne-809-_jpg.rf.09eac3b28622ca5a1f7240c6eb2e92db.jpg,1,0,0,0,0,0,0,0,0
acne-12-_jpg.rf.8c655cc2d3dfe108e34ea8a7e3f5fb98.jpg,1,0,0,0,0,0,0,0,0
97_jpg.rf.73d63713020227f75af1b3b5f5cb14ec.jpg,0,0,0,0,0,0,0,0,1
292_jpg.rf.efaa77ff5f4c1821b0d7f4184ebb9c42.jpg,1,1,0,0,0,0,1,0,1
29_jpg.rf.1d609df66d4ed203c49bdaf4d41a506a.jpg,1,0,0,0,0,0,0,0,0
acne-789-_jpeg_jpg.rf.ddea7adb41d30e59a83c5d36c3647b1d.jpg,1,0,0,0,0,0,0,0,0
272_jpg.rf.d996ca02593b560a1655593affbd31af.jpg,0,0,0,0,0,0,0,0,1
acne-791-_jpeg_jpg.rf.13c488e3da02e2bea7870215621db522.jpg,1,0,0,0,0,0,0,0,0
82_jpg.rf.484de04308d207d1e0c9f33eb7e7ab7a.jpg,1,0,0,0,0,0,0,0,0
83_jpg.rf.a45f91e3687f7f0f4bf44c62eead839b.jpg,1,0,0,0,0,0,0,0,0
acne-165-_jpeg_jpg.rf.2e25043f8096170e066e40fa5f84f553.jpg,1,0,0,0,0,0,0,0,0
acne-788-_jpeg_jpg.rf.56b2a9bc4301f4932823c04b4de6c701.jpg,1,0,0,0,0,0,0,0,0
acne-778-_jpg.rf.49792db586ea98d56a5faf289252fe92.jpg,1,0,0,0,0,0,0,0,0
acne-806-_jpg.rf.7088278257cd9d3984a102555d83851b.jpg,1,0,0,0,0,0,0,0,0
77_jpg.rf.3e35c8eac237d756632b272d68fb9945.jpg,1,1,0,0,0,0,1,0,1
acne-809-_jpeg_jpg.rf.86ed034540d9dbf9f1dcfcc18264cef5.jpg,1,0,0,0,0,0,0,0,0
84_jpg.rf.a2b6cf16e5f77f15d4de3993f743e0e6.jpg,1,0,0,0,0,0,0,0,0
acne-112-_jpeg_jpg.rf.83ced9e6ee44767306c541e9babee79f.jpg,1,0,0,0,0,0,0,0,0
336_jpg.rf.8402af63675977f4508a435ba2b62ec7.jpg,0,0,0,0,0,0,0,0,1
332_jpg.rf.166eebacb71548e656074d2cca7efbea.jpg,0,0,0,0,0,0,1,0,0
acne-12-_png_jpg.rf.4d94db6f33c68d07bcee40ac512e9d97.jpg,1,0,0,0,0,0,0,0,0
acne-805-_jpeg_jpg.rf.467d65ea0521248a46b8e7d4b38c0470.jpg,1,0,0,0,0,0,0,0,0
334_jpg.rf.854a39cc06b69985ab3217a117c30a7a.jpg,1,0,0,0,0,0,0,0,0
acne-124-_jpeg_jpg.rf.82215b48ccdf540bb7822c88ce5fdf26.jpg,1,0,0,0,0,0,0,0,0
acne-790-_jpg.rf.fcc50020aa014e2617501f6831da5e85.jpg,1,0,0,0,0,0,0,0,0
acne-792-_jpg.rf.6c0851eaa52c1b0eafcf7a73faeb4ab5.jpg,0,0,0,1,0,0,0,0,0
acne-164-_jpg.rf.2e16740c09da72872c78236f9116266b.jpg,1,0,0,0,0,0,0,0,0
acne-120-_jpg.rf.c768940fd3db44de948ecf66220d5710.jpg,1,0,0,0,0,0,0,0,0
acne-121-_jpeg_jpg.rf.7399232fd4c705da0214f9ccd7526dc3.jpg,1,0,0,0,0,0,0,0,0
acne-120-_jpeg_jpg.rf.176189d02a3791e89fdd4dbbe7cc474d.jpg,1,0,0,0,0,0,0,0,0
acne-807-_jpg.rf.9232be0d8872275d85aa76880cc8de1c.jpg,1,0,0,0,0,0,0,0,0
295_jpg.rf.2e600442feba45b4854c54a14ec5a27e.jpg,1,0,0,0,0,0,1,0,0
acne-791-_jpg.rf.f0e6fef48819031f10d6bb8f26db7aa1.jpg,1,0,0,0,0,0,0,0,0
9_jpg.rf.2cd5099684be61ce682a4b46832866bb.jpg,0,1,0,0,0,0,0,0,0
acne-793-_jpeg_jpg.rf.a1c0412f9a54944b6480835886ebd75b.jpg,1,0,0,0,0,0,0,0,0
acne-794-_jpeg_jpg.rf.957c6f75fa30a28476d110437c9f2216.jpg,1,0,0,0,0,0,0,0,0
acne-109-_jpeg_jpg.rf.830e1c13c816b82b92e32e9ae8bd4af3.jpg,1,0,0,0,0,0,0,0,0
acne-141-_jpg.rf.0019131635510c532d22749e4543c593.jpg,1,0,0,0,0,0,0,0,0
98_jpg.rf.ecc6d5136d29d265963fcdd2340f5f1b.jpg,1,0,0,0,0,0,1,0,0
296_jpg.rf.fd8a010ece26b6bcb3119cdb44ba8c1c.jpg,1,0,0,0,0,0,1,0,0
acne-79-_jpg.rf.04aa3c78177779bc4a580b6a3507152c.jpg,1,0,0,0,0,0,0,0,0
acne-125-_jpg.rf.cfc897271d16665dcf033c298a6bd67d.jpg,1,0,0,0,0,0,0,0,0
9adc08c5984e083261d3a71542295d26_jpg.rf.dfd82149787b3d8e197b736d66b8eb6b.jpg,0,0,0,1,0,0,0,0,0
80_jpg.rf.02d6ef4722a9d79990b1ceab39e8c97d.jpg,1,0,0,0,0,0,0,0,0
2936372160_1_jpg.rf.ff7a67476266046f6a6a079ae25cd0b3.jpg,0,1,0,0,0,0,0,0,0
334_jpg.rf.d646a01b38418bc660c80253f83c84dd.jpg,0,0,0,0,0,0,0,0,1
332_jpg.rf.0ee95ba5ed7b1026e3e7699a727e4d35.jpg,0,0,0,0,0,0,0,0,1
2937757570_1_jpg.rf.ea001ac02043df33a5dac1980357d6c8.jpg,0,1,0,0,0,0,0,0,0
331_jpg.rf.8edcf50407a460c3ba010212a86e3c2b.jpg,1,0,0,0,0,0,1,0,0
acne-829-_jpg.rf.2f780f410e9b9f7425a1b4d998117af5.jpg,1,0,0,0,0,0,0,0,0
99_jpg.rf.b3a281746b4fe216133b8f0b7e28c57c.jpg,0,0,0,0,0,0,0,0,1
9de7356fc7fe5df062b9719352b38f9c_jpg.rf.675622245d027dc3dee98ffc9e896432.jpg,0,0,0,1,0,0,0,0,0
acne-78-_jpg.rf.5945d12204f584b6b86fca19087ffa5b.jpg,1,0,0,0,0,0,0,0,0
acne-794-_jpg.rf.1a83443828c58d2d62b43c74b6e4e4e3.jpg,1,0,0,0,0,0,0,0,0
2720297592_1_jpg.rf.522f80132a5cc5abba89c06c81973bca.jpg,0,1,0,0,0,0,0,0,0
a7_jpg.rf.e70ee064268b8e54e6024cf3142c0494.jpg,1,0,0,0,0,0,0,0,0
298_jpg.rf.2ea2d1807ed7f4a18127c4b45c8e3c03.jpg,1,0,0,0,0,0,1,0,0
acne-793-_jpg.rf.87f4c2b1e3fbf9c9532dc53116c018e8.jpg,0,0,0,1,0,0,0,0,0
acne-144-_jpeg_jpg.rf.f5f0043b0e3b76c3dd6c588ecf0511b0.jpg,1,0,0,0,0,0,0,0,0
a3_jpg.rf.b58881c65466ab507e2738da1c4b0542.jpg,1,0,0,0,0,0,0,0,0
acne-795-_jpg.rf.ed655137b7d079b79a6ef85a100d5674.jpg,1,0,0,0,0,0,0,0,0
31_jpeg_jpg.rf.3dc612fe64edf86cd9f3ecadaeffca1b.jpg,0,0,0,0,0,0,0,0,1
305_jpg.rf.c8fc18ae07d9bbf0e6319a542ecc7bf3.jpg,1,0,0,0,0,0,0,0,0
acne-13-_jpg.rf.5fb17179103dad68cead4b5790080078.jpg,1,0,0,0,0,0,0,0,0
297_jpg.rf.a516b77572a3fb2668a93da6bbf96308.jpg,1,0,0,0,0,0,1,0,0
acne-780-_jpeg_jpg.rf.81c6f16f79d5898b1d9445c78889e462.jpg,1,0,0,0,0,0,0,0,0
acne-17-_png_jpg.rf.0a745d4e984e4868e11400c0d92917c0.jpg,1,0,0,0,0,0,0,0,0
317_jpg.rf.ef58fafbe0ca36a490236cf249c195bf.jpg,1,0,0,0,0,0,1,0,0
acne-168-_jpeg_jpg.rf.24f44090dc40a0933ab561d1b53bee60.jpg,1,0,0,0,0,0,0,0,0
acne-129-_jpg.rf.69a09bdf4f64fb851ed35c309f7d3187.jpg,1,0,0,0,0,0,0,0,0
acne-779-_jpg.rf.dc8fad183ed3ab8e8b21ad9d391d67b3.jpg,1,0,0,0,0,0,0,0,0
317_jpg.rf.b6e8310c12bf109af7d9b32bed1fd59b.jpg,0,0,0,0,0,0,0,0,1
acne-83-_jpeg_jpg.rf.2ec378312c8d6cefe3ee63e04573f3a1.jpg,1,0,0,0,0,0,0,0,0
318_jpg.rf.690705309ad79f137704df632647b1df.jpg,1,0,0,0,0,0,1,0,0
acne-781-_jpeg_jpg.rf.d9da5c3a423ecd911981b18c77ba0a75.jpg,1,0,0,0,0,0,0,0,0
acne-169-_jpeg_jpg.rf.7149d7f979c57b072d53b7c3ff39dc35.jpg,1,0,0,0,0,0,0,0,0
acne-170-_jpeg_jpg.rf.ad807d4605e7bfc331073813233b8cf8.jpg,1,0,0,0,0,0,0,0,0
acne-443-_jpg.rf.f05c890f3fcbd7018e98f773fa758c1c.jpg,1,0,0,0,0,0,0,0,0
acne-100-_jpeg_jpg.rf.869882f383b7fff7ff1cd6d4a4b97c0d.jpg,1,0,0,0,0,0,0,0,0
85_jpg.rf.83010a56422a1e33050e68bc3c58e52d.jpg,1,0,0,0,0,0,0,0,1
ac1_jpg.rf.67fe2375c87444392ee5a7db3ad06cfc.jpg,1,0,1,0,0,0,0,0,0
acne-779-_jpeg_jpg.rf.d18dd805e03d9e80650605354265dcfe.jpg,1,0,0,0,0,0,0,0,0
319_jpg.rf.faa01f5d5cd33575bcfbc813ca50e18a.jpg,1,0,0,0,0,0,0,0,0
acne-1-_jpg.rf.9a18e37e0ead6d20cfb5e9dc2e63ff65.jpg,1,0,0,0,0,0,0,0,0
acne-83-_jpg.rf.7317b377b4e31b69c391ef9b5e972cf8.jpg,1,0,0,0,0,0,0,0,0
acne-816-_jpeg_jpg.rf.e81c1465a50d10206cc2616075e2c3c6.jpg,1,0,0,0,0,0,0,0,0
acne-162-_jpg.rf.c306d046e3b837708442137f85629244.jpg,1,0,0,0,0,0,0,0,0
acne-788-_jpg.rf.4b4fa3cd81185be2b455fdb8a91d316b.jpg,0,0,0,1,0,0,0,0,0
acne-10-_jpeg_jpg.rf.55e1f49d5f2f6002d2040f165e3424e5.jpg,1,0,0,0,0,0,0,0,0
acne-100-_jpg.rf.e8212d59d462777ef675b1707393a097.jpg,1,0,0,0,0,0,0,0,0
acne-143-_jpeg_jpg.rf.21a007c8f258b58d5f8a4e5ed44389b2.jpg,1,0,0,0,0,0,0,0,0
acne-127-_jpeg_jpg.rf.b3e5ed0f4952553dba5bc17a6a851619.jpg,1,0,0,0,0,0,0,0,0
acne-124-_jpg.rf.ab563fb46632762dc383a80c5ee9da2b.jpg,1,0,0,0,0,0,0,0,0
9_jpeg_jpg.rf.d9f757810d59fdd135b7b339dc027076.jpg,0,0,0,0,0,0,0,0,1
acne-14-_jpg.rf.fdf451f278c5bb8fb30044a7da96a768.jpg,1,0,0,0,0,0,0,0,0
331_jpg.rf.9cff5426e4b204ee01f006c3bbc2e3a0.jpg,0,0,0,0,0,0,0,0,1
acne-444-_jpeg_jpg.rf.2cf3372ada8a7f9e922b12181b5c9559.jpg,1,0,0,0,0,0,0,0,0
311_jpg.rf.8c21bcd8771ba221a82d6b4cb4b2990a.jpg,0,0,0,0,0,0,0,0,1
acne-828-_jpeg_jpg.rf.0c880948d26e3eedc9bd6eb7bb42982f.jpg,1,0,0,0,0,0,0,0,0
ac1_jpg.rf.f967d736c6766ea38caaba676bc564f0.jpg,1,0,0,0,0,0,0,0,0
acne-167-_jpeg_jpg.rf.050f4ed6bc6d98f0175575a9719f51a2.jpg,1,0,0,0,0,0,0,0,0
acne-125-_jpeg_jpg.rf.43c4377686850ead6e81a5ef8efad379.jpg,1,0,0,0,0,0,0,0,0
acne-127-_jpg.rf.e1a74b03076dac977d4e9eaa2dd315ed.jpg,1,0,0,0,0,0,0,0,0
321_jpg.rf.2d143fa78c638e300bad8f01c03277c2.jpg,0,0,0,0,0,0,0,0,1
acne-164-_jpeg_jpg.rf.979622885f3339d958bc19344db434b5.jpg,1,0,0,0,0,0,0,0,0
acne-140-_jpeg_jpg.rf.8bcb4d0d9f97c7c3aa2a2eec140b2748.jpg,1,0,0,0,0,0,0,0,0
acne-166-_jpeg_jpg.rf.d3bc2a14cdf5c371a97ea10bd0c3c85d.jpg,1,0,0,0,0,0,0,0,0
81_jpg.rf.8fcf50015768077f67793f563cc1870f.jpg,1,0,0,0,0,0,0,0,0
acne-101-_jpeg_jpg.rf.de2cc6ede0943264fb09a0176f435c5f.jpg,1,0,0,0,0,0,0,0,0
304_jpg.rf.4b55a2eb0cf08955704374e064cf0ad2.jpg,1,0,0,0,0,0,0,0,0
acne-156-_jpg.rf.6b1dea6cbc8762c8e6a251bd4aa7e71e.jpg,1,0,0,0,0,0,0,0,0
301_jpg.rf.c63fab55e63123afee1e41846afa22b0.jpg,1,0,0,0,0,0,1,0,0
acne-154-_jpeg_jpg.rf.e305c6712661216b601b357ece11bea7.jpg,1,0,0,0,0,0,0,0,0
309_jpg.rf.9336f1aef56c0fc14437370da8d5979c.jpg,1,1,0,0,0,0,0,0,1
acne-157-_jpeg_jpg.rf.2d204b8930ba07137a8ca36dd45ae1c3.jpg,1,0,0,0,0,0,0,0,0
acne-145-_jpeg_jpg.rf.7cb45e95c07cc1de55d2ccbf3db16c2b.jpg,1,0,0,0,0,0,0,0,0
acne-158-_jpeg_jpg.rf.2ab3bcf1b4e82371051452acfad4a9f3.jpg,1,0,0,0,0,0,0,0,0
acne-154-_jpg.rf.27ab74bf19489184336bf1ba2db7146b.jpg,1,0,0,0,0,0,0,0,0
acne-17-_jpeg_jpg.rf.42b284ec5789edceacc80e68c3b4eda7.jpg,1,0,0,0,0,0,0,0,0
30_jpg.rf.45c23d482d7e4dc15b1d2c1035757a0c.jpg,1,0,0,0,0,0,0,0,0
acne-16-_jpeg_jpg.rf.f9af7ad5ff8445145be5c37fdb7270d5.jpg,1,0,0,0,0,0,0,0,0
318_jpg.rf.fcb920a69ca7ce1d8e607f8432161b37.jpg,0,0,0,0,0,0,0,0,1
315_jpg.rf.b9cbf6735e8961ad30e98b1cbc1e4cd3.jpg,1,0,0,0,0,0,0,0,0
305_jpg.rf.a1198c035dca5b0d6aef083d50e01140.jpg,0,0,0,0,0,0,0,0,1
acne-818-_jpg.rf.0c4455b00e43ed0165313af8f3f6c813.jpg,1,0,0,0,0,0,0,0,0
314_jpg.rf.b1c425d2678539e3f38049331635680c.jpg,0,0,0,0,0,0,0,0,1
312_jpg.rf.0895ad8b2aa6790d6de6287a741ae52f.jpg,1,0,0,0,0,0,1,0,0
acne-816-_jpg.rf.10396b72c24313f241e59c0fd0e303d9.jpg,1,0,0,0,0,0,0,0,0
307_jpg.rf.fa236bd726b3bb87492f5828b1b99417.jpg,0,0,0,0,0,0,0,0,1
acne-160-_jpg.rf.178b38430786158da84dad6889eeffc0.jpg,1,0,0,0,0,0,0,0,0
acne-459-_jpg.rf.2d90000435477ac3459d8d935d2d3503.jpg,1,0,0,0,0,0,0,0,0
acne-46-_jpeg_jpg.rf.0b35dbf2ac97f3462f1adcbf9ec12280.jpg,1,0,0,0,0,0,0,0,0
300_jpg.rf.933d6e5263e915e46434481a16041321.jpg,1,0,0,0,0,0,1,0,0
acne-159-_jpg.rf.44c96ce3ee5b226573f562fd4a723d63.jpg,1,0,0,0,0,0,0,0,0
315_jpg.rf.e177f5023a0222b62a38dc1590ca8603.jpg,0,0,0,0,0,0,0,0,1
312_jpg.rf.5c273df43e2a5ee52e38192e3e9ce794.jpg,0,0,0,0,0,0,0,0,1
acne-16-_jpg.rf.27252b36cbbb82d848437bf0a01e1ffc.jpg,1,0,0,0,0,0,0,0,0
acne-819-_jpeg_jpg.rf.d9f3fbe79f7b8c73a24ac31712fee691.jpg,1,0,0,0,0,0,0,0,0
acne-155-_jpeg_jpg.rf.cdd7fea987da41785e5f3d01d36d726f.jpg,1,0,0,0,0,0,0,0,0
acne-821-_jpeg_jpg.rf.55a5348cbba12d35f4ccfd0df88f95ed.jpg,1,0,0,0,0,0,0,0,0
acne-128-_jpg.rf.2d045fd492eb0c71bc9bf8e2b9ccdc24.jpg,1,0,0,0,0,0,0,0,0
acne-82-_jpg.rf.8b2231212671c1a41e00d2ad8a1a9644.jpg,1,0,0,0,0,0,0,0,0
314_jpg.rf.613a1068c18897297d9e3669c87cad10.jpg,1,0,0,0,0,0,0,0,0
acne-491-_jpeg_jpg.rf.b87a1ac6d4882d9612b8e2da839bd757.jpg,1,0,0,0,0,0,0,0,0
acne-15-_png_jpg.rf.6cb7ae357f992343c6edcf11646b3955.jpg,1,0,0,0,0,0,0,0,0
acne-163-_jpeg_jpg.rf.6aa4dd0a1871e7e858938ee7fadf8093.jpg,1,0,0,0,0,0,0,0,0
acne-148-_jpeg_jpg.rf.57686ce0551cd97a73eef4e4b226194d.jpg,1,0,0,0,0,0,0,0,0
acne-161-_jpg.rf.d48f170c1c11257aac0a8f99e7294b6c.jpg,1,0,0,0,0,0,0,0,0
acne-824-_jpeg_jpg.rf.c3014101d08821f7d079c2e684c3bbdf.jpg,1,0,0,0,0,0,0,0,0
301_jpg.rf.fd86ad0de7620d3c5dfd6ff0389f70ad.jpg,0,0,0,0,0,0,0,0,1
acne-13-_jpeg_jpg.rf.192c1f0193905af9d5237ce49a2bed68.jpg,1,0,0,0,0,0,0,0,0
acne-156-_jpeg_jpg.rf.071dd5e6becdf3b8e877953975d8761d.jpg,1,0,0,0,0,0,0,0,0
acne-161-_jpeg_jpg.rf.e3654dc6ba39de5e2b36956da0a0afd5.jpg,1,0,0,0,0,0,0,0,0
303_jpg.rf.3db5fd33cd576a30969a1d86799e5b20.jpg,0,0,0,0,0,0,0,0,1
acne-174-_jpeg_jpg.rf.75d0aca87e8b134d29f40a77518b86eb.jpg,1,0,0,0,0,0,0,0,0
8_jpg.rf.15ff5e274f299856aeba89da9f41ad38.jpg,0,1,0,0,0,0,0,0,0
acne-147-_jpg.rf.b9c7c7dec770f8d2cc52d24b7fe9d202.jpg,1,0,0,0,0,0,0,0,0
acne-130-_jpg.rf.837b578e5a41806609f2810be68821ba.jpg,1,0,0,0,0,0,0,0,0
acne-46-_jpg.rf.34c493fd1572ef6e5df54065473f3b27.jpg,1,0,0,0,0,0,0,0,0
acne-446-_jpeg_jpg.rf.0dd1c5bee0c3605ed05efbaed0fe3bfb.jpg,1,0,0,0,0,0,0,0,0
acne-490-_jpeg_jpg.rf.e52b0770e629f3fc1edb18a0277e53d4.jpg,1,0,0,0,0,0,0,0,0
acne-173-_jpeg_jpg.rf.7ccda993a5cab3f6a681ec3f446f2d3c.jpg,1,0,0,0,0,0,0,0,0
acne-826-_jpeg_jpg.rf.9830f669b97db344a47049b2e3f1415b.jpg,1,0,0,0,0,0,0,0,0
316_jpg.rf.2215dbb4c461e4b1e2fa23f1f4aadcb0.jpg,0,0,0,0,0,0,0,0,1
acne-134-_jpeg_jpg.rf.f3fe845853888e6d83d36f62e0ae8c7d.jpg,1,0,0,0,0,0,0,0,0
308_jpg.rf.a61cc6124ceeb8b21148d9dcd330c8a9.jpg,1,1,0,0,0,0,0,0,1
acne-15-_jpeg_jpg.rf.67a3343e306b5a573e29cebda191aec5.jpg,1,0,0,0,0,0,0,0,0
acne-822-_jpeg_jpg.rf.60310f4385b084ca0ff03467f6e0d7ff.jpg,1,0,0,0,0,0,0,0,0
acne-817-_jpg.rf.1efc7ff916f20d5f17a07fcd8da07e6b.jpg,1,0,0,0,0,0,0,0,0
acne-446-_jpg.rf.c7cb5d4099d97524db8275ca3eaa03f8.jpg,1,0,0,0,0,0,0,0,0
acne-170-_jpg.rf.80e76c8afc5e655ea111103ec95f872e.jpg,1,0,0,0,0,0,0,0,0
acne-134-_JPG_jpg.rf.ad4944d1e9b239e286ca7bb2f33da8c9.jpg,1,0,0,0,0,0,0,0,0
acne-129-_jpeg_jpg.rf.5592595678239c15a33390a42b8c6997.jpg,1,0,0,0,0,0,0,0,0
90_jpg.rf.33269adcdd8f5ccc26d76189ac0d18a5.jpg,1,0,0,0,0,0,1,0,0
acne-821-_jpg.rf.d80ad1d6ef4d2e762b5f49379d0d88b1.jpg,1,0,0,0,0,0,0,0,0
acne-150-_jpeg_jpg.rf.17e1f04f38ca52c22dc3a131d3420b91.jpg,1,0,0,0,0,0,0,0,0
acne-150-_jpg.rf.2c96782f8396eb7ee81323ae336171f1.jpg,1,0,0,0,0,0,0,0,0
90_jpg.rf.0c86deb82dd4d7119fb933b6cc1f04c5.jpg,0,0,0,0,0,0,0,0,1
30_jpeg_jpg.rf.bdf81986cb2a44b372a35b188e1ee174.jpg,0,0,0,0,0,0,0,0,1
309_jpg.rf.e2f906bf5960ebedc538bfb3d2445270.jpg,0,0,0,0,0,0,0,0,1
316_jpg.rf.cf3113d283e8d39029fd1605bf83cda8.jpg,0,0,0,0,0,0,1,0,1
acne-832-_jpg.rf.e783ecb01fdf1683d3609f3d5b78d91d.jpg,1,0,0,0,0,0,0,0,0
acne-171-_jpeg_jpg.rf.422f65d7721c77f4f4ff317cb9719171.jpg,1,0,0,0,0,0,0,0,0
acne-492-_jpg.rf.06e55f21a90a50b33df3478315f45e75.jpg,1,0,0,0,0,0,0,0,0
acne-15-_jpg.rf.eb5a404e0b9b72924b1e508c92611391.jpg,1,0,0,0,0,0,0,0,0
acne-448-_jpeg_jpg.rf.35b689244618fda57be9147364ed16c1.jpg,1,0,0,0,0,0,0,0,0
acne-445-_jpeg_jpg.rf.3c3880fecb0b0be14ac88d5c7b5f5a30.jpg,1,0,0,0,0,0,0,0,0
acne-151-_jpeg_jpg.rf.5909972f33069cd88bc86fe0789b5741.jpg,1,0,0,0,0,0,0,0,0
acne-135-_jpg.rf.7c7544818b9b069601408c61e6813942.jpg,1,0,0,0,0,0,0,0,0
acne-472-_jpeg_jpg.rf.cc11b7c35e36d4fe2fa5137a4ab0cb62.jpg,1,0,0,0,0,0,0,0,0
acne-84-_jpeg_jpg.rf.d023091591948d60a1148133447acd35.jpg,1,0,0,0,0,0,0,0,0
8_jpg.rf.78ddb6fa9b85d72f86c333998ebfc5a1.jpg,1,0,0,0,0,0,0,0,0
acne-448-_jpg.rf.8431ee83bd77c856ff6a4dfde688d42f.jpg,1,0,0,0,0,0,0,0,0
acne-822-_jpg.rf.2d93ec6884902590a66cdb95c1532346.jpg,1,0,0,0,0,0,0,0,0
acne-13-_png_jpg.rf.9f6dc1e72943223a8469b1c5d4502d08.jpg,1,0,0,0,0,0,0,0,0
acne-820-_jpeg_jpg.rf.b22c511778e01b43da785fb5b0e6cbdb.jpg,1,0,0,0,0,0,0,0,0
acne-136-_jpeg_jpg.rf.2525f83017b47e4810bebaee221b0d7a.jpg,1,0,0,0,0,0,0,0,0
acne-147-_jpeg_jpg.rf.94fa956f7a48f044e95f809676d0aac0.jpg,1,0,0,0,0,0,0,0,0
acne-447-_jpeg_jpg.rf.78915875b0692feb29cc8f2c87baf1cd.jpg,1,0,0,0,0,0,0,0,0
acne-474-_jpg.rf.4e55c13579a173aee64e9ea98cb7ee1d.jpg,1,0,0,0,0,0,0,0,0
acne-825-_jpeg_jpg.rf.7aed775137bcc5673e271514c4ff6c41.jpg,1,0,0,0,0,0,0,0,0
acne-453-_jpg.rf.991d448dfc8c445f07d83d8380112922.jpg,1,0,0,0,0,0,0,0,0
acne-138-_jpeg_jpg.rf.9b284a4358333577dcbcbc06832cd7bf.jpg,1,0,0,0,0,0,0,0,0
acne-132-_jpeg_jpg.rf.a48ab58820d95b61ac4f99abcb35a621.jpg,1,0,0,0,0,0,0,0,0
93_jpg.rf.c8e32faf789ca7dac63f202aa6b83b5d.jpg,0,0,0,0,0,0,0,0,1
94_jpg.rf.ee294f1d3abf64a30e4d8bc39f6ba304.jpg,0,0,0,0,0,0,0,0,1
acne-474-_jpeg_jpg.rf.042d70e34a4d945a36fd97a564cf34c9.jpg,1,0,0,0,0,0,0,0,0
acne-453-_jpeg_jpg.rf.bf0eacc2b51011e59b5ac9c4c42c2283.jpg,1,0,0,0,0,0,0,0,0
acne-5-_png_jpg.rf.e32434d00c08ece9b9d444aec4c516ed.jpg,1,0,0,0,0,0,0,0,0
acne-454-_jpg.rf.a1533d6ad3924aa99fd2e176c5a6569f.jpg,1,0,0,0,0,0,0,0,0
acne-838-_jpg.rf.6ca4f5c958160eafcadcb1f82368aa27.jpg,1,0,0,0,0,0,0,0,0
acne-455-_jpg.rf.91434f516d00cbca9081c937abd9acbd.jpg,1,0,0,0,0,0,0,0,0
acne-153-_jpg.rf.5f54471f4c9617c5561ef540fb7d826c.jpg,1,0,0,0,0,0,0,0,0
acne-454-_jpeg_jpg.rf.79d57fed50b1520514730bb4edf0de87.jpg,1,0,0,0,0,0,0,0,0
acne-494-_jpg.rf.f1582e685f7838a26767a09a46a42692.jpg,1,0,0,0,0,0,0,0,0
965748b1b0e0f4cc84e6fb5daa335cb8_jpg.rf.ff1ca38ec7a05b8a7fdad320dfbab028.jpg,0,0,0,1,0,0,0,0,0
93_jpg.rf.f59828c4904ef485bfe2480824b65f23.jpg,1,1,0,0,0,0,0,0,0
acne-14-_jpeg_jpg.rf.603fc8bf2e75591ed6c156461c4cbcdf.jpg,1,0,0,0,0,0,0,0,0
acne-475-_jpeg_jpg.rf.5e5698a494b825ecd6b3be5c0f2aa800.jpg,1,0,0,0,0,0,0,0,0
acne-173-_jpg.rf.1ac81d5c7b12e3716fa49a7dea58ecbc.jpg,1,0,0,0,0,0,0,0,0
acne-477-_jpeg_jpg.rf.c95a45657752401e77bdbea8c99d398c.jpg,1,0,0,0,0,0,0,0,0
acne-473-_jpg.rf.f01648886471316492a6d9aadebc00be.jpg,1,0,0,0,0,0,0,0,0
acne-839-_jpg.rf.98ad87b12e0022abe42c9ec4f7118fb5.jpg,1,0,0,0,0,0,0,0,0
acne-139-_jpeg_jpg.rf.d6c04cbb487d3e429799e9820e08cbc0.jpg,1,0,0,0,0,0,0,0,0
acne-152-_jpeg_jpg.rf.8beecc30077833344e25d9bf8e181a18.jpg,1,0,0,0,0,0,0,0,0
acne-496-_jpeg_jpg.rf.a7e2c1b4fd0e6a50f9e498e4bfe44a9e.jpg,1,0,0,0,0,0,0,0,0
acne-455-_jpeg_jpg.rf.c75e9cf9bf3c3a62bb6e8b323ecea741.jpg,1,0,0,0,0,0,0,0,0
acne-480-_jpg.rf.ebbcf50228350d1fdd4ab75e786e6ac3.jpg,1,0,0,0,0,0,0,0,0
acne-825-_jpg.rf.9fc10573082bf3dff6ae59ef54678f78.jpg,1,0,0,0,0,0,0,0,0
acne-824-_jpg.rf.42883c7459dd4b17bea29e16a9ffaf29.jpg,1,0,0,0,0,0,0,0,0
acne-45-_png_jpg.rf.5dbc3477e780dbb41b7fbbe914ad4a5f.jpg,1,0,0,0,0,0,0,0,0
acne-139-_jpg.rf.f863f782385e781ed6488aaf7255a335.jpg,1,0,0,0,0,0,0,0,0
acne-445-_jpg.rf.e3034b70ec655a1127eeaa20fb8ab730.jpg,1,0,0,0,0,0,0,0,0
acne-152-_jpg.rf.885b075450bdd6eb916ce401a378115f.jpg,1,0,0,0,0,0,0,0,0
97723bf3c1966b6736962b435dd43bda_jpg.rf.b1f5a3dd199d3b0a98578572f472f939.jpg,0,0,0,1,0,0,0,0,0
92_jpg.rf.5f61c5e0d9928187af63d457c6280550.jpg,1,1,0,0,0,0,1,0,0
acne-471-_jpeg_jpg.rf.abf95263785d0f4ff2bb088848ff96ef.jpg,1,0,0,0,0,0,0,0,0
acne-483-_jpeg_jpg.rf.81f273cb36d466dc216ab95ce004bc7e.jpg,1,0,0,0,0,0,0,0,0
acne-451-_jpeg_jpg.rf.1c1c91c49ce7b1f5428796c17257ba28.jpg,1,0,0,0,0,0,0,0,0
acne-137-_jpeg_jpg.rf.b7b21922a6c2d043f9b7823025d94111.jpg,1,0,0,0,0,0,0,0,0
acne-132-_jpg.rf.a64f2a34db83fc3b7da7168cf76945dd.jpg,1,0,0,0,0,0,0,0,0
acne-153-_jpeg_jpg.rf.3da1818e92f5c06a50f20088e4d618fb.jpg,1,0,0,0,0,0,0,0,0
acne-482-_jpeg_jpg.rf.2e683646816b470cdc9bdde5a6f35618.jpg,1,0,0,0,0,0,0,0,0
acne-456-_jpg.rf.4ffab7e7aa555d944a8193e8f4c66392.jpg,1,0,0,0,0,0,0,0,0
acne-486-_jpg.rf.33e48635841435680e7670258276c8ec.jpg,1,0,0,0,0,0,0,0,0
acne-138-_jpg.rf.4f67ea5e8a65d0dd76dddffb527d4d17.jpg,1,0,0,0,0,0,0,0,0
acne-470-_jpg.rf.ad75a802e3d9bea2d7ba83fb3389494e.jpg,1,0,0,0,0,0,0,0,0
acne-495-_jpeg_jpg.rf.e54cb1af0924f781dde11ede86bf171a.jpg,1,0,0,0,0,0,0,0,0
acne-862-_jpeg_jpg.rf.0427a17126553591607e2df8f81d2883.jpg,1,0,0,0,0,0,0,0,0
acne-499-_jpg.rf.049092e7e6e4bd555b55916bc82e7e78.jpg,1,0,0,0,0,0,0,0,0
acne-506-_jpeg_jpg.rf.1ecfd3d029a7296691dbcd407065a8cf.jpg,1,0,0,0,0,0,0,0,0
acne-500-_jpeg_jpg.rf.a75cd9d19521c64c57ba912f884dcb2a.jpg,1,0,0,0,0,0,0,0,0
acne-449-_jpg.rf.dbc166449b65d1126b9bafd5c5634f59.jpg,1,0,0,0,0,0,0,0,0
acne-457-_jpeg_jpg.rf.3dd34421035b0c20292dad2b64e73804.jpg,1,0,0,0,0,0,0,0,0
acne-478-_jpeg_jpg.rf.508afb53e7ac1caa3c5c44264bcf79d9.jpg,1,0,0,0,0,0,0,0,0
acne-854-_jpeg_jpg.rf.4275c5d0bb8d62ef1b476a249c4b35aa.jpg,1,0,0,0,0,0,0,0,0
acne-504-_jpeg_jpg.rf.29a330a12471a90ef97e18262cda97fc.jpg,1,0,0,0,0,0,0,0,0
acne-48-_jpeg_jpg.rf.13d1826e3dcfe28fa4e8c926e39d478c.jpg,1,0,0,0,0,0,0,0,0
acne-486-_jpeg_jpg.rf.61f817193cb85c4bdeee290ccf1b0b1d.jpg,1,0,0,0,0,0,0,0,0
acne-462-_jpeg_jpg.rf.8e7e40832b5909cc0be0da9effbf6b8b.jpg,1,0,0,0,0,0,0,0,0
96_jpg.rf.7b63c4ed89b75b1aeba0cdbefff842f3.jpg,1,0,0,0,0,0,0,0,0
acne-483-_jpg.rf.15d1eeb1445f54afa7a350f6554132c4.jpg,1,0,0,0,0,0,0,0,0
acne-457-_jpg.rf.e11111b0e93705fd08c3fe1445299871.jpg,1,0,0,0,0,0,0,0,0
acne-842-_jpg.rf.8e0e8791e85eea3550437f986f725943.jpg,1,0,0,0,0,0,0,0,0
acne-485-_jpeg_jpg.rf.b9a4f69aa97bbe37f77d42def6efdf89.jpg,1,0,0,0,0,0,0,0,0
acne-456-_jpeg_jpg.rf.f9837ce129430b43823c717d525c5e33.jpg,1,0,0,0,0,0,0,0,0
323_jpg.rf.687269ab78fdee54ff2d7c9228e5654a.jpg,0,0,0,0,0,0,0,0,1
acne-450-_jpg.rf.25d5a2aff7d6bf90b1407161f327e078.jpg,1,0,0,0,0,0,0,0,0
acne-51-_jpeg_jpg.rf.a80bc5514fd5a7eccaabe1468bf5830f.jpg,1,0,0,0,0,0,0,0,0
acne-476-_jpg.rf.94de10f2a51da0fdc3a4afef9b4d4457.jpg,1,0,0,0,0,0,0,0,0
acne-459-_jpeg_jpg.rf.084982bf867d3201dc57dfbeb3a8e67f.jpg,1,0,0,0,0,0,0,0,0
acne-464-_jpeg_jpg.rf.44129cae7a3b6b251a820af5e53be458.jpg,1,0,0,0,0,0,0,0,0
acne-842-_jpeg_jpg.rf.3acd7d408c08ab0f9e318b9c7d75550f.jpg,1,0,0,0,0,0,0,0,0
acne-481-_jpeg_jpg.rf.68786fbef1321c3a00df23af4f7dc86d.jpg,1,0,0,0,0,0,0,0,0
acne-497-_jpeg_jpg.rf.3d71a1c0b94aee689669c2fdc19b7925.jpg,1,0,0,0,0,0,0,0,0
acne-505-_jpg.rf.bd0dd8df039be77befbe3faa0ca7e68c.jpg,1,0,0,0,0,0,0,0,0
acne-450-_jpeg_jpg.rf.4a03a0941a827f6002f528ad09eca726.jpg,1,0,0,0,0,0,0,0,0
acne-853-_jpeg_jpg.rf.58c6d81a6081d55caae06192d6917ba1.jpg,1,0,0,0,0,0,0,0,0
acne-510-_jpeg_jpg.rf.e130417e427de66a81b3e4dd3be75ef2.jpg,1,0,0,0,0,0,0,0,0
acne-838-_jpeg_jpg.rf.31272a098455123db34d1c0c2ddbc249.jpg,1,0,0,0,0,0,0,0,0
95_jpg.rf.0ba4a2458ad74fbddc0ef9084ebd255e.jpg,1,0,0,0,0,0,1,0,0
acne-500-_jpg.rf.0f8c4887ffd289d18693222726683b4c.jpg,1,0,0,0,0,0,0,0,0
acne-505-_jpeg_jpg.rf.fa92018b1411f8bfba7eea87b3d0386d.jpg,1,0,0,0,0,0,0,0,0
acne-487-_jpeg_jpg.rf.8c0581d24e7e1524883eec97db87d383.jpg,1,0,0,0,0,0,0,0,0
324_jpg.rf.db5ecfacc994a412802c3ed04b3e3bbe.jpg,0,0,0,0,0,0,0,0,1
acne-833-_jpg.rf.e834a185ec317828cc5dbb9be2918d2f.jpg,1,0,0,0,0,0,0,0,0
acne-477-_jpg.rf.78674fbbac6a2f798c4c1087849967fe.jpg,1,0,0,0,0,0,0,0,0
acne-479-_jpeg_jpg.rf.9ba5ca7e7a373ec52e13004db3370886.jpg,1,0,0,0,0,0,0,0,0
322_jpg.rf.e528d3c2742065aae2a770d06e47cae6.jpg,0,0,0,0,0,0,0,0,1
acne-84-_jpg.rf.f0f9b2eb94b52083ec1778083cfd0c59.jpg,1,0,0,0,0,0,0,0,0
322_jpg.rf.242b10546c68e4e3b44a02b79a748a1c.jpg,1,0,0,0,0,0,0,0,1
acne-510-_jpg.rf.21c1b5c6d5cd1f4358443ba2f1bd2bea.jpg,1,0,0,0,0,0,0,0,0
310_jpg.rf.68122b6fe76a70f060583578fc46a6a2.jpg,0,0,0,0,0,0,1,0,0
acne-515-_jpeg_jpg.rf.9a68c56937e1e339ae75b9cd4b29f189.jpg,1,0,0,0,0,0,0,0,0
acne-489-_jpeg_jpg.rf.68a27b692125698ba38e6240e177115b.jpg,1,0,0,0,0,0,0,0,0
acne-458-_jpeg_jpg.rf.6989ea93b363963703b9d54a548fc485.jpg,1,0,0,0,0,0,0,0,0
acne-837-_jpeg_jpg.rf.98cb6c84b055e9e5ec645c92efc08a98.jpg,1,0,0,0,0,0,0,0,0
acne-498-_jpg.rf.837dd7271b024d477f884fa09e1092c5.jpg,1,0,0,0,0,0,0,0,0
326_jpg.rf.f5291b9e3e4c16c93583a57023ef4caa.jpg,1,0,0,0,0,0,0,0,0
acne-852-_jpeg_jpg.rf.ed05d277d88a343148a8c91c8c3953a8.jpg,1,0,0,0,0,0,0,0,0
323_jpg.rf.f3f3813f7186ae6f5197308061f276c0.jpg,1,0,0,0,0,0,0,0,1
acne-506-_jpg.rf.7deb2e58382a10a92d4473e7dbd39ec7.jpg,1,0,0,0,0,0,0,0,0
acne-452-_jpg.rf.5e2f3a9e23b69da859cb347ab53d16d3.jpg,1,0,0,0,0,0,0,0,0
acne-834-_jpg.rf.be4c9ca22ffc0ff8f0a717f08763de7c.jpg,1,0,0,0,0,0,0,0,0
acne-45-_jpeg_jpg.rf.076a1837006c0e9bcf468035f986a9ad.jpg,1,0,0,0,0,0,0,0,0
acne-504-_jpg.rf.84393dc778b1d35a2f3365ca46acb3e2.jpg,1,0,0,0,0,0,0,0,0
acne-469-_jpeg_jpg.rf.817269842b6adb3da962130005f383f3.jpg,1,0,0,0,0,0,0,0,0
acne-478-_jpg.rf.c316c1d09c4f570c5644a4ae01577ab1.jpg,1,0,0,0,0,0,0,0,0
95_jpg.rf.7c637da31bc00a857959c4a8647368ff.jpg,0,0,0,0,0,0,0,0,1
acne-49-_jpeg_jpg.rf.7008f823f4727f376f51876b9465631f.jpg,1,0,0,0,0,0,0,0,0
acne-487-_jpg.rf.ae7ee4332867a78e95cc0ea472d4d37b.jpg,1,0,0,0,0,0,0,0,0
acne-451-_jpg.rf.10bd6d2975e18321f03315061a90096a.jpg,1,0,0,0,0,0,0,0,0
acne-469-_jpg.rf.bb7b03cb876c2ad8be671b45035cd786.jpg,1,0,0,0,0,0,0,0,0
acne-507-_jpg.rf.44c3afacb0f44845a70133d3e160cf2a.jpg,1,0,0,0,0,0,0,0,0
acne-482-_jpg.rf.ba3e42adc6668df32bcc8fe175d88e39.jpg,1,0,0,0,0,0,0,0,0
acne-86-_jpeg_jpg.rf.bd54c142883c88e3141f050d19fa73b4.jpg,1,0,0,0,0,0,0,0,0
35_jpeg_jpg.rf.44383a8d517e674f26492d9c6b28be21.jpg,0,0,0,0,0,0,0,0,1
acne-514-_jpeg_jpg.rf.5d8192e64e1c811a8d4a0f94301432cf.jpg,1,0,0,0,0,0,0,0,0
acne-508-_jpeg_jpg.rf.036960bf98c09edbb54558234d8bf220.jpg,1,0,0,0,0,0,0,0,0
acne-501-_jpeg_jpg.rf.1c5f86cbeee5b551b49e5abb5a9f76e4.jpg,1,0,0,0,0,0,0,0,0
acne-833-_jpeg_jpg.rf.4e0cd90bae844fdf640f7a823c12a4a8.jpg,1,0,0,0,0,0,0,0,0
acne-507-_jpeg_jpg.rf.e1e916939bd082e726931a09773da83b.jpg,1,0,0,0,0,0,0,0,0
acne-136-_jpg.rf.283e78bcd07bded8cda9aeb409261cf5.jpg,1,0,0,0,0,0,0,0,0
acne-499-_jpeg_jpg.rf.f164032d7b4d2590ac592bbfa34f04d9.jpg,1,0,0,0,0,0,0,0,0
324_jpg.rf.5f2d5b6fd030bd25007fc33ac52eea86.jpg,1,0,0,0,0,0,0,0,1
325_jpg.rf.7205baff1e484fcffc45553940e0cacb.jpg,1,0,0,0,0,0,1,0,1
acne-465-_jpeg_jpg.rf.e04af73e98bde8169264f8e9bccb21c2.jpg,1,0,0,0,0,0,0,0,0
acne-470-_jpeg_jpg.rf.fbc0932802ad8b986d37f0ef48d682c9.jpg,1,0,0,0,0,0,0,0,0
acne-835-_jpeg_jpg.rf.1aa5d509d596cc854351fc359add5d8f.jpg,1,0,0,0,0,0,0,0,0
acne-488-_jpeg_jpg.rf.eb038dea537984a2e75dc1ebc33acea2.jpg,1,0,0,0,0,0,0,0,0
acne-468-_jpeg_jpg.rf.9ad77c49a0f5aba9749a2b803f0c930a.jpg,1,0,0,0,0,0,0,0,0
acne-463-_jpg.rf.8975599ccaedc88c505842ea440422ef.jpg,1,0,0,0,0,0,0,0,0
346_jpg.rf.75138119a5ed740444e0fd244817c8d3.jpg,1,0,0,0,0,0,1,0,0
328_jpg.rf.3391cd8ad2d7ff2b0622bcb3d0b4e49f.jpg,0,0,0,0,0,0,0,0,1
357_jpg.rf.3cb7bb62402b65c7ea9d748c746fdd64.jpg,0,0,0,0,0,0,0,0,1
358_jpg.rf.68472f06959b5258f2e7dec6bd9dfb8a.jpg,1,0,0,0,0,0,0,0,0
acne-86-_jpg.rf.2bf35cce1050c331332144767629e83b.jpg,1,0,0,0,0,0,0,0,0
378_jpg.rf.4d17a399191280ac4cbbca0988414a19.jpg,1,0,0,0,0,0,0,0,0
acne-867-_jpeg_jpg.rf.ab2033862ba64e3c0cb4b7f16e325e13.jpg,1,0,0,0,0,0,0,0,0
343_jpg.rf.116fc66471455e90956c0cefb6a80376.jpg,1,0,0,0,0,0,0,0,0
acne-517-_jpeg_jpg.rf.b8f6d29467a30472bc51056436dfb3f1.jpg,1,0,0,0,0,0,0,0,0
acne-488-_jpg.rf.c61e15b3020175a755393112922be0e5.jpg,1,0,0,0,0,0,0,0,0
acne-47-_jpg.rf.2f8de71a9d1250af56d14601ea84a1b0.jpg,1,0,0,0,0,0,0,0,0
326_jpg.rf.72a3f3e287c62acb11a7c0d56a68127b.jpg,0,0,0,0,0,0,0,0,1
acne-515-_jpg.rf.476e2a6df3e9ab7514c6079999ddd472.jpg,1,0,0,0,0,0,0,0,0
acne-465-_jpg.rf.f3fa3b4aca4fb041ef65ac311fb66068.jpg,1,0,0,0,0,0,0,0,0
328_jpg.rf.f35738cbbd2fdcbf780b6ca59b1699ff.jpg,1,0,0,0,0,0,0,0,0
acne-502-_jpeg_jpg.rf.4183e6e78d1cc23f2093df583bb53121.jpg,1,0,0,0,0,0,0,0,0
acne-508-_jpg.rf.fc9f1060fd411627a88229afc7a1f7a9.jpg,1,0,0,0,0,0,0,0,0
acne-489-_jpg.rf.7eb4e51ab2ae83760862cd730ca57b3a.jpg,1,0,0,0,0,0,0,0,0
acne-461-_jpg.rf.a8e94122da3a11b889413d1da7c6fde2.jpg,1,0,0,0,0,0,0,0,0
acne-50-_png_jpg.rf.dc29995e3075eeb98311bb1f37b9608c.jpg,1,0,0,0,0,0,0,0,0
344_jpg.rf.a50bd16de617bf5d1c6c958c8f9be0a0.jpg,0,0,0,0,0,0,0,0,1
acne-50-_jpg.rf.7a7f791fc53a8203be82d876a1bfcc48.jpg,1,0,0,0,0,0,0,0,0
acne-47-_jpeg_jpg.rf.9be0becc72633ec5c0c74345e0654792.jpg,1,0,0,0,0,0,0,0,0
acne-50-_jpeg_jpg.rf.3e66bde12775a83ad7a5f5e2941c0c44.jpg,1,0,0,0,0,0,0,0,0
acne-847-_jpeg_jpg.rf.502f9f4f1cc8b77d06744c07b9f32d5e.jpg,1,0,0,0,0,0,0,0,0
acne-517-_jpg.rf.3bb2a705a1a735217716f99ac9ec7a3e.jpg,1,0,0,0,0,0,0,0,0
acne-512-_jpg.rf.47323d26a26c06ec419c501e90ef51ee.jpg,1,0,0,0,0,0,0,0,0
acne-501-_jpg.rf.69bbfa3479e00afacd785d0debbfcc60.jpg,1,0,0,0,0,0,0,0,0
acne-47-_png_jpg.rf.cf702734d450458026f263acf869016d.jpg,1,0,0,0,0,0,0,0,0
acne-516-_jpeg_jpg.rf.df675a9f7ebd526d3e08310f79c85d4c.jpg,1,0,0,0,0,0,0,0,0
363_jpg.rf.cd4ffce9af5b33db7ef44df14d6d5c46.jpg,0,0,0,0,0,0,0,0,1
acne-516-_jpg.rf.eb21170f4c3586ba240c810f58be3cb7.jpg,1,0,0,0,0,0,0,0,0
32_jpeg_jpg.rf.34ceea6db039b95c005ba184cca42a17.jpg,0,0,0,0,0,0,0,0,1
327_jpg.rf.7335950a4347612c42b280353f9d4aee.jpg,1,0,0,0,0,0,0,0,1
352_jpg.rf.31b267000a66a4acbeb95232908c20bb.jpg,0,0,0,0,0,0,0,0,1
359_jpg.rf.ba845ea7207e268c978e261f99dfdac0.jpg,1,0,0,0,0,0,1,0,0
379_jpg.rf.aa64f4fdb69aa9a9eac01e2be528f358.jpg,1,0,0,0,0,0,1,0,0
acne-851-_jpeg_jpg.rf.ccc0128f7a55082725de61505f20d72f.jpg,1,0,0,0,0,0,0,0,0
345_jpg.rf.eb2d8baa03cb67c4af881f1da64558c3.jpg,1,0,0,0,0,0,0,0,0
acne-845-_jpeg_jpg.rf.3d7b15de1e9a8a10c5d40fa570ad5f6b.jpg,1,0,0,0,0,0,0,0,0
acne-849-_jpeg_jpg.rf.d4fa20e0dc5a464d6df0f281b0e41fa3.jpg,1,0,0,0,0,0,0,0,0
acne-576-_jpeg_jpg.rf.4296957a8090129d54bfe363393f5dab.jpg,1,0,0,0,0,0,0,0,0
acne-514-_jpg.rf.f0376e2da37ef609b4ced5314da00bb2.jpg,1,0,0,0,0,0,0,0,0
351_jpg.rf.0f4e5eaa4804f78814381b97c5debf33.jpg,1,0,0,0,0,0,0,0,0
350_jpg.rf.66577a195c99cb44af28b1bf5e23c6b4.jpg,1,0,0,0,0,0,0,0,0
acne-850-_jpeg_jpg.rf.20b7ed8d0f8f2d79021f65a9e7578602.jpg,1,0,0,0,0,0,0,0,0
353_jpg.rf.e86288abcc500e06d17fca24ee49c7d1.jpg,0,0,0,0,0,0,0,0,1
acne-522-_jpg.rf.967355f40912100eaffb4d54d2431c1b.jpg,1,0,0,0,0,0,0,0,0
acne-520-_jpg.rf.1dd0341dc6e54cee01c79b5e8d918212.jpg,1,0,0,0,0,0,0,0,0
acne-845-_jpg.rf.8f23206c5438c53acc143d925d1f6ecb.jpg,1,0,0,0,0,0,0,0,0
37_jpg.rf.7854b40250934a3a3fab6a6530d6f12f.jpg,1,0,0,0,0,0,0,0,0
acne-518-_jpeg_jpg.rf.d531b3bab00356c8db3208ad9ffd0ea3.jpg,1,0,0,0,0,0,0,0,0
acne-569-_jpg.rf.0d8073007abde27702cca873b74544af.jpg,1,0,0,0,0,0,0,0,0
370_jpg.rf.97dae6376b610a2c2fd0987d045c8991.jpg,1,0,0,0,0,0,0,0,0
363_jpg.rf.538d2078fcc208163d398934feca9fec.jpg,1,1,0,0,0,0,1,0,1
acne-503-_jpg.rf.782eb28931468d5d7b9cfe5503cebad4.jpg,1,0,0,0,0,0,0,0,0
acne-52-_jpg.rf.97bea8c66f9ca9ed2908ac47b0936bd7.jpg,1,0,0,0,0,0,0,0,0
345_jpg.rf.32e87051d5f38107d29019f03c00f444.jpg,0,0,0,0,0,0,0,0,1
acne-528-_jpg.rf.1b14cfdc50e42377440ab27082a73334.jpg,1,0,0,0,0,0,0,0,0
acne-844-_jpeg_jpg.rf.9868505f5b33e73ebd539bb0d397b9e9.jpg,1,0,0,0,0,0,0,0,0
acne-863-_jpeg_jpg.rf.3d7d2bb605c69be181720a88f52f6d4d.jpg,1,0,0,0,0,0,0,0,0
339_jpg.rf.41acba2a0b08bbb5f1b232762994f41a.jpg,0,0,0,0,0,0,0,0,1
327_jpg.rf.8bdaca3f88d79554bd0539068e15bb28.jpg,0,0,0,0,0,0,0,0,1
371_jpg.rf.8633242e12a10d0fca74c0b0455af537.jpg,1,0,0,0,0,0,0,0,0
acne-502-_jpg.rf.6f7186f147930ce7bc97be1a10ee6c25.jpg,1,0,0,0,0,0,0,0,0
337_jpg.rf.68d9de65743224de39e8f5e4d694e11a.jpg,1,0,0,0,0,0,0,0,1
acne-865-_jpeg_jpg.rf.83719c559946e8c5eeeb8514b8c220ac.jpg,1,0,0,0,0,0,0,0,0
acne-568-_jpg.rf.7ef2f565ffc71037ae65e608b44be7ab.jpg,1,0,0,0,0,0,0,0,0
329_jpg.rf.81ae3a283042f5468e5a995028c06eb6.jpg,0,0,0,0,0,0,0,0,1
acne-567-_jpeg_jpg.rf.ee60bbbda7330cf19bbfd0cc9faae795.jpg,1,0,0,0,0,0,0,0,0
33_jpeg_jpg.rf.503e0d732ceaa24b26ddf51f8faf1af5.jpg,1,0,0,0,0,0,0,0,0
levle0_210_jpg.rf.35d092aae6e10f8a260b1b155d18cde7.jpg,1,0,0,0,0,0,0,0,0
levle0_21_jpg.rf.3d905844e2a2e6a8b6b5b53f1ab5ddc6.jpg,1,0,0,0,0,0,0,0,0
levle0_270_jpg.rf.249735d2c2bc6b3327d0a5343cc7b456.jpg,1,0,0,0,0,0,0,0,0
levle0_392_png_jpg.rf.a63e1bcba7eca9e3067f2fb7539a026f.jpg,1,0,0,0,0,0,0,0,0
levle0_90_jpg.rf.5978864b443da16f4468c88b37c53e2f.jpg,1,0,0,0,0,0,0,0,0
levle0_211_jpg.rf.0115206e86cf3bf6e889c5524d20b654.jpg,1,0,0,0,0,0,0,0,0
levle0_207_jpg.rf.a74b7eaf9475478c3ded25c223f396e5.jpg,1,0,0,0,0,0,0,0,0
levle0_375_jpg.rf.6c81a1dace4e8ac9d00941d4ebbba76b.jpg,1,0,0,0,0,0,0,0,0
levle0_92_jpg.rf.f9d94147a5f1c12d6469d81162625145.jpg,1,0,0,0,0,0,0,0,0
levle0_426_png_jpg.rf.54909e83405ebb95936e3c09cd0f7a7b.jpg,1,0,0,0,0,0,0,0,0
levle0_19_jpg.rf.1a637a053d390af39e26787f4a102cdd.jpg,1,0,0,0,0,0,0,0,0
levle0_296_jpg.rf.33ffcabc1c6625d4c449821a95909bd5.jpg,1,0,0,0,0,0,0,0,0
levle0_223_png_jpg.rf.906bbdd59c8dbc0a4eda3f1bcef9e07e.jpg,1,0,0,0,0,0,0,0,0
levle0_97_jpg.rf.135e2857ddc453fdcd032bc2c4fb3eec.jpg,1,0,0,0,0,0,0,0,0
levle0_406_jpg.rf.41c817b874a630d40f9c56436957fec7.jpg,1,0,0,0,0,0,0,0,0
levle0_441_jpg.rf.11ca1a8a6f41c349616eb1defbf60635.jpg,1,0,1,0,0,0,0,0,0
levle0_290_jpg.rf.cbd982ac8d1cd2789ebd321706a0205b.jpg,1,0,0,0,0,0,0,0,0
levle0_378_jpg.rf.0fd9e70d43032481f5081442b8828d10.jpg,1,0,0,0,0,0,0,0,0
levle0_304_jpg.rf.1f2c289736ffd129b2c53ecca579b561.jpg,1,0,0,0,0,0,0,0,0
levle0_375_jpg.rf.5f03a9ee61047938f05a28dfef74380c.jpg,1,0,0,0,0,0,0,0,0
levle0_37_png_jpg.rf.02728d7176d63aaac900f4d532d7724b.jpg,1,0,0,0,0,0,0,0,0
levle0_255_png_jpg.rf.7d69515bff9b552c4b0590a9dd4086a3.jpg,1,0,0,0,0,0,0,0,0
levle0_185_png_jpg.rf.cde36f1e3e85173a99ac753cbaab7d60.jpg,1,0,0,0,0,0,0,0,0
levle0_385_png_jpg.rf.0669629cd5e08ae48971e5c2473c7452.jpg,1,0,0,0,0,0,0,0,0
levle0_453_jpg.rf.6f4013ba7e133d9c86ee60e381120ab4.jpg,1,0,0,0,0,0,0,0,0
levle0_252_png_jpg.rf.b7f5c7684342e7ec60202536a85178f7.jpg,1,0,0,0,0,0,0,0,0
levle0_400_jpg.rf.edb9fdbf07e9c3be8e5036d3542e939a.jpg,1,0,0,0,0,0,0,0,0
acne-269-_jpg.rf.df736c55d296fdd2054441e568eb24a4.jpg,1,0,0,0,0,0,0,0,0
levle0_271_jpg.rf.bd85e058334145c5e64b2f2c6958fd24.jpg,1,0,0,0,0,0,0,0,0
levle0_279_jpg.rf.bce51683189d345f7a73ef48b531330e.jpg,1,0,0,0,0,0,0,0,0
levle0_272_jpg.rf.0761798cdbf15c15b192c227307e8465.jpg,1,0,0,0,0,0,0,0,0
acne-309-_jpg.rf.02fb15021670ce431073ef74c38b268d.jpg,1,0,0,0,0,0,0,0,0
levle0_447_png_jpg.rf.c71699cd1ac2feb99eb8faa42170be25.jpg,1,0,0,0,0,0,0,0,0
acne-31-_jpg.rf.508daa145b1fec029ebb88f3a168aded.jpg,1,0,0,0,0,0,0,0,0
acne-31-_png_jpg.rf.3b6738e52deb4bea1209825a8d118e5a.jpg,1,0,0,0,0,0,0,0,0
acne-31-_jpeg_jpg.rf.52b5b605db81061722d1525fceb22597.jpg,1,0,0,0,0,0,0,0,0
acne-27-_jpeg_jpg.rf.f70e52fe14da057ec0dab88620eaeea2.jpg,1,0,0,0,0,0,0,0,0
acne-309-_jpeg_jpg.rf.f8cf240b07fbd48964784c3e4081fa87.jpg,1,0,0,0,0,0,0,0,0
acne-270-_jpeg_jpg.rf.fbdb000cad77eabb5dd6d45b7fadb49c.jpg,1,0,0,0,0,0,0,0,0
acne-274-_jpeg_jpg.rf.68b5a547dbe5a57bd0428bd709bd3b91.jpg,1,0,0,0,0,0,0,0,0
acne-270-_jpg.rf.2a158afe280247cbc17fc37afedad511.jpg,1,0,0,0,0,0,0,0,0
acne-272-_jpg.rf.f80c11bb41dc4f203a34ce69efb446b0.jpg,1,0,0,1,0,0,0,0,0
acne-312-_jpeg_jpg.rf.5c3fca7fc7b1c8d6defb1050f7fa95b4.jpg,1,0,0,0,0,0,0,0,0
acne-269-_jpeg_jpg.rf.97075c340445496fac1a9d3ef6148fb3.jpg,1,0,0,0,0,0,0,0,0
acne-310-_jpeg_jpg.rf.b7b915bc5452f1b868fe1d4e2ddec183.jpg,1,0,0,0,0,0,0,0,0
acne-273-_jpeg_jpg.rf.910dcaf18d232c5b7a8aae49c03e2dea.jpg,1,0,0,0,0,0,0,0,0
acne-280-_jpg.rf.21275dbe66bc26598e243d9fb25b3fbf.jpg,1,0,0,0,0,0,0,0,0
acne-281-_jpeg_jpg.rf.419f35e1c93155b1521f0016bb309f9c.jpg,1,0,0,0,0,0,0,0,0
levle0_274_png_jpg.rf.2b8870b72aa0b9e4e659a0956c2c18ac.jpg,1,0,0,0,0,0,0,0,0
acne-3-_png_jpg.rf.10e81555529064162d26f64c3df2aa47.jpg,1,0,0,0,0,0,0,0,0
levle0_454_jpg.rf.eeb1dc5d37e5ded5808762d7c5248f26.jpg,1,0,0,0,0,0,0,0,0
levle0_451_jpg.rf.050086ebc3429ec2c09defb8e38cc0da.jpg,1,0,0,0,0,0,0,0,0
levle0_304_jpg.rf.cec0b824f3b49b49b2e4135f73e66806.jpg,1,0,0,0,0,0,0,0,0
levle0_9_jpg.rf.e6c646e695d3d29e9ddbb7327eccce97.jpg,1,0,0,0,0,0,0,0,0
acne-273-_jpg.rf.ecc513f7aaa281fb2d3b62625ba0f017.jpg,1,0,0,0,0,0,0,0,0
acne-311-_jpeg_jpg.rf.ff0d9fd77345578be98c5d1513c5f512.jpg,1,0,0,0,0,0,0,0,0
acne-274-_jpg.rf.153a0affe5e978c004889e6960ae779e.jpg,1,0,0,0,0,0,0,0,0
acne-298-_jpg.rf.eefac056ba6f15e614468efcd9024325.jpg,1,0,0,0,0,0,0,0,0
levle0_488_jpg.rf.698ac169844ff265b5d975733537f5ac.jpg,1,0,0,0,0,0,0,0,0
levle0_280_jpg.rf.11f00b83d591954ea67354d8510a85aa.jpg,1,0,0,0,0,0,0,0,0
levle0_305_jpg.rf.079c66dc88c7bd33ad7528124d473fd9.jpg,1,0,0,0,0,0,0,0,0
levle0_319_jpg.rf.5a21527ea027c21cbcf84b45cb772d26.jpg,1,0,0,0,0,0,0,0,0
acne-283-_jpeg_jpg.rf.e9bc7009eaf09c454537d08afbad5edb.jpg,1,0,0,0,0,0,0,0,0
acne-276-_jpeg_jpg.rf.9dace042db27dc8ab25cdc817b187f87.jpg,1,0,0,0,0,0,0,0,0
levle0_444_png_jpg.rf.380acd8930cca97124915f099fd768f1.jpg,1,0,0,0,0,0,0,0,0
acne-302-_jpeg_jpg.rf.4b99cb02cd8fa83bc9a04fc61b3b8f2a.jpg,1,0,0,0,0,0,0,0,0
levle0_460_jpg.rf.69ae755b22c84ce7cdb3e22ffbed5564.jpg,1,0,1,0,0,0,0,0,0
acne-277-_jpeg_jpg.rf.3fc3906a21a418d64c6672be89809709.jpg,1,0,0,0,0,0,0,0,0
acne-28-_png_jpg.rf.21d724e4632cd3bcd00bdee0d915d763.jpg,1,0,0,0,0,0,0,0,0
acne-302-_jpg.rf.f46679c20f19d1ca357d588232dbcdb8.jpg,1,0,0,0,0,0,0,0,0
levle0_353_jpg.rf.1c404637682144c10d29f8f81f05d42f.jpg,1,0,1,0,0,0,0,0,0
levle0_334_jpg.rf.77cfb636fedfa8bdec3eb8c3b12f4e74.jpg,1,0,0,0,0,0,0,0,0
acne-30-_png_jpg.rf.eec2f4c0ed59a8efa1a0c7ac5af3266a.jpg,1,0,0,0,0,0,0,0,0
acne-3-_jpeg_jpg.rf.cfbb4e0c9b29f44ffca2a56004df3b43.jpg,1,0,0,0,0,0,0,0,0
acne-299-_jpeg_jpg.rf.8c24e3ec318f5ee9533f41e799576c0f.jpg,1,0,0,0,0,0,0,0,0
levle0_334_jpg.rf.86f62bce8bb101a64c47e1a2beb6ddaf.jpg,1,0,0,0,0,0,0,0,0
acne-301-_jpg.rf.4dcb52321c3d136d4f118b6a8618b2fc.jpg,1,0,0,0,0,0,0,0,0
levle0_35_jpg.rf.8b0c732fd1f8e35ca238598c319ce7ed.jpg,1,0,0,0,0,0,0,0,0
acne-312-_jpg.rf.7cd6bd3edf577bae179d7035059209a6.jpg,1,0,0,0,0,0,0,0,0
acne-277-_jpg.rf.645f66e587b5c88c6586f5d412a1a26c.jpg,1,0,0,0,0,0,0,0,0
levle0_494_jpg.rf.e2547500e125d91cb47f8c6169eb2731.jpg,1,0,0,0,0,0,0,0,0
levle0_353_png_jpg.rf.342d4fb980173a7dc349dc11531b1f7a.jpg,1,0,0,0,0,0,0,0,0
levle0_427_jpg.rf.bd9a9d6c5c585ba8c9fc6a7fb243039c.jpg,1,0,0,0,0,0,0,0,0
levle0_189_jpg.rf.89424a4444d585dd49b20a2c6b9e7a93.jpg,1,0,0,0,0,0,0,0,0
levle0_492_jpg.rf.cd3a43790cd5326c53015f96ab68b8f7.jpg,1,0,0,0,0,0,0,0,0
levle0_489_jpg.rf.88f60b8aec85fab1fb604a2664e67473.jpg,1,0,0,0,0,0,0,0,0
levle0_489_jpg.rf.dca7a413d67fc21dd0cb390a47b1ecb5.jpg,1,0,0,0,0,0,0,0,0
levle0_315_jpg.rf.7b98fc4ef06ec13af2a07aa9d9ea6c19.jpg,1,0,0,0,0,0,0,0,0
acne-285-_jpg.rf.18013c4efdcb98e0b827a6a93f08ff79.jpg,1,0,0,0,0,0,0,0,0
levle0_312_jpg.rf.e18b1d9f732bcb245b0c319746ae5518.jpg,1,0,0,0,0,0,0,0,0
acne-300-_jpeg_jpg.rf.5d240224cbedfda5b9ac69d9ea5023b7.jpg,1,0,0,0,0,0,0,0,0
acne-284-_jpg.rf.fe385815c6c6796f766c6c3a9f3e673b.jpg,1,0,0,0,0,0,0,0,0
acne-305-_jpeg_jpg.rf.d0b20dd14813cf0d6d8ee4d332983ec4.jpg,1,0,0,0,0,0,0,0,0
acne-259-_jpeg_jpg.rf.3c01bacdcfd317cf131ceece96f17a16.jpg,1,0,0,0,0,0,0,0,0
acne-304-_jpeg_jpg.rf.0c105324d1e55f2d2df81d4f40fa3210.jpg,1,0,0,0,0,0,0,0,0
acne-275-_jpeg_jpg.rf.0b25df29c1aa1cc045a34f8b30d6a3d2.jpg,1,0,0,0,0,0,0,0,0
levle0_372_jpg.rf.a96f0f1dc0f56a726d5f3aa2832701b6.jpg,1,0,0,0,0,0,0,0,0
acne-306-_jpg.rf.32b6274c69d3fc19889e5908dfbd217f.jpg,1,0,0,0,0,0,0,0,0
kering__-94-_jpg.rf.db5ec50d76818ea1706206d0dde74209.jpg,0,0,0,1,0,0,0,0,0
kering__-97-_jpg.rf.faf23cb3d064da4088c009583a6d3b1b.jpg,0,0,0,1,0,0,0,0,0
acne-281-_jpg.rf.dbe0610238fd06ad947efd9ee94b56c8.jpg,1,0,0,0,0,0,0,0,0
levle0_49_jpg.rf.3e7ca9a1f23bdd2ed1247ffa39594217.jpg,1,0,0,0,0,0,0,0,0
acne-26-_jpeg_jpg.rf.717eade67bdfb68adc1230fe98375fa7.jpg,1,0,0,0,0,0,0,0,0
levle0_503_jpg.rf.aaee5f825ae2e532697d6000993d8d3b.jpg,1,0,0,0,0,0,0,0,0
acne-305-_jpg.rf.5889849a9e3b3ee3dff68cc6f413fb18.jpg,1,0,0,0,0,0,0,0,0
acne-304-_jpg.rf.86b4e944248a4d6a67e05661ba5ed55f.jpg,1,0,0,0,0,0,0,0,0
levle0_523_jpg.rf.ee2b7f1dfe7e3544bcc6acde50d34fb3.jpg,1,0,0,0,0,0,0,0,0
acne-307-_jpeg_jpg.rf.4903740409f58903d56656cdbfcb465d.jpg,1,0,0,0,0,0,0,0,0
levle0_371_jpg.rf.c3e15c087014f6438719e9b439736ea4.jpg,1,0,0,0,0,0,0,0,0
levle0_362_jpg.rf.116be801a1d95f052d9038dfc10607f5.jpg,1,0,0,0,0,0,0,0,0
levle0_102_jpg.rf.678c81aa76e9831bb68913eb5cdb1e9e.jpg,1,0,0,0,0,0,0,0,0
acne-286-_jpg.rf.80fada66968d91baa886373eb4384687.jpg,1,0,0,0,0,0,0,0,0
acne-262-_jpg.rf.5c15f8bd437755c3315429916ca88771.jpg,1,0,0,0,0,0,0,0,0
levle0_504_jpg.rf.07dde526012341927e68a579a3f460fb.jpg,1,0,0,0,0,0,0,0,0
levle0_521_jpg.rf.d8cce72a972df85ed64ddf0ae8152014.jpg,1,0,0,0,0,0,0,0,0
levle0_526_jpg.rf.e8d0724c84d9415ca79b2eae01c88579.jpg,1,0,0,0,0,0,0,0,0
levle0_515_jpg.rf.b92bca8869ba03275f9507d912667c69.jpg,1,0,0,0,0,0,0,0,0
acne-308-_jpg.rf.cc9a48f856bdca771f286efc8af51fd4.jpg,1,0,0,0,0,0,0,0,0
kering__-93-_jpg.rf.afc356d84ac374fb77cd5b117b73352b.jpg,0,0,0,1,0,0,0,0,0
acne-276-_jpg.rf.5bf571bed85141da1094a7f42af3c379.jpg,1,0,0,0,0,0,0,0,0
acne-307-_jpg.rf.a228c8b5719ee7c67f3f900eb1c274e1.jpg,1,0,0,0,0,0,0,0,0
acne-286-_jpeg_jpg.rf.de5cc4c6b8e2f144d105adb1db9aee46.jpg,1,0,0,0,0,0,0,0,0
levle0_510_jpg.rf.5a805a4b33ebeb8c35f403a7b609b0b2.jpg,1,0,0,0,0,0,0,0,0
levle0_51_jpg.rf.4fd076d87fc02e113b7dfa4fefea4b00.jpg,1,0,0,0,0,0,0,0,0
levle0_527_jpg.rf.367927d259611a6ae9f5d0eb533edff7.jpg,1,0,0,0,0,0,0,0,0
levle0_512_jpg.rf.82e193e54559d6e594b7a2770c38cf50.jpg,1,0,0,0,0,0,0,0,0
levle0_115_png_jpg.rf.d2ef9c28010d6242f923b2c9f795149e.jpg,1,0,0,0,0,0,0,0,0
levle0_520_png_jpg.rf.c88987610838cc3f7cf4b354caf5c682.jpg,1,0,0,0,0,0,0,0,0
acne-303-_jpg.rf.486b1892612f83d16e822ce0962e737e.jpg,1,0,0,0,0,0,0,0,0
levle0_522_jpg.rf.51b7858bbf77979367a14e74d8413e67.jpg,1,0,0,0,0,0,0,0,0
levle0_511_png_jpg.rf.efb88b82aaaf80e3e0f407b3a7a772d0.jpg,1,0,0,0,0,0,0,0,0
acne-260-_jpg.rf.5165b1faf627c5f08c7c1b855d4b6eb4.jpg,1,0,0,0,0,0,0,0,0
acne-262-_jpeg_jpg.rf.4b16805c8451e7f8cb44298920fb1bf0.jpg,1,0,0,0,0,0,0,0,0
acne-260-_jpeg_jpg.rf.edfaf326f2e20495395f78a49f113127.jpg,1,0,0,0,0,0,0,0,0
levle0_143_png_jpg.rf.c1fbe7e02bc9921c01d15c07b2a58a25.jpg,1,0,0,0,0,0,0,0,0
acne-265-_jpg.rf.4acee72b1843a5fcd340647102351a59.jpg,1,0,0,0,0,0,0,0,0
acne-263-_jpeg_jpg.rf.e45de04e3dd8d4abd8d71b1b47c45c05.jpg,1,0,0,0,0,0,0,0,0
levle0_128_jpg.rf.2b0ff84f8a32181a39d5e61a56c8dab4.jpg,1,0,0,0,0,0,0,0,0
levle0_105_png_jpg.rf.9ac83db9c8c6da8a211f7f1faa87a098.jpg,1,0,1,0,0,0,0,0,0
levle0_124_png_jpg.rf.e7a668de9499968b048b6b6ac71b0606.jpg,1,0,0,0,0,0,0,0,0
levle0_52_jpg.rf.5ad046dd05eb45967cf71f58a448b1dd.jpg,1,0,0,0,0,0,0,0,0
acne-266-_jpg.rf.cfc34d41f43d23b08c216df139da68bb.jpg,1,0,0,0,0,0,0,0,0
levle0_122_png_jpg.rf.e9e50937113fca3407076499d32e0f6e.jpg,1,0,0,0,0,0,0,0,0
levle0_127_jpg.rf.350a811dfe66d69b5f7fccfa4e3f9727.jpg,1,0,0,0,0,0,0,0,0
levle0_118_jpg.rf.f67f94b26b973ebf57f7b98ea29d14c1.jpg,1,0,0,0,0,0,0,0,0